{"type":"FeatureCollection","returnPeriod":"100yr","areasKm2":{"low":2.58,"medium":4.01,"high":4.56},"license":"ODC-ODbL","attribution":"UP NOAH Center; boundary © OpenStreetMap contributors","provenance":{"source_name":"UP NOAH Center flood hazard maps (via the BetterGov open-data mirror)","retrieved_at":"2026-09-25","verified":true,"verification_note":"UP NOAH flood hazard map for Bataan, clipped to Limay's OpenStreetMap boundary, simplified to about 10 m, parts under 200 m2 dropped. Licensed ODC-ODbL.","source_url":"https://huggingface.co/datasets/bettergovph/project-noah-hazard-maps"},"features":[{"type":"Feature","properties":{"level":"low","var":1},"geometry":{"type":"MultiPolygon","coordinates":[[[[120.47772,14.54956],[120.47837,14.55002],[120.47892,14.55075],[120.4791,14.55075],[120.47911,14.55048],[120.47874,14.55029],[120.47856,14.54984],[120.47775,14.54938],[120.47772,14.54956]]],[[[120.47712,14.55344],[120.47731,14.55353],[120.47731,14.55344],[120.47712,14.55344]]],[[[120.47759,14.55353],[120.47731,14.55362],[120.47759,14.55362],[120.47759,14.55353]]],[[[120.47703,14.5538],[120.47684,14.55371],[120.47684,14.5538],[120.47703,14.5538]]],[[[120.47703,14.5538],[120.47721,14.55389],[120.47721,14.5538],[120.47703,14.5538]]],[[[120.47749,14.55398],[120.4774,14.55389],[120.47721,14.55389],[120.4773,14.55407],[120.47749,14.55398]]],[[[120.47745,14.55715],[120.47737,14.55633],[120.47736,14.55715],[120.47745,14.55715]]],[[[120.47745,14.55769],[120.47754,14.55787],[120.47754,14.55769],[120.47745,14.55769]]],[[[120.47809,14.55802],[120.47837,14.55797],[120.47809,14.55797],[120.47809,14.55802]]],[[[120.4808,14.53975],[120.4809,14.53957],[120.4809,14.53945],[120.4808,14.53975]]],[[[120.4801,14.54471],[120.48028,14.54462],[120.4801,14.54462],[120.4801,14.54471]]],[[[120.48157,14.54572],[120.48064,14.5458],[120.48054,14.54625],[120.48268,14.54564],[120.48278,14.54537],[120.48157,14.54572]]],[[[120.48008,14.54606],[120.48018,14.54588],[120.48008,14.54588],[120.48008,14.54606]]],[[[120.47941,14.5484],[120.4795,14.54859],[120.4795,14.54841],[120.47941,14.5484]]],[[[120.48172,14.54924],[120.4819,14.54933],[120.4819,14.54924],[120.48172,14.54924]]],[[[120.48051,14.54932],[120.48162,14.54942],[120.48162,14.54933],[120.48051,14.54932]]],[[[120.48004,14.5495],[120.47986,14.54931],[120.48042,14.54923],[120.47977,14.54913],[120.47976,14.54958],[120.48153,14.54969],[120.48004,14.5495]]],[[[120.48153,14.54951],[120.4818,14.5496],[120.48181,14.54951],[120.48153,14.54951]]],[[[120.48104,14.5514],[120.48345,14.55152],[120.48345,14.55143],[120.4816,14.55123],[120.48058,14.55149],[120.47984,14.55148],[120.47928,14.5512],[120.47909,14.55156],[120.4802,14.55185],[120.48095,14.55167],[120.48104,14.5514]],[[120.48002,14.55157],[120.47993,14.55166],[120.47993,14.55157],[120.48002,14.55157]]],[[[120.47916,14.55409],[120.48009,14.55383],[120.48009,14.55365],[120.48064,14.55375],[120.48111,14.55366],[120.48092,14.55357],[120.48093,14.55339],[120.48028,14.55347],[120.47962,14.55374],[120.47879,14.55373],[120.47842,14.5539],[120.47841,14.55408],[120.47916,14.55409]]],[[[120.47933,14.55536],[120.48016,14.55537],[120.48044,14.55519],[120.47933,14.55509],[120.47859,14.55517],[120.47812,14.55544],[120.47794,14.55516],[120.47793,14.55562],[120.47933,14.55536]]],[[[120.47922,14.55662],[120.47801,14.55679],[120.47801,14.55706],[120.47931,14.5568],[120.48061,14.55682],[120.47922,14.55662]]],[[[120.48098,14.55691],[120.48061,14.55682],[120.48061,14.55691],[120.48098,14.55691]]],[[[120.48249,14.53867],[120.48099,14.53957],[120.48089,14.53993],[120.48108,14.53993],[120.48108,14.53975],[120.48127,14.53984],[120.48164,14.53967],[120.48173,14.5394],[120.48249,14.53867]]],[[[120.48246,14.54076],[120.48284,14.54031],[120.48237,14.54058],[120.4819,14.54129],[120.48236,14.54112],[120.48246,14.54076]]],[[[120.48209,14.54934],[120.48227,14.54943],[120.48246,14.54934],[120.48255,14.54898],[120.48302,14.5488],[120.4845,14.54882],[120.48441,14.54855],[120.48469,14.54837],[120.48498,14.54783],[120.48554,14.54766],[120.48554,14.54739],[120.48498,14.54765],[120.48414,14.54855],[120.48293,14.54844],[120.48256,14.54862],[120.48274,14.5488],[120.48256,14.5488],[120.48246,14.54907],[120.48209,14.54934]],[[120.48349,14.54854],[120.4833,14.54863],[120.4833,14.54854],[120.48349,14.54854]],[[120.48386,14.54863],[120.48413,14.54873],[120.48386,14.54872],[120.48386,14.54863]]],[[[120.4819,14.54942],[120.48208,14.54952],[120.48208,14.54943],[120.4819,14.54942]]],[[[120.48357,14.55766],[120.48348,14.55748],[120.48348,14.55766],[120.48357,14.55766]]],[[[120.48366,14.55766],[120.48357,14.55793],[120.48366,14.55794],[120.48366,14.55766]]],[[[120.48393,14.55821],[120.48375,14.55803],[120.48375,14.55821],[120.48393,14.55821]]],[[[120.48393,14.55821],[120.48402,14.55839],[120.48421,14.55839],[120.48412,14.55821],[120.48393,14.55821]]],[[[120.48715,14.53647],[120.48733,14.53638],[120.48692,14.53647],[120.48715,14.53647]]],[[[120.48282,14.54194],[120.48514,14.54187],[120.48523,14.54205],[120.48541,14.54205],[120.48523,14.54178],[120.48579,14.54125],[120.48663,14.54098],[120.4871,14.54045],[120.48692,14.54044],[120.48654,14.5408],[120.48561,14.54106],[120.48496,14.54151],[120.48347,14.54149],[120.48208,14.54175],[120.48226,14.54238],[120.48282,14.54194]],[[120.48477,14.54169],[120.48254,14.54193],[120.48291,14.54167],[120.48477,14.54169]]],[[[120.48659,14.55291],[120.48737,14.54975],[120.48793,14.54931],[120.48793,14.54913],[120.48737,14.54957],[120.487,14.54948],[120.48708,14.55065],[120.48689,14.55065],[120.4868,14.55083],[120.48688,14.55147],[120.4867,14.55119],[120.4867,14.55164],[120.48632,14.55227],[120.48621,14.55354],[120.48639,14.55381],[120.48649,14.55318],[120.48666,14.55454],[120.48677,14.55345],[120.48659,14.55327],[120.48659,14.55291]],[[120.48689,14.55083],[120.48698,14.55092],[120.48689,14.55092],[120.48689,14.55083]],[[120.4867,14.55164],[120.48679,14.55174],[120.4867,14.55173],[120.4867,14.55164]],[[120.48718,14.55029],[120.48708,14.55038],[120.48708,14.55029],[120.48718,14.55029]],[[120.48641,14.55245],[120.4865,14.55291],[120.4864,14.55291],[120.48641,14.55245]]],[[[120.48639,14.55381],[120.48648,14.55426],[120.48649,14.55381],[120.48639,14.55381]]],[[[120.48648,14.55462],[120.48655,14.55607],[120.48657,14.55462],[120.48648,14.55462]]],[[[120.48478,14.55704],[120.48461,14.55551],[120.48452,14.55551],[120.48451,14.55677],[120.48469,14.55722],[120.48505,14.55759],[120.48515,14.55732],[120.48496,14.55723],[120.48497,14.55705],[120.48478,14.55704]]],[[[120.4869,14.55797],[120.48693,14.55607],[120.48676,14.55472],[120.48672,14.55752],[120.48654,14.55761],[120.48655,14.5567],[120.48637,14.55625],[120.48635,14.55733],[120.48607,14.55778],[120.48607,14.55814],[120.48634,14.5586],[120.48633,14.55923],[120.48652,14.55869],[120.48756,14.55762],[120.48737,14.55752],[120.48709,14.55797],[120.4869,14.55797]],[[120.48634,14.55842],[120.48635,14.55805],[120.48643,14.55842],[120.48634,14.55842]]],[[[120.48727,14.55825],[120.48737,14.55807],[120.48727,14.55806],[120.48727,14.55825]]],[[[120.48477,14.55777],[120.48485,14.55876],[120.48504,14.55885],[120.48496,14.55786],[120.48477,14.55777]]],[[[120.48708,14.55851],[120.48718,14.55833],[120.48709,14.55833],[120.48708,14.55851]]],[[[120.48708,14.55879],[120.48699,14.55851],[120.48699,14.55878],[120.48708,14.55879]]],[[[120.48448,14.55894],[120.48458,14.55876],[120.48448,14.55876],[120.48448,14.55894]]],[[[120.48689,14.55896],[120.48699,14.55878],[120.48689,14.55878],[120.48689,14.55896]]],[[[120.4868,14.55914],[120.48689,14.55896],[120.4868,14.55896],[120.4868,14.55914]]],[[[120.48457,14.55903],[120.48466,14.55939],[120.48467,14.55903],[120.48457,14.55903]]],[[[120.48633,14.5595],[120.48624,14.55932],[120.48624,14.5595],[120.48633,14.5595]]],[[[120.48614,14.55986],[120.48624,14.55968],[120.48614,14.55968],[120.48614,14.55986]]],[[[120.48604,14.56013],[120.48614,14.55995],[120.48605,14.55995],[120.48604,14.56013]]],[[[120.48761,14.5363],[120.4878,14.53621],[120.48761,14.53621],[120.48761,14.5363]]],[[[120.4891,14.53631],[120.48808,14.53639],[120.4891,14.5364],[120.4891,14.53631]]],[[[120.4878,14.53648],[120.48798,14.53657],[120.48798,14.53648],[120.4878,14.53648]]],[[[120.48817,14.53657],[120.48863,14.53694],[120.48863,14.53667],[120.48937,14.53659],[120.48817,14.53657]]],[[[120.4902,14.53696],[120.49057,14.53732],[120.49085,14.53733],[120.49085,14.53687],[120.49021,14.5366],[120.49012,14.53632],[120.48937,14.53641],[120.48974,14.5365],[120.48983,14.53668],[120.48937,14.53677],[120.4902,14.53696]]],[[[120.48862,14.53712],[120.48881,14.53703],[120.48863,14.53694],[120.48862,14.53712]]],[[[120.48918,14.53749],[120.48881,14.53721],[120.48881,14.53739],[120.48917,14.53767],[120.48918,14.53749]]],[[[120.48962,14.55547],[120.4901,14.55448],[120.4901,14.55376],[120.48944,14.55547],[120.48943,14.55601],[120.48962,14.55592],[120.48962,14.55547]]],[[[120.4884,14.55717],[120.48737,14.55789],[120.48737,14.55807],[120.48784,14.55762],[120.48961,14.55664],[120.48933,14.55655],[120.48877,14.55673],[120.48897,14.55601],[120.48888,14.55546],[120.48907,14.5551],[120.48908,14.55429],[120.4889,14.55375],[120.4891,14.55248],[120.48892,14.55221],[120.48891,14.55284],[120.48872,14.55329],[120.48879,14.55501],[120.4884,14.55672],[120.48803,14.55708],[120.4884,14.55717]]],[[[120.48775,14.55726],[120.48793,14.55735],[120.48793,14.55726],[120.48775,14.55726]]],[[[120.49321,14.53347],[120.49339,14.53356],[120.49339,14.53347],[120.49321,14.53347]]],[[[120.49311,14.53365],[120.49293,14.53355],[120.49293,14.53364],[120.49311,14.53365]]],[[[120.49274,14.53373],[120.49257,14.53364],[120.49256,14.53373],[120.49274,14.53373]]],[[[120.49077,14.54392],[120.49094,14.54537],[120.49105,14.54419],[120.49077,14.54392]]],[[[120.49104,14.54501],[120.49114,14.54465],[120.49104,14.54464],[120.49104,14.54501]]],[[[120.49121,14.54636],[120.49112,14.54609],[120.49112,14.54636],[120.49121,14.54636]]],[[[120.49009,14.54662],[120.49056,14.54654],[120.49009,14.54644],[120.49009,14.54662]]],[[[120.49065,14.54681],[120.49093,14.54672],[120.49102,14.5469],[120.4913,14.54691],[120.49121,14.54663],[120.49065,14.54663],[120.49065,14.54681]]],[[[120.49257,14.54918],[120.49266,14.54936],[120.49266,14.54918],[120.49257,14.54918]]],[[[120.49259,14.5555],[120.49249,14.55613],[120.49276,14.55686],[120.49286,14.55632],[120.49259,14.5555]]],[[[120.49285,14.55677],[120.49276,14.55704],[120.49285,14.55722],[120.49303,14.55722],[120.49285,14.55677]]],[[[120.49191,14.5583],[120.49182,14.55811],[120.49154,14.55847],[120.49126,14.55856],[120.49134,14.55919],[120.49144,14.55865],[120.49191,14.5583]]],[[[120.49274,14.55858],[120.49274,14.55903],[120.49301,14.55939],[120.49319,14.55939],[120.49274,14.55858]]],[[[120.49116,14.5591],[120.49134,14.55937],[120.49134,14.55919],[120.49116,14.5591]]],[[[120.49096,14.55982],[120.49106,14.55964],[120.49087,14.55955],[120.49087,14.55973],[120.49096,14.55982]]],[[[120.49096,14.56009],[120.49087,14.55991],[120.49087,14.56009],[120.49096,14.56009]]],[[[120.49077,14.56027],[120.49087,14.56009],[120.49078,14.56009],[120.49077,14.56027]]],[[[120.49179,14.56028],[120.4917,14.56046],[120.49179,14.56046],[120.49179,14.56028]]],[[[120.49077,14.56054],[120.49068,14.56027],[120.49068,14.56054],[120.49077,14.56054]]],[[[120.49049,14.56054],[120.49059,14.56036],[120.49049,14.56036],[120.49049,14.56054]]],[[[120.4917,14.56046],[120.4916,14.56073],[120.4917,14.56073],[120.4917,14.56046]]],[[[120.4903,14.56108],[120.4904,14.5609],[120.4903,14.5609],[120.4903,14.56108]]],[[[120.49049,14.56108],[120.49058,14.5609],[120.49049,14.5609],[120.49049,14.56108]]],[[[120.49085,14.56141],[120.49122,14.56136],[120.4916,14.561],[120.4916,14.56073],[120.49085,14.56141]]],[[[120.49405,14.53293],[120.49452,14.53267],[120.4934,14.53321],[120.4933,14.53338],[120.49367,14.53338],[120.49405,14.53293]]],[[[120.48856,14.54254],[120.5034,14.54252],[120.50322,14.54252],[120.50294,14.54215],[120.50276,14.54215],[120.50211,14.5416],[120.49934,14.54058],[120.4948,14.54053],[120.4948,14.54035],[120.4937,14.53925],[120.49333,14.53925],[120.49267,14.53978],[120.49249,14.53978],[120.49192,14.5405],[120.49016,14.54048],[120.48923,14.54065],[120.48885,14.54209],[120.48856,14.54254]]],[[[120.49364,14.5444],[120.49374,14.54422],[120.49364,14.54422],[120.49364,14.5444]]],[[[120.49383,14.5444],[120.49373,14.54467],[120.49382,14.54467],[120.49383,14.5444]]],[[[120.494,14.54522],[120.49391,14.54504],[120.49391,14.54522],[120.494,14.54522]]],[[[120.49483,14.54613],[120.49492,14.54631],[120.49492,14.54613],[120.49483,14.54613]]],[[[120.49501,14.5464],[120.4951,14.54659],[120.4951,14.5464],[120.49501,14.5464]]],[[[120.49473,14.54685],[120.49482,14.54658],[120.49473,14.54658],[120.49473,14.54685]]],[[[120.49491,14.54685],[120.49482,14.54712],[120.49491,14.54713],[120.49491,14.54685]]],[[[120.49335,14.55361],[120.49362,14.55425],[120.49372,14.5538],[120.49335,14.55361]]],[[[120.49381,14.55425],[120.49372,14.55407],[120.49372,14.55425],[120.49381,14.55425]]],[[[120.49417,14.55498],[120.49407,14.55552],[120.49417,14.55552],[120.49417,14.55498]]],[[[120.49499,14.55661],[120.49508,14.55679],[120.49508,14.55661],[120.49499,14.55661]]],[[[120.49403,14.55931],[120.49468,14.5595],[120.49514,14.5595],[120.49459,14.55923],[120.49403,14.55931]]],[[[120.49533,14.5596],[120.49579,14.55969],[120.49579,14.55951],[120.49542,14.55933],[120.49533,14.5596]]],[[[120.49382,14.56157],[120.49409,14.56211],[120.49437,14.56212],[120.494,14.56175],[120.494,14.56157],[120.49382,14.56157]]],[[[120.49474,14.56244],[120.49455,14.56221],[120.49437,14.5623],[120.49474,14.56244]]],[[[120.49724,14.53794],[120.49742,14.53803],[120.49742,14.53794],[120.49724,14.53794]]],[[[120.49844,14.53849],[120.49825,14.5384],[120.49825,14.53849],[120.49844,14.53849]]],[[[120.49844,14.53849],[120.49862,14.53858],[120.49862,14.53849],[120.49844,14.53849]]],[[[120.49862,14.53858],[120.49881,14.53867],[120.49881,14.53858],[120.49862,14.53858]]],[[[120.49797,14.53867],[120.49853,14.53894],[120.49862,14.53921],[120.4988,14.53913],[120.49834,14.53867],[120.49797,14.53867]]],[[[120.49861,14.5394],[120.4988,14.53931],[120.49862,14.53931],[120.49861,14.5394]]],[[[120.49836,14.54581],[120.49817,14.54599],[120.49835,14.54608],[120.49836,14.54581]]],[[[120.49808,14.54608],[120.49826,14.54617],[120.49826,14.54608],[120.49808,14.54608]]],[[[120.49769,14.54697],[120.49723,14.54697],[120.49713,14.54733],[120.49732,14.54724],[120.4975,14.54742],[120.49751,14.54715],[120.49769,14.54697]]],[[[120.49704,14.54751],[120.49713,14.54733],[120.49704,14.54733],[120.49704,14.54751]]],[[[120.49732,14.5476],[120.49741,14.54742],[120.49732,14.54742],[120.49732,14.5476]]],[[[120.49776,14.54905],[120.49758,14.54896],[120.49767,14.54941],[120.49776,14.54941],[120.49776,14.54905]]],[[[120.49812,14.55059],[120.49821,14.55041],[120.49812,14.55041],[120.49812,14.55059]]],[[[120.49821,14.55032],[120.49839,14.55069],[120.4984,14.55032],[120.49821,14.55032]]],[[[120.49763,14.56089],[120.49754,14.56061],[120.49754,14.56089],[120.49763,14.56089]]],[[[120.49726,14.56115],[120.49735,14.56097],[120.49726,14.56097],[120.49726,14.56115]]],[[[120.49661,14.56097],[120.49661,14.56115],[120.49697,14.56151],[120.49725,14.56151],[120.49661,14.56097]]],[[[120.49696,14.56232],[120.4977,14.56251],[120.49771,14.56233],[120.49696,14.56232]]],[[[120.50095,14.53761],[120.50104,14.5378],[120.50105,14.53761],[120.50095,14.53761]]],[[[120.50058,14.53779],[120.50067,14.53797],[120.50067,14.53779],[120.50058,14.53779]]],[[[120.50131,14.53843],[120.50168,14.53889],[120.50178,14.53862],[120.50159,14.5387],[120.50141,14.53852],[120.50141,14.53834],[120.50122,14.53825],[120.50132,14.53798],[120.50114,14.5378],[120.50095,14.53816],[120.50067,14.53797],[120.50075,14.53906],[120.50056,14.53942],[120.50103,14.53915],[120.50104,14.53843],[120.50131,14.53843]],[[120.50122,14.53816],[120.50113,14.53807],[120.50123,14.53807],[120.50122,14.53816]]],[[[120.49908,14.53877],[120.49899,14.53868],[120.49881,14.53867],[120.4989,14.53886],[120.49908,14.53877]]],[[[120.49908,14.53886],[120.49954,14.53913],[120.49982,14.53914],[120.49973,14.53896],[120.49908,14.53886]]],[[[120.50177,14.53898],[120.50186,14.53916],[120.50196,14.53916],[120.50196,14.53898],[120.50177,14.53898]]],[[[120.50001,14.53923],[120.49982,14.53914],[120.49982,14.53923],[120.50001,14.53923]]],[[[120.5001,14.53923],[120.50038,14.53932],[120.50038,14.53923],[120.5001,14.53923]]],[[[120.5015,14.54692],[120.50159,14.54711],[120.50187,14.5472],[120.50187,14.54702],[120.5015,14.54692]]],[[[120.50097,14.55279],[120.50106,14.55261],[120.50097,14.55261],[120.50097,14.55279]]],[[[120.50124,14.55297],[120.50096,14.55306],[120.50115,14.55324],[120.50124,14.55297]]],[[[120.50169,14.55442],[120.50178,14.55461],[120.50178,14.55443],[120.50169,14.55442]]],[[[120.49894,14.55954],[120.49886,14.55891],[120.49885,14.55954],[120.49894,14.55954]]],[[[120.50066,14.56345],[120.50075,14.56363],[120.50075,14.56345],[120.50066,14.56345]]],[[[120.50038,14.56363],[120.50057,14.56372],[120.50057,14.56363],[120.50038,14.56363]]],[[[120.50274,14.54378],[120.50292,14.54441],[120.5031,14.5445],[120.5032,14.54432],[120.50292,14.54378],[120.50274,14.54378]]],[[[120.50226,14.54504],[120.50263,14.54495],[120.50263,14.54513],[120.50282,14.54513],[120.50282,14.54495],[120.503,14.54486],[120.50217,14.54485],[120.50226,14.54504]]],[[[120.50319,14.54514],[120.50337,14.54505],[120.50319,14.54505],[120.50319,14.54514]]],[[[120.50335,14.54685],[120.50354,14.54704],[120.50363,14.54686],[120.50335,14.54685]]],[[[120.50316,14.54712],[120.50326,14.54694],[120.50307,14.54694],[120.50316,14.54712]]],[[[120.50315,14.54848],[120.50269,14.5482],[120.5025,14.5482],[120.50278,14.54856],[120.50315,14.54866],[120.50315,14.54848]]],[[[120.50273,14.55236],[120.50273,14.55263],[120.50292,14.55263],[120.50292,14.55236],[120.50273,14.55236]]],[[[120.50375,14.55264],[120.50366,14.55291],[120.50375,14.55291],[120.50375,14.55264]]],[[[120.50282,14.55317],[120.503,14.55317],[120.50292,14.55272],[120.50282,14.55272],[120.50282,14.55317]]],[[[120.50374,14.55363],[120.50383,14.55382],[120.50383,14.55363],[120.50374,14.55363]]],[[[120.503,14.55345],[120.50299,14.55426],[120.50308,14.55426],[120.50318,14.5539],[120.503,14.55345]]],[[[120.50382,14.55454],[120.50392,14.55418],[120.50383,14.55418],[120.50382,14.55454]]],[[[120.50401,14.55445],[120.5041,14.55463],[120.5041,14.55445],[120.50401,14.55445]]],[[[120.504,14.55544],[120.50409,14.55526],[120.504,14.55526],[120.504,14.55544]]],[[[120.50287,14.55706],[120.50296,14.55688],[120.50287,14.55688],[120.50287,14.55706]]],[[[120.50376,14.5605],[120.50422,14.56069],[120.50431,14.56051],[120.50376,14.5605]]],[[[120.50217,14.56157],[120.50226,14.56166],[120.50244,14.56166],[120.50235,14.56148],[120.50217,14.56157]]],[[[120.50374,14.56204],[120.50393,14.56195],[120.50374,14.56185],[120.50374,14.56204]]],[[[120.50308,14.56248],[120.50309,14.56221],[120.50263,14.56184],[120.50263,14.56166],[120.50244,14.56166],[120.50244,14.56184],[120.50308,14.56248]]],[[[120.50411,14.56213],[120.50392,14.56213],[120.50438,14.5624],[120.50411,14.56213]]],[[[120.50307,14.56393],[120.50316,14.56384],[120.50307,14.56338],[120.50307,14.56393]]],[[[120.50334,14.56429],[120.50334,14.56411],[120.50316,14.5642],[120.50316,14.56429],[120.50334,14.56429]]],[[[120.50754,14.54536],[120.50764,14.54527],[120.50736,14.545],[120.50754,14.54536]]],[[[120.50782,14.54555],[120.50791,14.54537],[120.50773,14.54536],[120.50782,14.54555]]],[[[120.50791,14.54555],[120.50819,14.546],[120.50874,14.54592],[120.50828,14.54582],[120.50791,14.54555]]],[[[120.5064,14.54797],[120.5065,14.5477],[120.50631,14.5477],[120.5064,14.54797]]],[[[120.50676,14.54888],[120.50667,14.54861],[120.50667,14.54888],[120.50676,14.54888]]],[[[120.50873,14.55495],[120.50855,14.55486],[120.50855,14.55504],[120.50873,14.55513],[120.50873,14.55495]]],[[[120.50891,14.55622],[120.50882,14.55595],[120.50881,14.55622],[120.50891,14.55622]]],[[[120.50909,14.55667],[120.509,14.5564],[120.50899,14.55667],[120.50909,14.55667]]],[[[120.50806,14.55675],[120.50816,14.55693],[120.50816,14.55675],[120.50806,14.55675]]],[[[120.50815,14.55711],[120.50834,14.55703],[120.50815,14.55702],[120.50815,14.55711]]],[[[120.50852,14.5573],[120.50825,14.55721],[120.50879,14.55802],[120.50889,14.55748],[120.5087,14.55766],[120.50852,14.5573]]],[[[120.5067,14.56225],[120.50707,14.56252],[120.50735,14.56253],[120.5068,14.56207],[120.50569,14.56197],[120.50596,14.56233],[120.5067,14.56225]]],[[[120.508,14.56289],[120.50809,14.56271],[120.508,14.56271],[120.508,14.56289]]],[[[120.5091,14.56408],[120.50845,14.56353],[120.50836,14.5638],[120.50872,14.56408],[120.50872,14.56426],[120.5091,14.56408]]],[[[120.50779,14.56434],[120.50752,14.56424],[120.50752,14.56433],[120.50779,14.56434]]],[[[120.50854,14.56435],[120.50798,14.56425],[120.50798,14.56434],[120.50854,14.56435]]],[[[120.50705,14.56424],[120.50696,14.56442],[120.50714,14.56442],[120.50705,14.56424]]],[[[120.50863,14.56444],[120.50881,14.56453],[120.50881,14.56444],[120.50863,14.56444]]],[[[120.50677,14.5646],[120.50687,14.56442],[120.50677,14.56442],[120.50677,14.5646]]],[[[120.51058,14.52308],[120.51048,14.52326],[120.51057,14.52326],[120.51058,14.52308]]],[[[120.5102,14.52326],[120.50918,14.52388],[120.50861,14.52442],[120.50861,14.5246],[120.50908,14.52415],[120.5102,14.52362],[120.51001,14.52416],[120.5101,14.52443],[120.51048,14.52362],[120.51048,14.52326],[120.5103,14.52326],[120.5102,14.52308],[120.5102,14.52326]]],[[[120.51108,14.52742],[120.51192,14.52752],[120.51192,14.52743],[120.51108,14.52742]]],[[[120.51597,14.53],[120.51347,14.52926],[120.51125,14.52905],[120.51023,14.52877],[120.50912,14.52876],[120.50736,14.5282],[120.50616,14.52818],[120.50634,14.52837],[120.50819,14.52866],[120.50893,14.52903],[120.50995,14.52904],[120.51088,14.52932],[120.51347,14.52962],[120.5143,14.5299],[120.51467,14.53026],[120.51532,14.53036],[120.5155,14.53054],[120.51587,14.53045],[120.5156,14.53027],[120.51597,14.53]],[[120.51236,14.52942],[120.51245,14.52933],[120.51245,14.52942],[120.51236,14.52942]],[[120.51273,14.52952],[120.51356,14.52944],[120.51356,14.52953],[120.51273,14.52952]],[[120.50921,14.52894],[120.50968,14.52885],[120.50968,14.52894],[120.50921,14.52894]],[[120.51023,14.52904],[120.51042,14.52895],[120.51042,14.52904],[120.51023,14.52904]],[[120.51143,14.52923],[120.51116,14.52914],[120.51143,14.52914],[120.51143,14.52923]],[[120.51162,14.52933],[120.51227,14.52924],[120.51227,14.52933],[120.51162,14.52933]],[[120.51375,14.52962],[120.51393,14.52953],[120.51393,14.52962],[120.51375,14.52962]]],[[[120.51021,14.53085],[120.5104,14.53085],[120.5104,14.53076],[120.51012,14.53066],[120.51021,14.53085]]],[[[120.51089,14.53636],[120.51099,14.53618],[120.51089,14.53618],[120.51089,14.53636]]],[[[120.50988,14.54385],[120.51016,14.54386],[120.51016,14.54367],[120.50951,14.54358],[120.50988,14.54385]]],[[[120.5092,14.54628],[120.50976,14.5462],[120.50958,14.54611],[120.50874,14.54592],[120.50874,14.5461],[120.50902,14.5461],[120.5092,14.54628]]],[[[120.50994,14.54629],[120.51004,14.54638],[120.51022,14.54639],[120.51013,14.5462],[120.50994,14.54629]]],[[[120.51029,14.54855],[120.50964,14.54855],[120.51001,14.54882],[120.51084,14.54874],[120.51029,14.54855]]],[[[120.51094,14.54874],[120.51121,14.54884],[120.51122,14.54874],[120.51094,14.54874]]],[[[120.51084,14.54892],[120.51066,14.54883],[120.51066,14.54892],[120.51084,14.54892]]],[[[120.51131,14.54884],[120.51149,14.54893],[120.51149,14.54884],[120.51131,14.54884]]],[[[120.51094,14.54892],[120.51112,14.54901],[120.51112,14.54892],[120.51094,14.54892]]],[[[120.5113,14.54902],[120.51149,14.54911],[120.51149,14.54902],[120.5113,14.54902]]],[[[120.5118,14.55417],[120.51189,14.55435],[120.51208,14.55436],[120.51199,14.55417],[120.5118,14.55417]]],[[[120.5104,14.55497],[120.51031,14.55479],[120.51031,14.55497],[120.5104,14.55497]]],[[[120.5104,14.55497],[120.51049,14.55515],[120.5105,14.55497],[120.5104,14.55497]]],[[[120.51131,14.55688],[120.5114,14.5567],[120.51122,14.55669],[120.51131,14.55688]]],[[[120.51177,14.55697],[120.5115,14.55679],[120.51149,14.55697],[120.51177,14.55697]]],[[[120.51064,14.5585],[120.51074,14.55832],[120.51055,14.55831],[120.51064,14.5585]]],[[[120.5094,14.56146],[120.50903,14.56137],[120.50903,14.56146],[120.5094,14.56146]]],[[[120.50959,14.56156],[120.51014,14.56192],[120.5107,14.56193],[120.5107,14.56184],[120.50959,14.56156]]],[[[120.51079,14.56211],[120.51097,14.56202],[120.51097,14.56193],[120.5107,14.56193],[120.51079,14.56211]]],[[[120.51116,14.56211],[120.51097,14.56202],[120.51097,14.56211],[120.51116,14.56211]]],[[[120.5118,14.56239],[120.51162,14.5623],[120.51162,14.56239],[120.5118,14.56239]]],[[[120.50956,14.56399],[120.50928,14.5639],[120.50928,14.56399],[120.50956,14.56399]]],[[[120.51067,14.56428],[120.51104,14.56437],[120.51104,14.56428],[120.51067,14.56428]]],[[[120.51046,14.56653],[120.51064,14.56663],[120.51064,14.56654],[120.51046,14.56653]]],[[[120.51208,14.52138],[120.51217,14.52156],[120.51217,14.52138],[120.51208,14.52138]]],[[[120.51421,14.52176],[120.51421,14.52158],[120.51402,14.52158],[120.51374,14.52185],[120.51421,14.52176]]],[[[120.5143,14.52195],[120.51421,14.52176],[120.5142,14.52195],[120.5143,14.52195]]],[[[120.51356,14.52185],[120.51374,14.52194],[120.51374,14.52185],[120.51356,14.52185]]],[[[120.51466,14.52258],[120.51457,14.52276],[120.51466,14.52276],[120.51466,14.52258]]],[[[120.51207,14.52201],[120.51205,14.52364],[120.51224,14.52373],[120.51217,14.52174],[120.51189,14.52165],[120.51179,14.52183],[120.51198,14.52183],[120.51207,14.52201]]],[[[120.51456,14.52358],[120.51466,14.52303],[120.51447,14.52276],[120.51438,14.52303],[120.51456,14.52321],[120.51456,14.52358]]],[[[120.51205,14.52391],[120.51214,14.52373],[120.51205,14.52373],[120.51205,14.52391]]],[[[120.51378,14.52709],[120.51442,14.52719],[120.51461,14.52701],[120.51396,14.52691],[120.51378,14.52709]]],[[[120.51489,14.52719],[120.51442,14.52719],[120.51442,14.52728],[120.51489,14.52719]]],[[[120.51507,14.52728],[120.51489,14.52719],[120.51489,14.52728],[120.51507,14.52728]]],[[[120.51238,14.52726],[120.51266,14.52735],[120.51266,14.52726],[120.51238,14.52726]]],[[[120.51294,14.52735],[120.51313,14.52726],[120.51294,14.52726],[120.51294,14.52735]]],[[[120.5147,14.52728],[120.51489,14.52737],[120.51489,14.52728],[120.5147,14.52728]]],[[[120.51526,14.52738],[120.51507,14.52728],[120.51507,14.52737],[120.51526,14.52738]]],[[[120.51489,14.52737],[120.51507,14.52747],[120.51507,14.52737],[120.51489,14.52737]]],[[[120.51414,14.528],[120.51367,14.52808],[120.51469,14.52827],[120.51506,14.52819],[120.51414,14.528]]],[[[120.51401,14.53125],[120.51419,14.53116],[120.51401,14.53107],[120.51401,14.53125]]],[[[120.51205,14.53204],[120.51224,14.53213],[120.51224,14.53204],[120.51205,14.53204]]],[[[120.51298,14.53223],[120.51316,14.53232],[120.51316,14.53223],[120.51298,14.53223]]],[[[120.51249,14.53439],[120.51267,14.53449],[120.51267,14.5344],[120.51249,14.53439]]],[[[120.51243,14.54008],[120.51261,14.54018],[120.51261,14.54009],[120.51243,14.54008]]],[[[120.51298,14.54027],[120.51316,14.54054],[120.51316,14.54036],[120.51298,14.54027]]],[[[120.51325,14.54055],[120.51335,14.54073],[120.51353,14.54082],[120.51353,14.54055],[120.51325,14.54055]]],[[[120.51389,14.54146],[120.51426,14.54155],[120.51427,14.54137],[120.51362,14.54118],[120.51389,14.54146]]],[[[120.51448,14.54724],[120.51466,14.54734],[120.51466,14.54725],[120.51448,14.54724]]],[[[120.51508,14.55113],[120.51527,14.55123],[120.51527,14.55114],[120.51508,14.55113]]],[[[120.51507,14.55267],[120.51516,14.55249],[120.51507,14.55249],[120.51507,14.55267]]],[[[120.51347,14.56268],[120.51356,14.56286],[120.51356,14.56268],[120.51347,14.56268]]],[[[120.51356,14.56286],[120.51365,14.56304],[120.51365,14.56286],[120.51356,14.56286]]],[[[120.51254,14.56321],[120.51236,14.56276],[120.51217,14.56285],[120.51235,14.5633],[120.51254,14.56321]]],[[[120.51393,14.56323],[120.51365,14.56304],[120.51365,14.56323],[120.51393,14.56323]]],[[[120.51333,14.56702],[120.51324,14.56656],[120.51297,14.56638],[120.51333,14.56702]]],[[[120.51788,14.51637],[120.51779,14.51656],[120.51797,14.51675],[120.51807,14.51657],[120.51788,14.51637]]],[[[120.51677,14.51682],[120.51686,14.517],[120.51695,14.51701],[120.51695,14.51682],[120.51677,14.51682]]],[[[120.51713,14.5171],[120.51695,14.51701],[120.51695,14.5171],[120.51713,14.5171]]],[[[120.51731,14.51782],[120.51721,14.51863],[120.51683,14.51944],[120.51682,14.52035],[120.51711,14.51918],[120.51739,14.51882],[120.51731,14.51827],[120.51749,14.51846],[120.51741,14.51737],[120.51713,14.51737],[120.51731,14.51782]]],[[[120.51534,14.51961],[120.51526,14.51898],[120.51525,14.51961],[120.51534,14.51961]]],[[[120.51672,14.52062],[120.51682,14.52044],[120.51673,14.52044],[120.51672,14.52062]]],[[[120.51753,14.52297],[120.51716,14.52297],[120.51716,14.52306],[120.51753,14.52297]]],[[[120.51769,14.52551],[120.51666,14.52604],[120.5162,14.52612],[120.5162,14.52621],[120.51722,14.52604],[120.51815,14.52542],[120.51787,14.52551],[120.51778,14.52533],[120.51769,14.52551]]],[[[120.51747,14.52821],[120.51711,14.52785],[120.51664,14.5282],[120.51627,14.5282],[120.51563,14.52747],[120.51507,14.52747],[120.51553,14.52783],[120.51553,14.52801],[120.51534,14.5281],[120.51645,14.52856],[120.51701,14.52839],[120.51766,14.52849],[120.51831,14.5284],[120.51803,14.52822],[120.51747,14.52821]],[[120.51747,14.52839],[120.51766,14.52831],[120.51766,14.5284],[120.51747,14.52839]]],[[[120.51737,14.52921],[120.51719,14.52911],[120.51718,14.5292],[120.51737,14.52921]]],[[[120.51793,14.52921],[120.51746,14.5293],[120.51792,14.5293],[120.51793,14.52921]]],[[[120.51792,14.52957],[120.51709,14.52938],[120.51699,14.52956],[120.51792,14.52957]]],[[[120.51681,14.52956],[120.51699,14.52965],[120.51699,14.52956],[120.51681,14.52956]]],[[[120.51616,14.52974],[120.51634,14.52983],[120.51644,14.52965],[120.51616,14.52974]]],[[[120.51587,14.53027],[120.51606,14.53037],[120.51606,14.53028],[120.51587,14.53027]]],[[[120.51661,14.5311],[120.5167,14.53092],[120.51652,14.53091],[120.51661,14.5311]]],[[[120.5167,14.53119],[120.51698,14.5311],[120.5167,14.5311],[120.5167,14.53119]]],[[[120.5152,14.53253],[120.51538,14.53262],[120.51538,14.53253],[120.5152,14.53253]]],[[[120.5173,14.53517],[120.51758,14.53499],[120.51759,14.53481],[120.5173,14.53499],[120.5173,14.53517]]],[[[120.51626,14.53678],[120.51627,14.5366],[120.51608,14.53669],[120.51608,14.53678],[120.51626,14.53678]]],[[[120.51691,14.53688],[120.51682,14.5367],[120.51682,14.53688],[120.51691,14.53688]]],[[[120.51633,14.5479],[120.5166,14.54844],[120.51678,14.54853],[120.51688,14.54835],[120.51669,14.54826],[120.5166,14.5479],[120.51633,14.5479]]],[[[120.51697,14.54872],[120.51696,14.5489],[120.51724,14.5489],[120.51715,14.54863],[120.51697,14.54872]]],[[[120.51724,14.54908],[120.51733,14.54908],[120.51733,14.5489],[120.51724,14.5489],[120.51724,14.54908]]],[[[120.51724,14.54926],[120.51715,14.54908],[120.51715,14.54926],[120.51724,14.54926]]],[[[120.51733,14.54962],[120.51761,14.54954],[120.51743,14.54908],[120.51733,14.54926],[120.51724,14.54926],[120.51733,14.54962]]],[[[120.51519,14.55032],[120.51518,14.55059],[120.51537,14.55069],[120.51537,14.55041],[120.51519,14.55032]]],[[[120.51564,14.55132],[120.51527,14.55123],[120.51527,14.55132],[120.51564,14.55132]]],[[[120.51582,14.55205],[120.51526,14.55231],[120.51516,14.55249],[120.51563,14.55241],[120.51582,14.55205]]],[[[120.51622,14.55765],[120.51603,14.55747],[120.51576,14.55747],[120.51603,14.55774],[120.51622,14.55765]]],[[[120.5164,14.5581],[120.51658,14.55802],[120.5164,14.55801],[120.5164,14.5581]]],[[[120.51694,14.55938],[120.51685,14.55874],[120.51685,14.55937],[120.51694,14.55938]]],[[[120.51703,14.55938],[120.51713,14.55875],[120.51704,14.55874],[120.51703,14.55938]]],[[[120.51722,14.55956],[120.51712,14.55938],[120.51712,14.55956],[120.51722,14.55956]]],[[[120.51694,14.55947],[120.51703,14.55965],[120.51703,14.55947],[120.51694,14.55947]]],[[[120.51832,14.5602],[120.51842,14.55993],[120.51795,14.55993],[120.51768,14.55974],[120.51721,14.55983],[120.5174,14.56001],[120.51795,14.56002],[120.51832,14.5602]]],[[[120.51617,14.56172],[120.51636,14.56181],[120.51636,14.56172],[120.51617,14.56172]]],[[[120.51617,14.56226],[120.51635,14.56235],[120.51635,14.56226],[120.51617,14.56226]]],[[[120.51644,14.56262],[120.51625,14.56253],[120.51625,14.56262],[120.51644,14.56262]]],[[[120.51607,14.56289],[120.51625,14.5628],[120.51607,14.5628],[120.51607,14.56289]]],[[[120.51548,14.56532],[120.51659,14.56551],[120.51659,14.56533],[120.51548,14.56532]]],[[[120.51696,14.56552],[120.51715,14.56561],[120.51715,14.56552],[120.51696,14.56552]]],[[[120.51909,14.51649],[120.5189,14.51639],[120.5189,14.51648],[120.51909,14.51649]]],[[[120.51899,14.51676],[120.51927,14.51685],[120.51927,14.51676],[120.51899,14.51676]]],[[[120.51992,14.51677],[120.5201,14.51686],[120.5201,14.51677],[120.51992,14.51677]]],[[[120.5201,14.51722],[120.52019,14.51713],[120.5202,14.51695],[120.52001,14.51704],[120.5201,14.51722]]],[[[120.51973,14.5174],[120.51906,14.51865],[120.51915,14.5192],[120.51895,14.52019],[120.51924,14.51956],[120.51934,14.51839],[120.51991,14.51767],[120.52001,14.51722],[120.51973,14.5174]]],[[[120.51895,14.52046],[120.51886,14.52019],[120.51886,14.52046],[120.51895,14.52046]]],[[[120.51886,14.52073],[120.51877,14.52046],[120.51876,14.52073],[120.51886,14.52073]]],[[[120.51955,14.5248],[120.51983,14.5249],[120.51983,14.52471],[120.51974,14.5248],[120.51955,14.5248]]],[[[120.51853,14.52488],[120.51936,14.52498],[120.51937,14.52489],[120.51853,14.52488]]],[[[120.51946,14.52507],[120.51853,14.52515],[120.51945,14.52516],[120.51946,14.52507]]],[[[120.51834,14.52515],[120.51853,14.52524],[120.51853,14.52515],[120.51834,14.52515]]],[[[120.52038,14.52526],[120.52057,14.52536],[120.52057,14.52526],[120.52038,14.52526]]],[[[120.52029,14.52544],[120.52047,14.52553],[120.52047,14.52544],[120.52029,14.52544]]],[[[120.52028,14.52589],[120.52047,14.52599],[120.52047,14.5259],[120.52028,14.52589]]],[[[120.51972,14.52634],[120.51991,14.52625],[120.51972,14.52616],[120.51972,14.52634]]],[[[120.51944,14.52625],[120.51804,14.52704],[120.5186,14.52696],[120.51972,14.52634],[120.51944,14.52625]]],[[[120.51786,14.52704],[120.51804,14.52714],[120.51804,14.52704],[120.51786,14.52704]]],[[[120.51831,14.52831],[120.51877,14.52823],[120.51831,14.52822],[120.51831,14.52831]]],[[[120.51803,14.52849],[120.51895,14.5285],[120.51895,14.52841],[120.51803,14.52849]]],[[[120.51914,14.52859],[120.51867,14.52895],[120.51913,14.52895],[120.51913,14.52913],[120.51876,14.52922],[120.51941,14.52923],[120.51914,14.52859]]],[[[120.51849,14.52895],[120.51867,14.52904],[120.51867,14.52895],[120.51849,14.52895]]],[[[120.51848,14.52931],[120.51867,14.52922],[120.51848,14.52922],[120.51848,14.52931]]],[[[120.51771,14.53174],[120.5192,14.53121],[120.5193,14.53094],[120.51921,14.53031],[120.52005,14.52987],[120.51987,14.52959],[120.51893,14.53031],[120.51902,14.53103],[120.51883,14.53121],[120.5179,14.53138],[120.51771,14.53174]]],[[[120.51946,14.53275],[120.51983,14.53285],[120.51983,14.53276],[120.51946,14.53275]]],[[[120.51825,14.53346],[120.51815,14.53373],[120.51834,14.53373],[120.51825,14.53346]]],[[[120.51871,14.53383],[120.51852,14.53392],[120.51871,14.53401],[120.51871,14.53383]]],[[[120.51908,14.53401],[120.5188,14.53401],[120.51908,14.53419],[120.51908,14.53401]]],[[[120.51801,14.53798],[120.51783,14.53779],[120.51783,14.53797],[120.51801,14.53798]]],[[[120.51896,14.54413],[120.51896,14.54458],[120.51915,14.54458],[120.51915,14.54395],[120.51896,14.54413]]],[[[120.51905,14.54503],[120.51896,14.54476],[120.51895,14.54503],[120.51905,14.54503]]],[[[120.51904,14.54539],[120.51914,14.54512],[120.51905,14.54512],[120.51904,14.54539]]],[[[120.51923,14.54558],[120.51914,14.5454],[120.51913,14.54558],[120.51923,14.54558]]],[[[120.51969,14.54576],[120.51941,14.54576],[120.51941,14.54585],[120.51969,14.54576]]],[[[120.52061,14.54613],[120.52062,14.54577],[120.52015,14.54577],[120.52033,14.54604],[120.52061,14.54613]]],[[[120.51815,14.55026],[120.51889,14.55063],[120.51871,14.55045],[120.5188,14.55027],[120.51815,14.55026]]],[[[120.51991,14.55091],[120.51945,14.55019],[120.51972,14.551],[120.51917,14.55046],[120.51899,14.55045],[120.51908,14.55063],[120.51889,14.55072],[120.51963,14.55109],[120.51972,14.55136],[120.5199,14.55137],[120.52009,14.55164],[120.52046,14.55173],[120.51991,14.55128],[120.51991,14.5511],[120.52009,14.55128],[120.52028,14.55119],[120.51991,14.55091]],[[120.51926,14.55064],[120.51917,14.55073],[120.51917,14.55064],[120.51926,14.55064]]],[[[120.52055,14.55146],[120.52037,14.55137],[120.52037,14.55146],[120.52055,14.55146]]],[[[120.51997,14.55354],[120.51959,14.55416],[120.51978,14.55435],[120.51997,14.55354]]],[[[120.51978,14.55462],[120.51959,14.55453],[120.51959,14.55471],[120.51968,14.55471],[120.51978,14.55462]]],[[[120.52014,14.55489],[120.51996,14.55471],[120.51977,14.5548],[120.51996,14.55498],[120.52014,14.55489]]],[[[120.52021,14.5576],[120.5203,14.55778],[120.5203,14.5576],[120.52021,14.5576]]],[[[120.51841,14.56066],[120.51869,14.56075],[120.51869,14.56066],[120.51841,14.56066]]],[[[120.51915,14.56112],[120.51924,14.56094],[120.51915,14.56093],[120.51915,14.56112]]],[[[120.51812,14.56138],[120.51821,14.56156],[120.51822,14.56138],[120.51812,14.56138]]],[[[120.51914,14.56184],[120.51923,14.56175],[120.51923,14.56166],[120.51905,14.56166],[120.51914,14.56184]]],[[[120.51857,14.56246],[120.5183,14.56255],[120.51885,14.56256],[120.51922,14.56238],[120.51886,14.56211],[120.51858,14.56219],[120.51821,14.56156],[120.51839,14.56219],[120.51858,14.56228],[120.51857,14.56246]]],[[[120.51978,14.5623],[120.51969,14.56221],[120.5196,14.56229],[120.51978,14.5623]]],[[[120.51968,14.56293],[120.51996,14.56284],[120.51968,14.56284],[120.51968,14.56293]]],[[[120.51912,14.56328],[120.51912,14.56346],[120.51884,14.56391],[120.51902,14.56391],[120.5194,14.5632],[120.51912,14.56328]]],[[[120.51769,14.56652],[120.51853,14.56662],[120.51853,14.56653],[120.51769,14.56652]]],[[[120.5215,14.51606],[120.52159,14.51633],[120.52187,14.51633],[120.52169,14.51598],[120.5215,14.51606]]],[[[120.52252,14.51634],[120.52215,14.51643],[120.52252,14.51643],[120.52252,14.51634]]],[[[120.52205,14.5167],[120.52195,14.51724],[120.52205,14.51724],[120.52205,14.5167]]],[[[120.52223,14.51769],[120.52214,14.51697],[120.52213,14.51769],[120.52223,14.51769]]],[[[120.52195,14.51733],[120.52204,14.51778],[120.52205,14.51733],[120.52195,14.51733]]],[[[120.52053,14.52011],[120.52194,14.51877],[120.52212,14.51878],[120.52239,14.51932],[120.52239,14.51986],[120.52257,14.52005],[120.52258,14.51932],[120.52231,14.51878],[120.52232,14.51788],[120.52222,14.5186],[120.52204,14.51796],[120.52204,14.51832],[120.52175,14.51877],[120.52035,14.52011],[120.52015,14.52083],[120.52034,14.52075],[120.52053,14.52011]]],[[[120.52261,14.52483],[120.5228,14.52493],[120.5228,14.52484],[120.52261,14.52483]]],[[[120.52308,14.52484],[120.52326,14.52493],[120.52326,14.52484],[120.52308,14.52484]]],[[[120.52158,14.52564],[120.52131,14.52545],[120.52057,14.52536],[120.52103,14.52563],[120.52158,14.52564]]],[[[120.52177,14.52546],[120.52195,14.52555],[120.52196,14.52546],[120.52177,14.52546]]],[[[120.52047,14.5259],[120.52149,14.52582],[120.52065,14.52581],[120.52075,14.52554],[120.52047,14.52553],[120.52038,14.52571],[120.52047,14.5259]]],[[[120.52334,14.52638],[120.52185,14.52672],[120.5225,14.52673],[120.52334,14.52638]]],[[[120.52097,14.53033],[120.5207,14.53023],[120.5207,14.53033],[120.52097,14.53033]]],[[[120.52244,14.53233],[120.52262,14.53242],[120.52262,14.53233],[120.52244,14.53233]]],[[[120.52187,14.53269],[120.52206,14.53278],[120.52206,14.53269],[120.52187,14.53269]]],[[[120.52194,14.53531],[120.52204,14.53495],[120.52194,14.53495],[120.52194,14.53531]]],[[[120.52212,14.5354],[120.52222,14.53522],[120.52212,14.53522],[120.52212,14.5354]]],[[[120.52292,14.53857],[120.52302,14.53839],[120.52292,14.53839],[120.52292,14.53857]]],[[[120.52264,14.53866],[120.52283,14.53875],[120.52283,14.53866],[120.52264,14.53866]]],[[[120.52132,14.54117],[120.5215,14.54108],[120.52132,14.54108],[120.52132,14.54117]]],[[[120.52141,14.54126],[120.52159,14.54136],[120.52159,14.54127],[120.52141,14.54126]]],[[[120.5215,14.54145],[120.52168,14.54154],[120.52168,14.54145],[120.5215,14.54145]]],[[[120.5208,14.54559],[120.5209,14.54541],[120.52081,14.54541],[120.5208,14.54559]]],[[[120.5207,14.54614],[120.5208,14.54623],[120.5208,14.54596],[120.5207,14.54614]]],[[[120.5218,14.5475],[120.52189,14.54786],[120.5219,14.5475],[120.5218,14.5475]]],[[[120.52143,14.54786],[120.52161,14.54795],[120.52161,14.54786],[120.52143,14.54786]]],[[[120.5218,14.54804],[120.52161,14.54795],[120.52161,14.54804],[120.5218,14.54804]]],[[[120.52151,14.54849],[120.52179,14.54841],[120.52179,14.54831],[120.52152,14.54831],[120.52151,14.54849]]],[[[120.52315,14.55104],[120.52324,14.55122],[120.52325,14.55104],[120.52315,14.55104]]],[[[120.52175,14.55238],[120.52156,14.55229],[120.52156,14.55238],[120.52175,14.55238]]],[[[120.52137,14.55328],[120.52109,14.5531],[120.52109,14.55328],[120.52137,14.55328]]],[[[120.52321,14.55402],[120.52303,14.55393],[120.52303,14.55402],[120.52321,14.55402]]],[[[120.52088,14.55562],[120.52078,14.5558],[120.52088,14.5558],[120.52088,14.55562]]],[[[120.52206,14.55798],[120.52216,14.55717],[120.52197,14.55717],[120.52206,14.55798]]],[[[120.52205,14.5588],[120.52214,14.55862],[120.52205,14.55862],[120.52205,14.5588]]],[[[120.52316,14.55881],[120.52326,14.55863],[120.52307,14.55863],[120.52316,14.55881]]],[[[120.52223,14.55898],[120.52233,14.5588],[120.52223,14.5588],[120.52223,14.55898]]],[[[120.52269,14.55962],[120.5225,14.55952],[120.5225,14.55962],[120.52269,14.55962]]],[[[120.52269,14.55971],[120.52278,14.55989],[120.52278,14.55971],[120.52269,14.55971]]],[[[120.5211,14.56096],[120.52128,14.56105],[120.52128,14.56096],[120.5211,14.56096]]],[[[120.52165,14.56123],[120.52156,14.56114],[120.52137,14.56114],[120.52146,14.56132],[120.52165,14.56123]]],[[[120.5221,14.56268],[120.52265,14.56269],[120.52284,14.56251],[120.52219,14.5625],[120.5221,14.56268]]],[[[120.52311,14.56287],[120.5233,14.56297],[120.5233,14.56288],[120.52311,14.56287]]],[[[120.52098,14.56303],[120.52126,14.56313],[120.52126,14.56303],[120.52098,14.56303]]],[[[120.52061,14.56312],[120.52079,14.56321],[120.52079,14.56312],[120.52061,14.56312]]],[[[120.52225,14.5653],[120.52262,14.5654],[120.52262,14.56531],[120.52225,14.5653]]],[[[120.52132,14.56538],[120.52151,14.56548],[120.52151,14.56539],[120.52132,14.56538]]],[[[120.5229,14.56549],[120.52272,14.5654],[120.52271,14.56549],[120.5229,14.56549]]],[[[120.52095,14.56547],[120.52114,14.56556],[120.52114,14.56547],[120.52095,14.56547]]],[[[120.52188,14.56557],[120.52151,14.56548],[120.52151,14.56557],[120.52188,14.56557]]],[[[120.52244,14.56549],[120.52262,14.56558],[120.52262,14.56549],[120.52244,14.56549]]],[[[120.52138,14.56873],[120.5212,14.56864],[120.52119,14.56873],[120.52138,14.56873]]],[[[120.5239,14.51771],[120.524,14.51636],[120.52382,14.51654],[120.52354,14.51653],[120.52372,14.51672],[120.52362,14.51798],[120.52372,14.51735],[120.5239,14.51771]]],[[[120.5239,14.5178],[120.5238,14.51807],[120.52389,14.51807],[120.5239,14.5178]]],[[[120.52398,14.51825],[120.52389,14.51843],[120.52398,14.51843],[120.52398,14.51825]]],[[[120.52389,14.5187],[120.5238,14.51843],[120.52379,14.5187],[120.52389,14.5187]]],[[[120.52388,14.51925],[120.52406,14.5197],[120.52405,14.52033],[120.52415,14.52033],[120.52407,14.51871],[120.52388,14.51925]]],[[[120.52337,14.52376],[120.52346,14.52394],[120.52364,14.52385],[120.52364,14.52376],[120.52337,14.52376]]],[[[120.52345,14.52412],[120.52327,14.52394],[120.52327,14.5243],[120.52345,14.52412]]],[[[120.52317,14.52511],[120.52353,14.52521],[120.52354,14.52512],[120.52317,14.52511]]],[[[120.52464,14.52567],[120.52483,14.52576],[120.52483,14.52567],[120.52464,14.52567]]],[[[120.526,14.52839],[120.52591,14.52821],[120.52573,14.5283],[120.52572,14.52848],[120.526,14.52839]]],[[[120.52563,14.52866],[120.52572,14.52848],[120.52563,14.52848],[120.52563,14.52866]]],[[[120.52563,14.52893],[120.52554,14.52875],[120.52553,14.52893],[120.52563,14.52893]]],[[[120.52367,14.52972],[120.52376,14.53009],[120.52376,14.52973],[120.52367,14.52972]]],[[[120.52514,14.53119],[120.52532,14.53137],[120.52542,14.53119],[120.52514,14.53119]]],[[[120.52375,14.53126],[120.52412,14.53136],[120.52412,14.53126],[120.52375,14.53126]]],[[[120.52495,14.53136],[120.52449,14.53127],[120.52449,14.53136],[120.52495,14.53136]]],[[[120.52337,14.53135],[120.52356,14.53144],[120.52356,14.53135],[120.52337,14.53135]]],[[[120.52402,14.53163],[120.52411,14.53145],[120.52393,14.53144],[120.52402,14.53163]]],[[[120.52356,14.53153],[120.52374,14.53162],[120.52374,14.53153],[120.52356,14.53153]]],[[[120.5243,14.53163],[120.5242,14.53208],[120.52429,14.53208],[120.5243,14.53163]]],[[[120.52354,14.53279],[120.52354,14.53325],[120.52372,14.53325],[120.52373,14.53298],[120.52354,14.53279]]],[[[120.52353,14.53361],[120.52335,14.53352],[120.52335,14.53361],[120.52353,14.53361]]],[[[120.52316,14.5336],[120.52335,14.5337],[120.52335,14.53361],[120.52316,14.5336]]],[[[120.52575,14.53408],[120.52585,14.5339],[120.52576,14.5339],[120.52575,14.53408]]],[[[120.52561,14.53896],[120.52579,14.53905],[120.52579,14.53896],[120.52561,14.53896]]],[[[120.52343,14.55158],[120.52324,14.55185],[120.52342,14.55186],[120.52343,14.55158]]],[[[120.52351,14.55204],[120.52342,14.55186],[120.52342,14.55204],[120.52351,14.55204]]],[[[120.52359,14.55321],[120.52387,14.5534],[120.52397,14.55313],[120.52359,14.55321]]],[[[120.52477,14.55612],[120.52504,14.55621],[120.52505,14.55612],[120.52477,14.55612]]],[[[120.52406,14.56162],[120.52415,14.56153],[120.52415,14.56135],[120.52397,14.56144],[120.52406,14.56162]]],[[[120.52395,14.56297],[120.52423,14.56307],[120.52423,14.56298],[120.52395,14.56297]]],[[[120.52872,14.51722],[120.52919,14.51723],[120.529,14.51704],[120.52863,14.51704],[120.52872,14.51722]]],[[[120.52851,14.52011],[120.52869,14.5202],[120.52869,14.52011],[120.52851,14.52011]]],[[[120.52878,14.5202],[120.52897,14.52029],[120.52897,14.5202],[120.52878,14.5202]]],[[[120.5262,14.52767],[120.52632,14.52524],[120.52604,14.52514],[120.52622,14.52541],[120.52622,14.52578],[120.52611,14.52758],[120.52591,14.52803],[120.5261,14.52803],[120.5262,14.52767]]],[[[120.52788,14.5267],[120.52779,14.52652],[120.52778,14.5267],[120.52788,14.5267]]],[[[120.52769,14.52688],[120.52778,14.5267],[120.52769,14.5267],[120.52769,14.52688]]],[[[120.5274,14.52751],[120.52769,14.52688],[120.5275,14.52696],[120.5274,14.52751]]],[[[120.5277,14.53383],[120.52789,14.53374],[120.52771,14.53374],[120.5277,14.53383]]],[[[120.52858,14.53863],[120.52876,14.53872],[120.52876,14.53863],[120.52858,14.53863]]],[[[120.52784,14.53871],[120.52802,14.5388],[120.52802,14.53871],[120.52784,14.53871]]],[[[120.52598,14.53896],[120.52626,14.53888],[120.52598,14.53887],[120.52598,14.53896]]],[[[120.52746,14.53898],[120.52728,14.53889],[120.52728,14.53898],[120.52746,14.53898]]],[[[120.52644,14.53906],[120.52626,14.53897],[120.52626,14.53906],[120.52644,14.53906]]],[[[120.52728,14.53907],[120.527,14.53897],[120.527,14.53906],[120.52728,14.53907]]],[[[120.52773,14.54829],[120.52745,14.54828],[120.52745,14.54837],[120.52773,14.54829]]],[[[120.52745,14.54865],[120.52717,14.54864],[120.52717,14.54873],[120.52745,14.54865]]],[[[120.52729,14.55425],[120.52757,14.55443],[120.52757,14.55425],[120.52729,14.55425]]],[[[120.52641,14.55884],[120.52669,14.55876],[120.5265,14.55875],[120.52613,14.5583],[120.52576,14.5582],[120.52641,14.55884]]],[[[120.527,14.56346],[120.52682,14.56336],[120.52682,14.56346],[120.527,14.56346]]],[[[120.52626,14.56408],[120.52644,14.56417],[120.52654,14.5639],[120.52635,14.5639],[120.52626,14.56408]]],[[[120.52892,14.56592],[120.52911,14.56601],[120.52911,14.56592],[120.52892,14.56592]]],[[[120.52883,14.56619],[120.52873,14.56646],[120.52883,14.56646],[120.52883,14.56619]]],[[[120.53094,14.50938],[120.53113,14.50948],[120.53113,14.50939],[120.53094,14.50938]]],[[[120.53075,14.50992],[120.53085,14.50974],[120.53075,14.50974],[120.53075,14.50992]]],[[[120.53181,14.51517],[120.53069,14.51516],[120.53181,14.51527],[120.53181,14.51517]]],[[[120.52937,14.51741],[120.52919,14.51732],[120.52919,14.51741],[120.52937,14.51741]]],[[[120.52946,14.51768],[120.53076,14.51796],[120.53076,14.51778],[120.52937,14.51741],[120.52946,14.51768]]],[[[120.53136,14.52167],[120.53102,14.5195],[120.53065,14.51923],[120.53055,14.5195],[120.53101,14.51977],[120.53091,14.52059],[120.531,14.52095],[120.53119,14.52095],[120.53108,14.52185],[120.53089,14.52221],[120.53117,14.52212],[120.53108,14.52194],[120.53127,14.52194],[120.53136,14.52167]],[[120.53118,14.52113],[120.53127,14.5214],[120.53118,14.5214],[120.53118,14.52113]]],[[[120.5308,14.52239],[120.53089,14.52221],[120.5308,14.52221],[120.5308,14.52239]]],[[[120.53042,14.52293],[120.53089,14.52266],[120.5308,14.52239],[120.53042,14.52275],[120.53042,14.52293]]],[[[120.53014,14.52356],[120.53014,14.52311],[120.53042,14.52302],[120.53033,14.52284],[120.52996,14.52302],[120.52995,14.52347],[120.53014,14.52356]]],[[[120.52994,14.52437],[120.53013,14.52401],[120.52995,14.52392],[120.52994,14.52437]]],[[[120.53035,14.52907],[120.53045,14.52925],[120.53045,14.52907],[120.53035,14.52907]]],[[[120.52922,14.53078],[120.52932,14.53042],[120.52923,14.53042],[120.52922,14.53078]]],[[[120.52903,14.53141],[120.52922,14.53132],[120.52922,14.53087],[120.52913,14.53087],[120.52903,14.53141]]],[[[120.53144,14.53179],[120.53153,14.53161],[120.53144,14.53161],[120.53144,14.53179]]],[[[120.53134,14.53206],[120.53125,14.53188],[120.53125,14.53206],[120.53134,14.53206]]],[[[120.53133,14.5327],[120.53143,14.53243],[120.53134,14.53243],[120.53133,14.5327]]],[[[120.53071,14.56359],[120.53062,14.5634],[120.53034,14.56358],[120.53071,14.56359]]],[[[120.5293,14.56556],[120.52911,14.56565],[120.52911,14.56574],[120.5293,14.56574],[120.5293,14.56556]]],[[[120.53407,14.51168],[120.53332,14.51212],[120.5336,14.51212],[120.53407,14.51168]]],[[[120.53357,14.51483],[120.53302,14.51465],[120.53255,14.51491],[120.53301,14.51501],[120.53311,14.51483],[120.53357,14.51483]]],[[[120.53348,14.51492],[120.53366,14.51501],[120.53366,14.51492],[120.53348,14.51492]]],[[[120.53441,14.51493],[120.53422,14.51502],[120.53441,14.51502],[120.53441,14.51493]]],[[[120.53237,14.51491],[120.53236,14.51509],[120.53264,14.51509],[120.53264,14.515],[120.53237,14.51491]]],[[[120.53162,14.51508],[120.53236,14.51509],[120.53162,14.51499],[120.53162,14.51508]]],[[[120.5344,14.51511],[120.53394,14.5152],[120.5344,14.5152],[120.5344,14.51511]]],[[[120.53291,14.51627],[120.53309,14.51636],[120.53309,14.51627],[120.53291,14.51627]]],[[[120.53217,14.52448],[120.53226,14.52412],[120.53217,14.52412],[120.53217,14.52448]]],[[[120.53207,14.52448],[120.53198,14.52475],[120.53207,14.52475],[120.53207,14.52448]]],[[[120.53234,14.52557],[120.53225,14.5253],[120.53225,14.52557],[120.53234,14.52557]]],[[[120.53206,14.52539],[120.53216,14.52557],[120.53216,14.52539],[120.53206,14.52539]]],[[[120.53441,14.53173],[120.53432,14.53155],[120.53431,14.53173],[120.53441,14.53173]]],[[[120.53152,14.53234],[120.53162,14.53216],[120.53153,14.53216],[120.53152,14.53234]]],[[[120.5318,14.53297],[120.53171,14.53261],[120.53143,14.5327],[120.53161,14.53297],[120.5318,14.53297]]],[[[120.53189,14.53315],[120.5318,14.53297],[120.53179,14.53315],[120.53189,14.53315]]],[[[120.53206,14.53379],[120.53216,14.53361],[120.53207,14.53361],[120.53206,14.53379]]],[[[120.53312,14.56406],[120.5334,14.56416],[120.5334,14.56407],[120.53312,14.56406]]],[[[120.53386,14.56416],[120.53368,14.56407],[120.53367,14.56416],[120.53386,14.56416]]],[[[120.53339,14.56434],[120.53358,14.56443],[120.53358,14.56434],[120.53339,14.56434]]],[[[120.53395,14.5647],[120.53404,14.56489],[120.53404,14.56471],[120.53395,14.5647]]],[[[120.53152,14.56603],[120.53189,14.56604],[120.53152,14.56594],[120.53152,14.56603]]],[[[120.53226,14.56622],[120.53226,14.56604],[120.53208,14.56604],[120.53207,14.56622],[120.53226,14.56622]]],[[[120.53245,14.56622],[120.53291,14.56614],[120.53245,14.56613],[120.53245,14.56622]]],[[[120.53347,14.56633],[120.5331,14.56623],[120.53309,14.56632],[120.53347,14.56633]]],[[[120.53356,14.56651],[120.53328,14.56641],[120.53328,14.5665],[120.53356,14.56651]]],[[[120.53374,14.56642],[120.53393,14.56651],[120.53393,14.56642],[120.53374,14.56642]]],[[[120.53159,14.56784],[120.53178,14.56793],[120.53178,14.56784],[120.53159,14.56784]]],[[[120.53214,14.56839],[120.53288,14.56885],[120.53307,14.56876],[120.53187,14.56803],[120.53214,14.56839]]],[[[120.53344,14.56886],[120.53316,14.56876],[120.53306,14.56894],[120.53344,14.56886]]],[[[120.5339,14.56904],[120.53436,14.56896],[120.5339,14.56895],[120.5339,14.56904]]],[[[120.53323,14.57039],[120.53333,14.57057],[120.53333,14.57039],[120.53323,14.57039]]],[[[120.53332,14.57075],[120.53351,14.57084],[120.53351,14.57075],[120.53332,14.57075]]],[[[120.53341,14.57111],[120.53368,14.57157],[120.53405,14.57175],[120.53369,14.57139],[120.5336,14.57103],[120.53341,14.57111]]],[[[120.53696,14.51044],[120.53668,14.51035],[120.53668,14.51044],[120.53696,14.51044]]],[[[120.53444,14.51168],[120.53472,14.51159],[120.53482,14.51132],[120.53463,14.51132],[120.53444,14.51168]]],[[[120.5358,14.51477],[120.5358,14.51449],[120.53552,14.51458],[120.53552,14.51467],[120.5358,14.51477]]],[[[120.53534,14.51476],[120.53552,14.51467],[120.53534,14.51467],[120.53534,14.51476]]],[[[120.53617,14.51486],[120.53608,14.51468],[120.53608,14.51486],[120.53617,14.51486]]],[[[120.53552,14.51476],[120.53571,14.51485],[120.53571,14.51476],[120.53552,14.51476]]],[[[120.53459,14.51484],[120.53496,14.51494],[120.53496,14.51485],[120.53459,14.51484]]],[[[120.53533,14.51503],[120.53552,14.51485],[120.53506,14.51476],[120.53515,14.51494],[120.53496,14.51503],[120.53533,14.51503]]],[[[120.53496,14.51503],[120.5345,14.51511],[120.53496,14.51512],[120.53496,14.51503]]],[[[120.53551,14.51612],[120.53532,14.51602],[120.53532,14.51612],[120.53551,14.51612]]],[[[120.53625,14.51576],[120.53597,14.51576],[120.53615,14.51621],[120.53661,14.51676],[120.5368,14.51676],[120.53643,14.5164],[120.53625,14.51576]]],[[[120.53485,14.51638],[120.53475,14.51737],[120.53409,14.51836],[120.53399,14.51935],[120.53428,14.51836],[120.53503,14.51738],[120.53513,14.51647],[120.53532,14.51612],[120.53467,14.51629],[120.53485,14.51638]]],[[[120.53554,14.52163],[120.53572,14.52172],[120.53572,14.52163],[120.53554,14.52163]]],[[[120.53643,14.5248],[120.53634,14.52453],[120.53634,14.5248],[120.53643,14.5248]]],[[[120.53643,14.52516],[120.53652,14.52498],[120.53643,14.52498],[120.53643,14.52516]]],[[[120.53614,14.52561],[120.53605,14.52579],[120.53614,14.52579],[120.53614,14.52561]]],[[[120.53595,14.52597],[120.53605,14.52579],[120.53596,14.52579],[120.53595,14.52597]]],[[[120.53586,14.52615],[120.53595,14.52597],[120.53586,14.52597],[120.53586,14.52615]]],[[[120.53709,14.55769],[120.5369,14.55751],[120.53672,14.55742],[120.53681,14.55769],[120.53709,14.55769]]],[[[120.53588,14.55804],[120.53606,14.55786],[120.53588,14.55777],[120.53588,14.55804]]],[[[120.53645,14.56464],[120.53636,14.56491],[120.53654,14.56491],[120.53645,14.56464]]],[[[120.53645,14.56509],[120.53654,14.56536],[120.53663,14.56509],[120.53645,14.56509]]],[[[120.53663,14.56546],[120.53672,14.56564],[120.53672,14.56546],[120.53663,14.56546]]],[[[120.53662,14.56609],[120.53671,14.56627],[120.53671,14.56609],[120.53662,14.56609]]],[[[120.53634,14.56681],[120.53624,14.56663],[120.53615,14.5669],[120.53643,14.56699],[120.53652,14.56672],[120.53634,14.56681]]],[[[120.53698,14.56754],[120.53679,14.56745],[120.53679,14.56754],[120.53698,14.56754]]],[[[120.53677,14.5697],[120.53695,14.5698],[120.53695,14.56971],[120.53677,14.5697]]],[[[120.5363,14.56979],[120.53612,14.56988],[120.5363,14.56988],[120.5363,14.56979]]],[[[120.53471,14.57149],[120.53462,14.57086],[120.53461,14.57149],[120.53471,14.57149]]],[[[120.53954,14.51237],[120.53981,14.51228],[120.53954,14.51227],[120.53954,14.51237]]],[[[120.54083,14.5131],[120.54092,14.51328],[120.54092,14.5131],[120.54083,14.5131]]],[[[120.54073,14.51346],[120.54082,14.51328],[120.54073,14.51328],[120.54073,14.51346]]],[[[120.54063,14.51364],[120.54073,14.51346],[120.54064,14.51346],[120.54063,14.51364]]],[[[120.54054,14.51364],[120.54063,14.51382],[120.54063,14.51364],[120.54054,14.51364]]],[[[120.54044,14.514],[120.54054,14.51382],[120.54045,14.51382],[120.54044,14.514]]],[[[120.54035,14.514],[120.54035,14.51418],[120.54054,14.51418],[120.54054,14.51409],[120.54035,14.514]]],[[[120.54026,14.51418],[120.54026,14.51436],[120.54044,14.51436],[120.54044,14.51427],[120.54026,14.51418]]],[[[120.54007,14.51454],[120.54025,14.51463],[120.54035,14.51445],[120.54016,14.51436],[120.54007,14.51454]]],[[[120.53987,14.51544],[120.54016,14.51481],[120.54007,14.51463],[120.53978,14.51508],[120.53987,14.51544]]],[[[120.53815,14.52021],[120.53833,14.5203],[120.53834,14.52021],[120.53815,14.52021]]],[[[120.54063,14.52259],[120.54072,14.52277],[120.54072,14.52259],[120.54063,14.52259]]],[[[120.54053,14.52286],[120.54062,14.52304],[120.54062,14.52286],[120.54053,14.52286]]],[[[120.54062,14.52349],[120.54062,14.52331],[120.54044,14.52313],[120.54034,14.52367],[120.54062,14.52349]]],[[[120.53888,14.52943],[120.53898,14.52925],[120.53888,14.52925],[120.53888,14.52943]]],[[[120.53845,14.54379],[120.53854,14.54397],[120.53854,14.54379],[120.53845,14.54379]]],[[[120.53886,14.55645],[120.53877,14.55662],[120.53886,14.55663],[120.53886,14.55645]]],[[[120.53987,14.55754],[120.53996,14.55736],[120.53987,14.55736],[120.53987,14.55754]]],[[[120.53968,14.55808],[120.53977,14.55844],[120.53986,14.55844],[120.53986,14.55808],[120.53968,14.55808]]],[[[120.53809,14.5587],[120.53819,14.55888],[120.53819,14.5587],[120.53809,14.5587]]],[[[120.53967,14.5588],[120.53957,14.55934],[120.53966,14.55934],[120.53967,14.5588]]],[[[120.54017,14.56351],[120.53943,14.56368],[120.53943,14.56377],[120.53989,14.56377],[120.54017,14.56351]]],[[[120.53924,14.56377],[120.53943,14.56386],[120.53943,14.56377],[120.53924,14.56377]]],[[[120.53951,14.56531],[120.53978,14.56603],[120.53987,14.56603],[120.53987,14.56576],[120.53951,14.56531]]],[[[120.54014,14.56658],[120.53987,14.56603],[120.53986,14.56657],[120.54051,14.56712],[120.5406,14.56694],[120.54014,14.56658]]],[[[120.53901,14.56855],[120.53892,14.56828],[120.53882,14.56828],[120.53882,14.56855],[120.53901,14.56855]]],[[[120.53882,14.56873],[120.53891,14.56891],[120.53891,14.56873],[120.53882,14.56873]]],[[[120.539,14.56909],[120.53891,14.56891],[120.53891,14.56909],[120.539,14.56909]]],[[[120.5389,14.56955],[120.53881,14.56936],[120.53881,14.56954],[120.5389,14.56955]]],[[[120.53862,14.57017],[120.53871,14.56999],[120.53862,14.56999],[120.53862,14.57017]]],[[[120.5401,14.56983],[120.53945,14.57027],[120.53945,14.57036],[120.53963,14.57037],[120.5401,14.56983]]],[[[120.53945,14.57036],[120.53917,14.57054],[120.53945,14.57073],[120.53945,14.57036]]],[[[120.5412,14.51274],[120.54139,14.51229],[120.54111,14.51229],[120.5412,14.51274]],[[120.5413,14.51247],[120.5412,14.51238],[120.5413,14.51238],[120.5413,14.51247]]],[[[120.54101,14.51319],[120.5412,14.51283],[120.54102,14.51256],[120.54101,14.51319]]],[[[120.54154,14.51519],[120.54241,14.51221],[120.54223,14.5123],[120.54175,14.51347],[120.54154,14.51519]]],[[[120.54224,14.51908],[120.54243,14.51935],[120.54261,14.51935],[120.54261,14.51917],[120.54224,14.51908]]],[[[120.5416,14.53488],[120.54179,14.53497],[120.54179,14.53479],[120.5416,14.53488]]],[[[120.54168,14.54491],[120.54186,14.545],[120.54186,14.54491],[120.54168,14.54491]]],[[[120.54132,14.55213],[120.54141,14.55232],[120.54141,14.55214],[120.54132,14.55213]]],[[[120.5415,14.55277],[120.54159,14.55259],[120.5415,14.55259],[120.5415,14.55277]]],[[[120.54222,14.55494],[120.54231,14.55531],[120.54231,14.55495],[120.54222,14.55494]]],[[[120.54212,14.55567],[120.54239,14.55585],[120.54258,14.55531],[120.54221,14.55549],[120.54212,14.55567]]],[[[120.5417,14.55955],[120.54179,14.55973],[120.5418,14.55955],[120.5417,14.55955]]],[[[120.54188,14.55991],[120.54179,14.55973],[120.54179,14.55991],[120.54188,14.55991]]],[[[120.54296,14.56353],[120.54305,14.56345],[120.54305,14.56336],[120.54287,14.56335],[120.54296,14.56353]]],[[[120.54359,14.56544],[120.54293,14.5657],[120.54228,14.56561],[120.54163,14.56578],[120.54293,14.56588],[120.54358,14.56571],[120.5434,14.56562],[120.54359,14.56544]]],[[[120.54395,14.5658],[120.54358,14.56571],[120.54358,14.5658],[120.54395,14.5658]]],[[[120.54124,14.56785],[120.54115,14.56767],[120.54115,14.56785],[120.54124,14.56785]]],[[[120.54299,14.56887],[120.54327,14.56896],[120.54327,14.56887],[120.54299,14.56887]]],[[[120.54269,14.57094],[120.54251,14.57076],[120.5425,14.57094],[120.54269,14.57094]]],[[[120.54259,14.57112],[120.54278,14.57121],[120.54278,14.57112],[120.54259,14.57112]]],[[[120.54278,14.57157],[120.54287,14.57185],[120.54296,14.57158],[120.54278,14.57157]]],[[[120.54277,14.5723],[120.54286,14.57212],[120.54277,14.57212],[120.54277,14.5723]]],[[[120.54286,14.57239],[120.54295,14.57266],[120.54295,14.57239],[120.54286,14.57239]]],[[[120.54313,14.5732],[120.54331,14.5733],[120.54331,14.57321],[120.54313,14.5732]]],[[[120.54482,14.5126],[120.54482,14.51215],[120.54464,14.51215],[120.54463,14.51278],[120.54482,14.5126]]],[[[120.54529,14.51179],[120.54546,14.51342],[120.54555,14.51342],[120.54557,14.51171],[120.54529,14.51179]]],[[[120.54472,14.51287],[120.54454,14.51287],[120.54463,14.51323],[120.54472,14.51323],[120.54472,14.51287]]],[[[120.54452,14.51431],[120.54462,14.51341],[120.54444,14.51341],[120.54424,14.51476],[120.54433,14.51476],[120.54452,14.51431]]],[[[120.54543,14.51568],[120.54564,14.51406],[120.54546,14.51351],[120.54544,14.51478],[120.54515,14.51595],[120.54534,14.51595],[120.54543,14.51568]]],[[[120.54424,14.51494],[120.54415,14.51476],[120.54414,14.51494],[120.54424,14.51494]]],[[[120.54414,14.51512],[120.54405,14.51494],[120.54405,14.51512],[120.54414,14.51512]]],[[[120.54673,14.51596],[120.54655,14.51578],[120.54636,14.51578],[120.54654,14.51605],[120.54673,14.51596]]],[[[120.54524,14.51622],[120.54524,14.51604],[120.54506,14.51595],[120.54506,14.51622],[120.54524,14.51622]]],[[[120.54515,14.51658],[120.54496,14.51631],[120.54496,14.51649],[120.54515,14.51658]]],[[[120.54487,14.51676],[120.54505,14.51667],[120.54496,14.51649],[120.54487,14.51649],[120.54487,14.51676]]],[[[120.54566,14.52056],[120.54547,14.52047],[120.54547,14.52056],[120.54566,14.52056]]],[[[120.54415,14.52244],[120.54434,14.52253],[120.54434,14.52244],[120.54415,14.52244]]],[[[120.54638,14.52265],[120.54666,14.52256],[120.54638,14.52246],[120.54638,14.52265]]],[[[120.54424,14.52289],[120.54406,14.52262],[120.54405,14.52298],[120.54424,14.52289]]],[[[120.546,14.52291],[120.54582,14.52282],[120.54582,14.523],[120.546,14.52291]]],[[[120.54396,14.52325],[120.54386,14.52343],[120.54396,14.52343],[120.54396,14.52325]]],[[[120.5464,14.52861],[120.54603,14.52851],[120.54603,14.5286],[120.5464,14.52861]]],[[[120.5451,14.52869],[120.54529,14.5286],[120.54511,14.52859],[120.5451,14.52869]]],[[[120.54603,14.52869],[120.54575,14.5286],[120.54575,14.52869],[120.54603,14.52869]]],[[[120.54571,14.54116],[120.54589,14.54125],[120.54589,14.54116],[120.54571,14.54116]]],[[[120.54435,14.55524],[120.54481,14.55506],[120.54435,14.55506],[120.54408,14.55469],[120.54389,14.55469],[120.54435,14.55524]]],[[[120.54528,14.55507],[120.545,14.55497],[120.545,14.55506],[120.54528,14.55507]]],[[[120.54444,14.55524],[120.54472,14.55533],[120.54472,14.55524],[120.54444,14.55524]]],[[[120.54414,14.55758],[120.5446,14.5575],[120.54395,14.5574],[120.54414,14.55758]]],[[[120.54534,14.55778],[120.54506,14.55787],[120.54534,14.55787],[120.54534,14.55778]]],[[[120.54571,14.55796],[120.5459,14.55787],[120.54571,14.55787],[120.54571,14.55796]]],[[[120.54654,14.55806],[120.54608,14.55797],[120.54608,14.55806],[120.54654,14.55806]]],[[[120.54542,14.55931],[120.54569,14.55923],[120.5457,14.55914],[120.54514,14.55913],[120.54542,14.55931]]],[[[120.54597,14.55932],[120.54579,14.55923],[120.54579,14.55932],[120.54597,14.55932]]],[[[120.54368,14.56562],[120.54396,14.56553],[120.54368,14.56553],[120.54368,14.56562]]],[[[120.54521,14.56916],[120.54549,14.56925],[120.54549,14.56916],[120.54521,14.56916]]],[[[120.54481,14.57169],[120.54509,14.57214],[120.54527,14.57214],[120.545,14.57169],[120.54481,14.57169]]],[[[120.54537,14.57214],[120.54518,14.57259],[120.54536,14.57268],[120.54537,14.57214]]],[[[120.54526,14.57368],[120.54517,14.5735],[120.54516,14.57368],[120.54526,14.57368]]],[[[120.54479,14.57421],[120.5446,14.57403],[120.5446,14.57421],[120.54479,14.57421]]],[[[120.54947,14.51138],[120.54919,14.51129],[120.54919,14.51138],[120.54947,14.51138]]],[[[120.54835,14.51173],[120.54845,14.51128],[120.5477,14.51227],[120.54807,14.51209],[120.54807,14.51191],[120.54835,14.51173]]],[[[120.54863,14.51183],[120.54862,14.51228],[120.54872,14.51228],[120.54882,14.51147],[120.54863,14.51183]]],[[[120.54751,14.51245],[120.54769,14.51254],[120.54779,14.51236],[120.5476,14.51227],[120.54751,14.51245]]],[[[120.54741,14.51281],[120.5476,14.51281],[120.5476,14.51263],[120.54741,14.51263],[120.54741,14.51281]]],[[[120.54872,14.51246],[120.54879,14.51373],[120.54889,14.51355],[120.5489,14.51237],[120.54872,14.51246]]],[[[120.54731,14.51407],[120.5475,14.5129],[120.54732,14.51281],[120.54731,14.51407]]],[[[120.54682,14.51596],[120.54682,14.51615],[120.5471,14.51606],[120.5471,14.51597],[120.54682,14.51596]]],[[[120.54719,14.51624],[120.54775,14.51616],[120.54775,14.51606],[120.54719,14.51606],[120.54719,14.51624]]],[[[120.54793,14.51616],[120.54821,14.51625],[120.54821,14.51616],[120.54793,14.51616]]],[[[120.54697,14.51922],[120.54669,14.51913],[120.54669,14.51931],[120.54752,14.52004],[120.54761,14.51986],[120.54724,14.51967],[120.54697,14.51922]]],[[[120.54788,14.52076],[120.54797,14.52122],[120.54797,14.52077],[120.54788,14.52076]]],[[[120.54908,14.52168],[120.54917,14.52186],[120.54917,14.52168],[120.54908,14.52168]]],[[[120.54777,14.52275],[120.54768,14.52248],[120.54767,14.52275],[120.54777,14.52275]]],[[[120.54887,14.52403],[120.54877,14.52394],[120.54868,14.52402],[120.54887,14.52403]]],[[[120.54687,14.52852],[120.54706,14.52843],[120.54687,14.52843],[120.54687,14.52852]]],[[[120.54855,14.54381],[120.54837,14.54372],[120.54837,14.54381],[120.54855,14.54381]]],[[[120.54866,14.55077],[120.54876,14.55059],[120.54857,14.55058],[120.54866,14.55077]]],[[[120.54913,14.55077],[120.54922,14.55095],[120.54922,14.55077],[120.54913,14.55077]]],[[[120.54931,14.55086],[120.5495,14.55096],[120.5495,14.55087],[120.54931,14.55086]]],[[[120.5476,14.55455],[120.5477,14.55437],[120.5476,14.55437],[120.5476,14.55455]]],[[[120.54778,14.55491],[120.54788,14.55482],[120.54788,14.55473],[120.54769,14.55473],[120.54778,14.55491]]],[[[120.54788,14.55491],[120.54769,14.555],[120.54769,14.55509],[120.54787,14.55509],[120.54788,14.55491]]],[[[120.54784,14.55798],[120.54682,14.55806],[120.54784,14.55808],[120.54784,14.55798]]],[[[120.5484,14.55808],[120.54868,14.55799],[120.5484,14.55799],[120.5484,14.55808]]],[[[120.547,14.55825],[120.54682,14.55815],[120.54682,14.55825],[120.547,14.55825]]],[[[120.54867,14.55817],[120.54923,14.55827],[120.54923,14.55818],[120.54867,14.55817]]],[[[120.54802,14.55826],[120.54821,14.55835],[120.54821,14.55826],[120.54802,14.55826]]],[[[120.54662,14.55978],[120.54708,14.55969],[120.54653,14.5596],[120.54662,14.55978]]],[[[120.54708,14.55987],[120.54736,14.55979],[120.54708,14.55978],[120.54708,14.55987]]],[[[120.54671,14.55996],[120.54699,14.55987],[120.54671,14.55987],[120.54671,14.55996]]],[[[120.54754,14.55997],[120.54736,14.55988],[120.54736,14.55997],[120.54754,14.55997]]],[[[120.54717,14.55997],[120.54736,14.56006],[120.54736,14.55997],[120.54717,14.55997]]],[[[120.54735,14.56015],[120.54745,14.56024],[120.54763,14.56024],[120.54754,14.56006],[120.54735,14.56015]]],[[[120.54772,14.56051],[120.54782,14.56033],[120.54772,14.56033],[120.54772,14.56051]]],[[[120.54808,14.56124],[120.54827,14.56106],[120.54836,14.56142],[120.54846,14.56088],[120.54782,14.56015],[120.54809,14.56061],[120.54808,14.56124]]],[[[120.54799,14.56133],[120.54808,14.56169],[120.54808,14.56133],[120.54799,14.56133]]],[[[120.54817,14.56187],[120.54808,14.56169],[120.54808,14.56187],[120.54817,14.56187]]],[[[120.54898,14.56423],[120.5487,14.56441],[120.54841,14.56495],[120.5486,14.56495],[120.54916,14.56432],[120.54898,14.56423]]],[[[120.54701,14.56647],[120.54673,14.56665],[120.54756,14.56665],[120.54756,14.56656],[120.54701,14.56647]]],[[[120.54718,14.56783],[120.54736,14.56783],[120.54736,14.56774],[120.54709,14.56764],[120.54718,14.56783]]],[[[120.54875,14.56856],[120.54782,14.56801],[120.54782,14.56828],[120.548,14.56847],[120.54856,14.56874],[120.54939,14.56875],[120.54957,14.56902],[120.54985,14.56903],[120.54986,14.56885],[120.54949,14.56866],[120.54875,14.56856]]],[[[120.54882,14.57055],[120.549,14.57046],[120.54882,14.57046],[120.54882,14.57055]]],[[[120.54854,14.57073],[120.54891,14.57082],[120.54891,14.57073],[120.54854,14.57073]]],[[[120.54684,14.57288],[120.54703,14.57297],[120.54703,14.57288],[120.54684,14.57288]]],[[[120.54786,14.57334],[120.54703,14.57297],[120.54739,14.57334],[120.54813,14.57371],[120.54869,14.57371],[120.54841,14.57362],[120.5486,14.57344],[120.54786,14.57334]]],[[[120.54887,14.57363],[120.54869,14.57353],[120.54869,14.57362],[120.54887,14.57363]]],[[[120.54915,14.57372],[120.54897,14.57363],[120.54897,14.57372],[120.54915,14.57372]]],[[[120.54943,14.57381],[120.54924,14.57372],[120.54924,14.57381],[120.54943,14.57381]]],[[[120.54906,14.5739],[120.54924,14.57381],[120.54906,14.57381],[120.54906,14.5739]]],[[[120.54943,14.57399],[120.54924,14.5739],[120.54924,14.57399],[120.54943,14.57399]]],[[[120.55085,14.51221],[120.55093,14.51303],[120.55104,14.51212],[120.55085,14.51221]]],[[[120.55083,14.51438],[120.55017,14.51464],[120.55008,14.51482],[120.55064,14.51465],[120.55083,14.51438]]],[[[120.55192,14.51584],[120.55183,14.51602],[120.55211,14.51593],[120.55211,14.51584],[120.55192,14.51584]]],[[[120.54946,14.52105],[120.54964,14.52114],[120.54964,14.52105],[120.54946,14.52105]]],[[[120.54961,14.52349],[120.54961,14.52403],[120.5497,14.52404],[120.5498,14.52386],[120.54961,14.52349]]],[[[120.5511,14.532],[120.55128,14.53182],[120.5511,14.53182],[120.5511,14.532]]],[[[120.55045,14.5319],[120.55054,14.53208],[120.55054,14.5319],[120.55045,14.5319]]],[[[120.55193,14.53228],[120.55211,14.53237],[120.55211,14.53228],[120.55193,14.53228]]],[[[120.55032,14.54329],[120.55051,14.54338],[120.55051,14.54329],[120.55032,14.54329]]],[[[120.55125,14.54357],[120.55143,14.54348],[120.55125,14.54348],[120.55125,14.54357]]],[[[120.55149,14.54655],[120.55121,14.54664],[120.55149,14.54664],[120.55149,14.54655]]],[[[120.55014,14.55132],[120.55033,14.55124],[120.55014,14.55123],[120.55014,14.55132]]],[[[120.55039,14.55431],[120.55057,14.55422],[120.55039,14.55422],[120.55039,14.55431]]],[[[120.55025,14.55792],[120.55007,14.55783],[120.55007,14.55792],[120.55025,14.55792]]],[[[120.55025,14.55801],[120.55044,14.5581],[120.55044,14.55801],[120.55025,14.55801]]],[[[120.55095,14.56172],[120.55068,14.56172],[120.55095,14.5619],[120.55095,14.56172]]],[[[120.55167,14.56417],[120.55186,14.56381],[120.55158,14.56372],[120.55167,14.56417]]],[[[120.55195,14.56417],[120.55186,14.56399],[120.55185,14.56417],[120.55195,14.56417]]],[[[120.55055,14.5647],[120.55073,14.56479],[120.55074,14.5647],[120.55055,14.5647]]],[[[120.55071,14.56696],[120.5496,14.56686],[120.5496,14.56704],[120.55071,14.56696]]],[[[120.55162,14.56869],[120.55162,14.56896],[120.55171,14.56896],[120.5518,14.56869],[120.55162,14.56869]]],[[[120.55162,14.56905],[120.55199,14.56914],[120.55199,14.56905],[120.55162,14.56905]]],[[[120.54965,14.57056],[120.54984,14.57065],[120.54984,14.57056],[120.54965,14.57056]]],[[[120.55011,14.57066],[120.5503,14.57075],[120.5503,14.57066],[120.55011,14.57066]]],[[[120.54955,14.57092],[120.54974,14.57083],[120.54955,14.57083],[120.54955,14.57092]]],[[[120.55104,14.57094],[120.55132,14.57085],[120.55104,14.57085],[120.55104,14.57094]]],[[[120.55039,14.57111],[120.55057,14.5712],[120.55057,14.57111],[120.55039,14.57111]]],[[[120.55178,14.57131],[120.55131,14.57139],[120.55177,14.5714],[120.55178,14.57131]]],[[[120.54961,14.57408],[120.54943,14.57399],[120.54943,14.57408],[120.54961,14.57408]]],[[[120.54961,14.57408],[120.5498,14.57418],[120.5498,14.57409],[120.54961,14.57408]]],[[[120.55323,14.51468],[120.55351,14.51459],[120.55324,14.51459],[120.55323,14.51468]]],[[[120.55444,14.51469],[120.55426,14.5146],[120.55425,14.51469],[120.55444,14.51469]]],[[[120.55416,14.51469],[120.55351,14.51477],[120.55416,14.51478],[120.55416,14.51469]]],[[[120.55305,14.51477],[120.55286,14.51476],[120.55323,14.51486],[120.55305,14.51477]]],[[[120.55231,14.51485],[120.55277,14.51494],[120.55277,14.51485],[120.55231,14.51485]]],[[[120.5522,14.51611],[120.55239,14.51593],[120.5522,14.51593],[120.5522,14.51611]]],[[[120.55387,14.51604],[120.55276,14.51612],[120.55387,14.51613],[120.55387,14.51604]]],[[[120.55275,14.51621],[120.55294,14.5163],[120.55294,14.51621],[120.55275,14.51621]]],[[[120.55252,14.52063],[120.55234,14.52054],[120.55233,14.52063],[120.55252,14.52063]]],[[[120.55371,14.52218],[120.55352,14.52218],[120.55352,14.52236],[120.55361,14.52236],[120.55371,14.52218]]],[[[120.55462,14.52364],[120.55388,14.5239],[120.55387,14.52408],[120.55453,14.52381],[120.55462,14.52364]]],[[[120.5535,14.52417],[120.55322,14.52407],[120.55322,14.52425],[120.5535,14.52417]]],[[[120.55285,14.52452],[120.55266,14.52461],[120.55285,14.52461],[120.55285,14.52452]]],[[[120.55423,14.52571],[120.55441,14.52562],[120.55423,14.52562],[120.55423,14.52571]]],[[[120.55469,14.52598],[120.55478,14.52581],[120.55469,14.5258],[120.55469,14.52598]]],[[[120.55448,14.52779],[120.55485,14.52806],[120.55522,14.52807],[120.55467,14.5277],[120.55448,14.52779]]],[[[120.55446,14.53005],[120.55473,14.53014],[120.55473,14.53005],[120.55446,14.53005]]],[[[120.55398,14.53131],[120.55416,14.5314],[120.55416,14.53131],[120.55398,14.53131]]],[[[120.55333,14.53139],[120.5537,14.53149],[120.5537,14.5314],[120.55333,14.53139]]],[[[120.55407,14.53158],[120.55453,14.53149],[120.55407,14.53149],[120.55407,14.53158]]],[[[120.55472,14.5315],[120.55462,14.53168],[120.55499,14.53186],[120.55491,14.53141],[120.55444,14.53131],[120.55472,14.5315]]],[[[120.55323,14.53157],[120.55342,14.53166],[120.55342,14.53157],[120.55323,14.53157]]],[[[120.55388,14.53167],[120.5537,14.53158],[120.5537,14.53167],[120.55388,14.53167]]],[[[120.55216,14.53671],[120.55234,14.5368],[120.55234,14.53671],[120.55216,14.53671]]],[[[120.55363,14.53736],[120.55373,14.53754],[120.5541,14.53745],[120.55382,14.53727],[120.55326,14.53726],[120.55363,14.53736]]],[[[120.55428,14.53754],[120.5541,14.53745],[120.5541,14.53754],[120.55428,14.53754]]],[[[120.55465,14.53773],[120.55465,14.53755],[120.55428,14.53754],[120.55437,14.53773],[120.55465,14.53773]]],[[[120.55493,14.53782],[120.55474,14.53773],[120.55474,14.53782],[120.55493,14.53782]]],[[[120.55422,14.54351],[120.55403,14.54341],[120.55403,14.5435],[120.55422,14.54351]]],[[[120.55375,14.54359],[120.55357,14.54341],[120.55329,14.54341],[120.55347,14.54359],[120.55375,14.54359]]],[[[120.55449,14.5436],[120.55477,14.54351],[120.55449,14.54351],[120.55449,14.5436]]],[[[120.55243,14.54611],[120.55206,14.54601],[120.55205,14.54619],[120.55243,14.54611]]],[[[120.55316,14.54711],[120.55288,14.54702],[120.55288,14.54711],[120.55316,14.54711]]],[[[120.55236,14.55207],[120.55254,14.55216],[120.55254,14.55207],[120.55236,14.55207]]],[[[120.55394,14.55209],[120.55412,14.55218],[120.55412,14.55209],[120.55394,14.55209]]],[[[120.55412,14.55227],[120.5544,14.55236],[120.5544,14.55227],[120.55412,14.55227]]],[[[120.55365,14.55235],[120.55291,14.55244],[120.55365,14.55244],[120.55365,14.55235]]],[[[120.55178,14.55387],[120.55234,14.55424],[120.55243,14.55406],[120.55178,14.55387]]],[[[120.55308,14.55443],[120.55243,14.55415],[120.55243,14.55433],[120.55308,14.55443]]],[[[120.55195,14.55514],[120.55232,14.55523],[120.55233,14.55514],[120.55195,14.55514]]],[[[120.55295,14.55768],[120.55267,14.55758],[120.55267,14.55767],[120.55295,14.55768]]],[[[120.55347,14.56048],[120.55412,14.56022],[120.55255,14.55993],[120.5518,14.56029],[120.55106,14.56037],[120.55051,14.56018],[120.55051,14.56036],[120.55217,14.56047],[120.55245,14.56029],[120.55301,14.5603],[120.55338,14.56057],[120.55403,14.56058],[120.55347,14.56048]],[[120.55292,14.56012],[120.55246,14.5602],[120.55246,14.56011],[120.55292,14.56012]]],[[[120.55422,14.56031],[120.55459,14.5604],[120.55459,14.56031],[120.55422,14.56031]]],[[[120.55468,14.56041],[120.55505,14.5605],[120.55505,14.56041],[120.55468,14.56041]]],[[[120.55431,14.56058],[120.55449,14.56067],[120.55449,14.56058],[120.55431,14.56058]]],[[[120.55458,14.56068],[120.55477,14.56077],[120.55477,14.56068],[120.55458,14.56068]]],[[[120.55243,14.56219],[120.55308,14.5622],[120.55308,14.56211],[120.55262,14.56201],[120.55243,14.56219]]],[[[120.55373,14.5622],[120.55327,14.56229],[120.55373,14.56238],[120.5541,14.56266],[120.55447,14.56266],[120.5541,14.56239],[120.55382,14.56238],[120.55373,14.5622]]],[[[120.5522,14.56607],[120.55202,14.56607],[120.55202,14.56643],[120.5522,14.56625],[120.5522,14.56607]]],[[[120.55387,14.56681],[120.55405,14.56672],[120.55387,14.56672],[120.55387,14.56681]]],[[[120.5532,14.56879],[120.55255,14.5686],[120.5518,14.56887],[120.55208,14.56887],[120.55199,14.56905],[120.55236,14.56905],[120.55264,14.56888],[120.55375,14.56889],[120.55422,14.56862],[120.55422,14.56835],[120.55394,14.56871],[120.5532,14.56879]]],[[[120.55317,14.57087],[120.55354,14.57096],[120.55354,14.57087],[120.55317,14.57087]]],[[[120.55252,14.57113],[120.5527,14.57123],[120.55271,14.57114],[120.55252,14.57113]]],[[[120.55305,14.57349],[120.55315,14.57331],[120.55259,14.5733],[120.55259,14.57339],[120.55305,14.57349]]],[[[120.55314,14.5734],[120.55314,14.57358],[120.55333,14.57349],[120.55333,14.5734],[120.55314,14.5734]]],[[[120.55595,14.51227],[120.55613,14.51245],[120.55623,14.51245],[120.55605,14.51209],[120.55595,14.51227]]],[[[120.55481,14.51469],[120.555,14.51479],[120.555,14.51469],[120.55481,14.51469]]],[[[120.55721,14.51562],[120.5573,14.51589],[120.5573,14.51562],[120.55721,14.51562]]],[[[120.5572,14.5168],[120.5572,14.51662],[120.55701,14.5167],[120.55701,14.51679],[120.5572,14.5168]]],[[[120.55683,14.51688],[120.55664,14.51679],[120.55664,14.51688],[120.55683,14.51688]]],[[[120.55667,14.52257],[120.55704,14.52267],[120.55704,14.5224],[120.55677,14.5223],[120.55667,14.52257]]],[[[120.55656,14.52429],[120.5561,14.52419],[120.5561,14.52428],[120.55656,14.52429]]],[[[120.55709,14.52682],[120.55727,14.52692],[120.55727,14.52682],[120.55709,14.52682]]],[[[120.55531,14.52816],[120.55587,14.52844],[120.55605,14.52835],[120.55569,14.52798],[120.55541,14.52798],[120.55531,14.52816]]],[[[120.55661,14.52826],[120.55642,14.52817],[120.55642,14.52826],[120.55661,14.52826]]],[[[120.55726,14.52854],[120.55716,14.52836],[120.55689,14.52827],[120.55689,14.52845],[120.55726,14.52854]]],[[[120.55518,14.5315],[120.55537,14.53159],[120.55537,14.5315],[120.55518,14.5315]]],[[[120.55646,14.53377],[120.55618,14.53386],[120.55655,14.53395],[120.55646,14.53377]]],[[[120.55744,14.53676],[120.55707,14.53667],[120.55707,14.53676],[120.55744,14.53676]]],[[[120.55743,14.53839],[120.55724,14.53821],[120.55705,14.53857],[120.55743,14.53839]]],[[[120.55627,14.54217],[120.55581,14.54226],[120.55627,14.54226],[120.55627,14.54217]]],[[[120.55562,14.54226],[120.55581,14.54235],[120.55581,14.54226],[120.55562,14.54226]]],[[[120.55655,14.54227],[120.55627,14.54235],[120.55655,14.54236],[120.55655,14.54227]]],[[[120.5567,14.54561],[120.55679,14.54579],[120.55679,14.54561],[120.5567,14.54561]]],[[[120.55589,14.55138],[120.55636,14.5513],[120.5558,14.55111],[120.55589,14.55138]]],[[[120.557,14.5514],[120.55635,14.55148],[120.557,14.55149],[120.557,14.5514]]],[[[120.55616,14.55211],[120.55644,14.55202],[120.55616,14.55202],[120.55616,14.55211]]],[[[120.55653,14.55211],[120.55672,14.55221],[120.55672,14.55212],[120.55653,14.55211]]],[[[120.55616,14.55229],[120.55634,14.55238],[120.55635,14.55229],[120.55616,14.55229]]],[[[120.55744,14.55366],[120.55596,14.55364],[120.55578,14.55346],[120.55531,14.55346],[120.55568,14.55373],[120.55651,14.55383],[120.55614,14.55419],[120.55567,14.55427],[120.55595,14.55437],[120.55623,14.55473],[120.55632,14.55419],[120.5567,14.55401],[120.55735,14.55402],[120.55819,14.55349],[120.55791,14.55348],[120.55773,14.5533],[120.55772,14.55348],[120.55744,14.55366]],[[120.55679,14.55392],[120.55716,14.55384],[120.55716,14.55393],[120.55679,14.55392]]],[[[120.55484,14.55408],[120.55512,14.55418],[120.55512,14.55409],[120.55484,14.55408]]],[[[120.5553,14.55418],[120.55567,14.55427],[120.55568,14.55418],[120.5553,14.55418]]],[[[120.55502,14.55472],[120.55521,14.55463],[120.55502,14.55463],[120.55502,14.55472]]],[[[120.55539,14.55472],[120.55558,14.55481],[120.55558,14.55472],[120.55539,14.55472]]],[[[120.55545,14.55779],[120.55499,14.55707],[120.55481,14.55697],[120.55517,14.5577],[120.55545,14.55779]]],[[[120.55514,14.56059],[120.55774,14.56044],[120.55616,14.56042],[120.55514,14.56059]]],[[[120.55495,14.56077],[120.55514,14.56086],[120.55514,14.56077],[120.55495,14.56077]]],[[[120.55532,14.56095],[120.55774,14.5608],[120.55607,14.56069],[120.55588,14.56087],[120.55532,14.56095]]],[[[120.55632,14.57108],[120.55586,14.57099],[120.55586,14.57108],[120.55632,14.57108]]],[[[120.55688,14.571],[120.55707,14.57109],[120.55707,14.571],[120.55688,14.571]]],[[[120.55558,14.57135],[120.55576,14.57144],[120.55576,14.57135],[120.55558,14.57135]]],[[[120.5566,14.57145],[120.55678,14.57136],[120.5566,14.57136],[120.5566,14.57145]]],[[[120.55604,14.57144],[120.55641,14.57154],[120.55641,14.57145],[120.55604,14.57144]]],[[[120.55815,14.57381],[120.55676,14.57317],[120.55547,14.57324],[120.55686,14.57335],[120.55759,14.57381],[120.55815,14.57381]]],[[[120.55526,14.57469],[120.55563,14.57478],[120.55563,14.57469],[120.55526,14.57469]]],[[[120.55573,14.57487],[120.55526,14.57496],[120.55572,14.57496],[120.55573,14.57487]]],[[[120.55913,14.51022],[120.55959,14.51014],[120.55941,14.50977],[120.55913,14.50986],[120.55913,14.51022]]],[[[120.55931,14.5104],[120.55922,14.51022],[120.55922,14.5104],[120.55931,14.5104]]],[[[120.55893,14.51085],[120.55903,14.51067],[120.55894,14.51067],[120.55893,14.51085]]],[[[120.55893,14.51157],[120.55911,14.5114],[120.55912,14.51094],[120.55903,14.51094],[120.55893,14.51157]]],[[[120.55755,14.51057],[120.55736,14.51056],[120.55734,14.51201],[120.55763,14.51138],[120.55755,14.51057]]],[[[120.55911,14.51167],[120.5592,14.51185],[120.5592,14.51167],[120.55911,14.51167]]],[[[120.55929,14.51221],[120.5592,14.51194],[120.5592,14.51221],[120.55929,14.51221]]],[[[120.55901,14.51239],[120.55911,14.51185],[120.55902,14.51185],[120.55901,14.51239]]],[[[120.55872,14.5132],[120.55891,14.51275],[120.5591,14.51266],[120.55901,14.51239],[120.55863,14.51293],[120.55872,14.5132]]],[[[120.55731,14.51553],[120.5574,14.51535],[120.55731,14.51535],[120.55731,14.51553]]],[[[120.55924,14.51646],[120.55878,14.516],[120.55878,14.51618],[120.55924,14.51646]]],[[[120.5575,14.52276],[120.5576,14.52258],[120.55751,14.52258],[120.5575,14.52276]]],[[[120.55768,14.52349],[120.55777,14.52367],[120.55777,14.52349],[120.55768,14.52349]]],[[[120.55832,14.5244],[120.55813,14.52448],[120.55832,14.52449],[120.55832,14.5244]]],[[[120.55711,14.52456],[120.55776,14.52448],[120.55711,14.52447],[120.55711,14.52456]]],[[[120.55859,14.52485],[120.55869,14.52467],[120.55813,14.52476],[120.55813,14.52485],[120.55859,14.52485]]],[[[120.55878,14.52494],[120.55859,14.52485],[120.55859,14.52494],[120.55878,14.52494]]],[[[120.55905,14.52531],[120.55915,14.52513],[120.55896,14.52504],[120.55896,14.52522],[120.55905,14.52531]]],[[[120.55887,14.52531],[120.55896,14.52549],[120.55896,14.52531],[120.55887,14.52531]]],[[[120.55868,14.52594],[120.55877,14.52576],[120.55868,14.52576],[120.55868,14.52594]]],[[[120.5583,14.52647],[120.55867,14.52621],[120.55849,14.52621],[120.5583,14.52647]]],[[[120.55802,14.52665],[120.55811,14.52647],[120.55802,14.52647],[120.55802,14.52665]]],[[[120.55792,14.52674],[120.55783,14.52665],[120.55765,14.52674],[120.55792,14.52674]]],[[[120.55746,14.52683],[120.55728,14.52673],[120.55727,14.52682],[120.55746,14.52683]]],[[[120.55799,14.52954],[120.55854,14.52973],[120.55901,14.52964],[120.56011,14.5302],[120.56011,14.53002],[120.55974,14.52992],[120.55956,14.52965],[120.55854,14.52946],[120.55817,14.52927],[120.55763,14.52864],[120.55735,14.52863],[120.55762,14.52882],[120.55771,14.52927],[120.55799,14.52954]]],[[[120.55909,14.53055],[120.55936,14.53091],[120.55983,14.53101],[120.55964,14.53073],[120.55909,14.53055]]],[[[120.55857,14.53542],[120.55866,14.53605],[120.55876,14.53533],[120.55857,14.53542]]],[[[120.55921,14.53606],[120.55903,14.53579],[120.55893,14.53624],[120.55912,14.53624],[120.55921,14.53606]]],[[[120.55818,14.53686],[120.55837,14.53677],[120.55837,14.53659],[120.55819,14.53659],[120.55818,14.53686]]],[[[120.55926,14.53986],[120.55945,14.53995],[120.55945,14.53986],[120.55926,14.53986]]],[[[120.55766,14.54219],[120.55738,14.54209],[120.55738,14.54218],[120.55766,14.54219]]],[[[120.55766,14.54228],[120.55794,14.54237],[120.55794,14.54228],[120.55766,14.54228]]],[[[120.55726,14.5448],[120.55726,14.54498],[120.55745,14.54499],[120.55745,14.5449],[120.55726,14.5448]]],[[[120.55772,14.54571],[120.5579,14.54571],[120.5579,14.54562],[120.55763,14.54553],[120.55772,14.54571]]],[[[120.55939,14.54537],[120.55939,14.54555],[120.55846,14.54545],[120.55809,14.54562],[120.5592,14.54564],[120.55957,14.54591],[120.55957,14.54609],[120.55994,14.5461],[120.55967,14.54537],[120.55939,14.54537]]],[[[120.55734,14.54598],[120.55753,14.54607],[120.55753,14.54598],[120.55734,14.54598]]],[[[120.55787,14.54824],[120.55722,14.54842],[120.55731,14.5486],[120.55796,14.54842],[120.55787,14.54824]]],[[[120.5586,14.54979],[120.55878,14.54988],[120.55878,14.54979],[120.5586,14.54979]]],[[[120.55868,14.5506],[120.55887,14.55069],[120.55887,14.5506],[120.55868,14.5506]]],[[[120.55849,14.55105],[120.55868,14.55114],[120.55868,14.55105],[120.55849,14.55105]]],[[[120.55756,14.55122],[120.55784,14.55113],[120.55756,14.55113],[120.55756,14.55122]]],[[[120.55803,14.55123],[120.55831,14.55114],[120.55803,14.55114],[120.55803,14.55123]]],[[[120.55765,14.55131],[120.55793,14.55141],[120.55793,14.55131],[120.55765,14.55131]]],[[[120.55812,14.55132],[120.5583,14.55141],[120.5583,14.55132],[120.55812,14.55132]]],[[[120.55728,14.5514],[120.55747,14.55149],[120.55747,14.5514],[120.55728,14.5514]]],[[[120.55921,14.55295],[120.55903,14.55277],[120.55903,14.55295],[120.55921,14.55295]]],[[[120.5594,14.55296],[120.55958,14.55305],[120.55958,14.55296],[120.5594,14.55296]]],[[[120.5593,14.55314],[120.55921,14.55304],[120.55912,14.55313],[120.5593,14.55314]]],[[[120.55903,14.55313],[120.558,14.55321],[120.55902,14.55322],[120.55903,14.55313]]],[[[120.55918,14.55557],[120.55946,14.55549],[120.55919,14.55548],[120.55918,14.55557]]],[[[120.5593,14.56217],[120.55957,14.56226],[120.55958,14.56217],[120.5593,14.56217]]],[[[120.5593,14.56235],[120.55902,14.56226],[120.55902,14.56235],[120.5593,14.56235]]],[[[120.55883,14.56244],[120.55902,14.56235],[120.55883,14.56235],[120.55883,14.56244]]],[[[120.55865,14.56243],[120.55883,14.56253],[120.55883,14.56244],[120.55865,14.56243]]],[[[120.5578,14.56315],[120.55669,14.56305],[120.55558,14.56322],[120.55632,14.5634],[120.55715,14.56332],[120.55743,14.56351],[120.55817,14.56351],[120.55873,14.56316],[120.55873,14.56271],[120.55985,14.56245],[120.55929,14.56244],[120.55892,14.56262],[120.55846,14.56252],[120.55818,14.56297],[120.5578,14.56315]],[[120.55864,14.56262],[120.55855,14.5627],[120.55855,14.56261],[120.55864,14.56262]]],[[[120.55729,14.56775],[120.55747,14.56784],[120.55747,14.56775],[120.55729,14.56775]]],[[[120.55803,14.56785],[120.55775,14.56776],[120.55775,14.56785],[120.55803,14.56785]]],[[[120.55744,14.57119],[120.55771,14.5711],[120.55744,14.57109],[120.55744,14.57119]]],[[[120.5579,14.57119],[120.55808,14.57128],[120.55808,14.57119],[120.5579,14.57119]]],[[[120.55827,14.57137],[120.55845,14.57129],[120.55827,14.57128],[120.55827,14.57137]]],[[[120.55762,14.57173],[120.55789,14.57164],[120.55762,14.57164],[120.55762,14.57173]]],[[[120.55824,14.57381],[120.55852,14.57391],[120.55852,14.57382],[120.55824,14.57381]]],[[[120.5587,14.57391],[120.55935,14.57392],[120.55935,14.57383],[120.5587,14.57391]]],[[[120.55806,14.5739],[120.55824,14.57399],[120.55824,14.5739],[120.55806,14.5739]]],[[[120.55963,14.57401],[120.55945,14.57392],[120.55945,14.57401],[120.55963,14.57401]]],[[[120.55926,14.574],[120.55944,14.5741],[120.55945,14.57401],[120.55926,14.574]]],[[[120.56014,14.51068],[120.55996,14.51059],[120.55996,14.51041],[120.55959,14.51014],[120.56005,14.51086],[120.56014,14.51068]]],[[[120.56023,14.51123],[120.56032,14.51096],[120.56014,14.51086],[120.56014,14.51104],[120.56023,14.51123]]],[[[120.56132,14.51322],[120.56215,14.5135],[120.56234,14.51342],[120.56132,14.51322]]],[[[120.55982,14.51438],[120.56001,14.51448],[120.56001,14.51439],[120.55982,14.51438]]],[[[120.5601,14.51466],[120.56038,14.51457],[120.56001,14.51448],[120.5601,14.51466]]],[[[120.56056,14.51484],[120.56065,14.51475],[120.56065,14.51466],[120.56047,14.51466],[120.56056,14.51484]]],[[[120.56111,14.51503],[120.56121,14.51494],[120.56121,14.51485],[120.56102,14.51485],[120.56111,14.51503]]],[[[120.5613,14.51494],[120.56148,14.51503],[120.56149,14.51494],[120.5613,14.51494]]],[[[120.56176,14.51513],[120.56158,14.51503],[120.56158,14.51512],[120.56176,14.51513]]],[[[120.56063,14.51638],[120.56073,14.51656],[120.56073,14.51638],[120.56063,14.51638]]],[[[120.56082,14.51656],[120.56072,14.51683],[120.56082,14.51683],[120.56082,14.51656]]],[[[120.56023,14.51918],[120.56005,14.51908],[120.56005,14.51917],[120.56023,14.51918]]],[[[120.56173,14.52624],[120.56192,14.52633],[120.56192,14.52624],[120.56173,14.52624]]],[[[120.56135,14.52696],[120.56108,14.52695],[120.56107,14.52705],[120.56135,14.52714],[120.56135,14.52696]]],[[[120.55977,14.52739],[120.56005,14.52731],[120.55977,14.5273],[120.55977,14.52739]]],[[[120.56144,14.52732],[120.56126,14.52723],[120.56116,14.5275],[120.56125,14.5275],[120.56144,14.52732]]],[[[120.56163,14.52732],[120.56162,14.52777],[120.562,14.52742],[120.56163,14.52732]]],[[[120.56143,14.52867],[120.56207,14.52886],[120.56217,14.52868],[120.56143,14.52867]]],[[[120.56168,14.53076],[120.5615,14.53066],[120.5615,14.53075],[120.56168,14.53076]]],[[[120.56047,14.53147],[120.56056,14.53129],[120.56038,14.53128],[120.56047,14.53147]]],[[[120.56222,14.53239],[120.56157,14.53229],[120.56138,14.53256],[120.56222,14.53239]]],[[[120.56154,14.53527],[120.56145,14.535],[120.56145,14.53527],[120.56154,14.53527]]],[[[120.56153,14.53617],[120.56153,14.53654],[120.56162,14.53627],[120.56199,14.53618],[120.56153,14.53617]]],[[[120.55986,14.53652],[120.55967,14.53643],[120.55967,14.53652],[120.55986,14.53652]]],[[[120.56188,14.53789],[120.56068,14.53752],[120.5616,14.53807],[120.56179,14.53798],[120.56179,14.53816],[120.56197,14.53808],[120.56188,14.53789]]],[[[120.56121,14.53969],[120.56131,14.53942],[120.56066,14.53951],[120.56084,14.53969],[120.56121,14.53969]]],[[[120.55982,14.5395],[120.55954,14.53977],[120.5601,14.5395],[120.55982,14.5395]]],[[[120.56272,14.54649],[120.56346,14.54622],[120.56263,14.54603],[120.5616,14.54656],[120.56058,14.54664],[120.56169,14.54675],[120.56207,14.54648],[120.56244,14.54648],[120.56206,14.54666],[120.56234,14.54675],[120.5629,14.54667],[120.5629,14.54649],[120.56272,14.54649]]],[[[120.56021,14.54637],[120.5604,14.54646],[120.5604,14.54637],[120.56021,14.54637]]],[[[120.56206,14.54684],[120.5616,14.54684],[120.5616,14.54693],[120.56206,14.54684]]],[[[120.5615,14.54702],[120.56095,14.54692],[120.56095,14.54701],[120.5615,14.54702]]],[[[120.55991,14.5489],[120.56009,14.54899],[120.56009,14.5489],[120.55991,14.5489]]],[[[120.56119,14.5499],[120.56129,14.54972],[120.5612,14.54972],[120.56119,14.5499]]],[[[120.56055,14.5499],[120.56073,14.54999],[120.56073,14.5499],[120.56055,14.5499]]],[[[120.56045,14.55017],[120.56063,14.55026],[120.56064,14.55017],[120.56045,14.55017]]],[[[120.56132,14.55533],[120.5615,14.55542],[120.56151,14.55533],[120.56132,14.55533]]],[[[120.55965,14.55585],[120.55983,14.55576],[120.55965,14.55576],[120.55965,14.55585]]],[[[120.56193,14.55904],[120.56174,14.55894],[120.56174,14.55903],[120.56193,14.55904]]],[[[120.56165,14.55912],[120.56146,14.55912],[120.56146,14.5593],[120.56156,14.5593],[120.56165,14.55912]]],[[[120.56183,14.5594],[120.56165,14.5593],[120.56165,14.55948],[120.56183,14.5594]]],[[[120.56127,14.55957],[120.56109,14.55957],[120.56081,14.55966],[120.56127,14.55957]]],[[[120.56062,14.55965],[120.56016,14.55983],[120.55978,14.56028],[120.5595,14.56037],[120.55839,14.56044],[120.55959,14.56055],[120.55959,14.56073],[120.55838,14.5609],[120.55996,14.561],[120.56024,14.56064],[120.56061,14.56056],[120.56098,14.56092],[120.56135,14.56102],[120.56108,14.56056],[120.56108,14.56002],[120.5608,14.56038],[120.56062,14.56038],[120.56053,14.56011],[120.56071,14.55993],[120.56118,14.55993],[120.56146,14.55966],[120.56109,14.55975],[120.56062,14.55965]]],[[[120.56153,14.5612],[120.5619,14.56147],[120.56218,14.56148],[120.56227,14.56175],[120.56237,14.5613],[120.56181,14.56102],[120.56154,14.56102],[120.56153,14.5612]]],[[[120.56097,14.56201],[120.55976,14.56218],[120.56115,14.56219],[120.56097,14.56201]]],[[[120.56134,14.56228],[120.56115,14.56219],[120.56115,14.56228],[120.56134,14.56228]]],[[[120.56171,14.56229],[120.56208,14.56238],[120.56208,14.5622],[120.56199,14.56229],[120.56171,14.56229]]],[[[120.56134,14.56228],[120.56152,14.56246],[120.56171,14.56247],[120.56162,14.56228],[120.56134,14.56228]]],[[[120.5605,14.56236],[120.56013,14.56245],[120.5605,14.56245],[120.5605,14.56236]]],[[[120.56078,14.56255],[120.56106,14.56246],[120.56078,14.56246],[120.56078,14.56255]]],[[[120.5617,14.56292],[120.56133,14.56282],[120.56143,14.56264],[120.56106,14.56255],[120.56124,14.56273],[120.56114,14.56291],[120.5617,14.56292]]],[[[120.56207,14.56283],[120.5618,14.56274],[120.56179,14.56283],[120.56207,14.56283]]],[[[120.56026,14.56706],[120.56082,14.56743],[120.56073,14.56697],[120.56026,14.56706]]],[[[120.56023,14.57031],[120.56051,14.5704],[120.56051,14.57031],[120.56023,14.57031]]],[[[120.5604,14.57176],[120.56067,14.57185],[120.56068,14.57176],[120.5604,14.57176]]],[[[120.56095,14.57176],[120.56123,14.57186],[120.56123,14.57177],[120.56095,14.57176]]],[[[120.56197,14.57186],[120.56216,14.57178],[120.56197,14.57177],[120.56197,14.57186]]],[[[120.56188,14.57195],[120.5616,14.57186],[120.5616,14.57195],[120.56188,14.57195]]],[[[120.55928,14.5722],[120.56002,14.5723],[120.56002,14.57221],[120.55928,14.5722]]],[[[120.56011,14.5723],[120.56039,14.57239],[120.56039,14.5723],[120.56011,14.5723]]],[[[120.5615,14.57231],[120.56113,14.5724],[120.5615,14.5724],[120.5615,14.57231]]],[[[120.56095,14.5724],[120.56048,14.57248],[120.56095,14.57249],[120.56095,14.5724]]],[[[120.55991,14.5741],[120.56019,14.57401],[120.55991,14.57401],[120.55991,14.5741]]],[[[120.56037,14.5742],[120.56019,14.5741],[120.56019,14.5742],[120.56037,14.5742]]],[[[120.56,14.57428],[120.56019,14.5742],[120.56,14.57419],[120.56,14.57428]]],[[[120.56183,14.57665],[120.56164,14.57656],[120.56164,14.57665],[120.56183,14.57665]]],[[[120.56192,14.57692],[120.56173,14.57683],[120.56173,14.57692],[120.56192,14.57692]]],[[[120.56317,14.50529],[120.5628,14.50538],[120.56317,14.50538],[120.56317,14.50529]]],[[[120.56362,14.50593],[120.56381,14.50575],[120.56372,14.5053],[120.56363,14.5053],[120.56362,14.50593]]],[[[120.56425,14.5082],[120.56406,14.5081],[120.56406,14.50819],[120.56425,14.5082]]],[[[120.56453,14.50829],[120.56434,14.5082],[120.56434,14.50829],[120.56453,14.50829]]],[[[120.56294,14.50927],[120.56276,14.50908],[120.56275,14.50926],[120.56294,14.50927]]],[[[120.56256,14.5099],[120.56275,14.50999],[120.56275,14.50981],[120.56256,14.50971],[120.56256,14.5099]]],[[[120.56265,14.51026],[120.56274,14.51044],[120.56274,14.51026],[120.56265,14.51026]]],[[[120.56264,14.51071],[120.56246,14.51062],[120.56246,14.51089],[120.56264,14.51071]]],[[[120.56236,14.51116],[120.56227,14.51098],[120.56227,14.51116],[120.56236,14.51116]]],[[[120.56412,14.51163],[120.56449,14.51172],[120.56449,14.51163],[120.56412,14.51163]]],[[[120.56373,14.51334],[120.56391,14.51343],[120.56391,14.51334],[120.56373,14.51334]]],[[[120.56345,14.51352],[120.56373,14.51361],[120.56373,14.51352],[120.56345,14.51352]]],[[[120.56243,14.51369],[120.56308,14.5136],[120.56243,14.5136],[120.56243,14.51369]]],[[[120.56456,14.5138],[120.56484,14.51371],[120.56456,14.51371],[120.56456,14.5138]]],[[[120.56446,14.51407],[120.56455,14.51425],[120.56456,14.51407],[120.56446,14.51407]]],[[[120.56256,14.5183],[120.56247,14.51812],[120.56247,14.5183],[120.56256,14.5183]]],[[[120.56282,14.52038],[120.56356,14.52048],[120.56365,14.5203],[120.56282,14.52038]]],[[[120.56439,14.52085],[120.56458,14.52058],[120.56365,14.52039],[120.56374,14.52057],[120.56402,14.52057],[120.56439,14.52085]]],[[[120.56399,14.52292],[120.56418,14.52301],[120.56418,14.52292],[120.56399,14.52292]]],[[[120.56353,14.5231],[120.56371,14.52319],[120.56371,14.5231],[120.56353,14.5231]]],[[[120.5639,14.52319],[120.56408,14.52328],[120.56408,14.52319],[120.5639,14.52319]]],[[[120.56418,14.52337],[120.56483,14.52311],[120.56427,14.52319],[120.56418,14.52337]]],[[[120.56296,14.52381],[120.56371,14.52382],[120.56389,14.524],[120.56417,14.52392],[120.56389,14.52373],[120.56296,14.52381]]],[[[120.56278,14.52399],[120.56269,14.52381],[120.56231,14.5239],[120.56231,14.52399],[120.56278,14.52399]]],[[[120.56463,14.52419],[120.56445,14.5241],[120.56444,14.52419],[120.56463,14.52419]]],[[[120.56254,14.52833],[120.56245,14.5286],[120.56273,14.5286],[120.56329,14.52824],[120.56301,14.52815],[120.56282,14.52833],[120.56254,14.52833]]],[[[120.56345,14.52987],[120.56364,14.52987],[120.56364,14.52969],[120.56346,14.52969],[120.56345,14.52987]]],[[[120.56233,14.53058],[120.56206,14.53049],[120.56206,14.53058],[120.56233,14.53058]]],[[[120.56363,14.5306],[120.56336,14.5305],[120.56335,14.53059],[120.56363,14.5306]]],[[[120.56363,14.53069],[120.56372,14.53078],[120.56391,14.53078],[120.56382,14.5306],[120.56363,14.53069]]],[[[120.56307,14.53068],[120.56344,14.53077],[120.56345,14.53068],[120.56307,14.53068]]],[[[120.564,14.53096],[120.56391,14.53078],[120.56391,14.53096],[120.564,14.53096]]],[[[120.56417,14.53187],[120.56409,14.53159],[120.56408,14.53186],[120.56417,14.53187]]],[[[120.56352,14.53204],[120.56297,14.53194],[120.56297,14.53203],[120.56352,14.53204]]],[[[120.56269,14.53212],[120.56213,14.53202],[120.56213,14.53212],[120.56269,14.53212]]],[[[120.56343,14.53231],[120.56287,14.53221],[120.56287,14.5323],[120.56343,14.53231]]],[[[120.5638,14.53231],[120.56352,14.53231],[120.56352,14.5324],[120.5638,14.53249],[120.5638,14.53231]]],[[[120.56209,14.53636],[120.56227,14.53627],[120.56209,14.53627],[120.56209,14.53636]]],[[[120.56236,14.53636],[120.56255,14.53646],[120.56255,14.53637],[120.56236,14.53636]]],[[[120.5629,14.53854],[120.56271,14.53845],[120.56271,14.53854],[120.5629,14.53854]]],[[[120.56308,14.53863],[120.56299,14.53836],[120.56299,14.53863],[120.56308,14.53863]]],[[[120.56234,14.53862],[120.56243,14.53844],[120.56234,14.53844],[120.56234,14.53862]]],[[[120.56436,14.54018],[120.56492,14.53991],[120.56436,14.54],[120.56436,14.54018]]],[[[120.56408,14.54009],[120.56418,14.54027],[120.56418,14.54009],[120.56408,14.54009]]],[[[120.5639,14.54035],[120.5638,14.54026],[120.56362,14.54035],[120.5639,14.54035]]],[[[120.56362,14.54044],[120.56334,14.54035],[120.56334,14.54044],[120.56362,14.54044]]],[[[120.5637,14.54162],[120.56351,14.54153],[120.56351,14.54162],[120.5637,14.54162]]],[[[120.56388,14.54171],[120.5637,14.54162],[120.5637,14.54171],[120.56388,14.54171]]],[[[120.56471,14.54199],[120.56434,14.54181],[120.56434,14.54199],[120.56471,14.54199]]],[[[120.56266,14.54287],[120.56257,14.54323],[120.56266,14.54323],[120.56266,14.54287]]],[[[120.56247,14.54341],[120.56257,14.54323],[120.56247,14.54323],[120.56247,14.54341]]],[[[120.56365,14.54613],[120.56383,14.54623],[120.56383,14.54614],[120.56365,14.54613]]],[[[120.56337,14.54649],[120.56299,14.54658],[120.56336,14.54658],[120.56337,14.54649]]],[[[120.56418,14.54813],[120.56529,14.54823],[120.56529,14.54814],[120.56418,14.54813]]],[[[120.56372,14.54812],[120.5627,14.5482],[120.56409,14.54831],[120.56372,14.54812]]],[[[120.56341,14.55083],[120.56359,14.55092],[120.5636,14.55083],[120.56341,14.55083]]],[[[120.56454,14.55798],[120.56435,14.55789],[120.56435,14.55798],[120.56454,14.55798]]],[[[120.56314,14.55887],[120.56397,14.55879],[120.56425,14.55861],[120.56435,14.55816],[120.56416,14.55816],[120.56398,14.55851],[120.56295,14.55859],[120.56323,14.55869],[120.56314,14.55887]]],[[[120.56295,14.55878],[120.56249,14.55877],[120.56249,14.55886],[120.56295,14.55878]]],[[[120.56212,14.55886],[120.56239,14.55895],[120.56239,14.55886],[120.56212,14.55886]]],[[[120.56295,14.55887],[120.56314,14.55896],[120.56314,14.55887],[120.56295,14.55887]]],[[[120.56246,14.56112],[120.56274,14.56121],[120.56274,14.56112],[120.56246,14.56112]]],[[[120.56357,14.56176],[120.56375,14.56186],[120.56375,14.56177],[120.56357,14.56176]]],[[[120.56403,14.56186],[120.56431,14.56177],[120.56403,14.56177],[120.56403,14.56186]]],[[[120.56487,14.56178],[120.56459,14.56186],[120.56487,14.56187],[120.56487,14.56178]]],[[[120.56208,14.56193],[120.56217,14.5622],[120.56218,14.56193],[120.56208,14.56193]]],[[[120.56347,14.56221],[120.56366,14.56231],[120.56366,14.56222],[120.56347,14.56221]]],[[[120.56245,14.56247],[120.56254,14.56211],[120.56245,14.56211],[120.56245,14.56247]]],[[[120.56421,14.56231],[120.56375,14.5624],[120.56421,14.5624],[120.56421,14.56231]]],[[[120.56245,14.56265],[120.56235,14.56256],[120.56226,14.56265],[120.56245,14.56265]]],[[[120.56207,14.56265],[120.56226,14.56274],[120.56226,14.56265],[120.56207,14.56265]]],[[[120.56321,14.56863],[120.5634,14.56854],[120.56322,14.56854],[120.56321,14.56863]]],[[[120.56402,14.57152],[120.56383,14.57143],[120.56383,14.57152],[120.56402,14.57152]]],[[[120.56272,14.57151],[120.5629,14.5716],[120.5629,14.57151],[120.56272,14.57151]]],[[[120.56309,14.57161],[120.56383,14.57152],[120.56309,14.57152],[120.56309,14.57161]]],[[[120.5629,14.57215],[120.56262,14.57205],[120.56262,14.57214],[120.5629,14.57215]]],[[[120.56392,14.57207],[120.56345,14.57215],[120.56392,14.57216],[120.56392,14.57207]]],[[[120.56215,14.57223],[120.56234,14.57232],[120.56234,14.57223],[120.56215,14.57223]]],[[[120.56445,14.57451],[120.56473,14.57433],[120.56417,14.57424],[120.56426,14.57442],[120.56445,14.57451]]],[[[120.56463,14.57451],[120.56482,14.5746],[120.56482,14.57451],[120.56463,14.57451]]],[[[120.56266,14.57657],[120.56322,14.57658],[120.5634,14.57676],[120.5634,14.57694],[120.56303,14.57703],[120.56368,14.57703],[120.56368,14.57721],[120.56386,14.57703],[120.56387,14.57676],[120.56359,14.57667],[120.56341,14.57631],[120.56285,14.57621],[120.56276,14.57603],[120.56258,14.57621],[120.56239,14.57603],[120.56266,14.57657]]],[[[120.5622,14.57675],[120.56248,14.57666],[120.5622,14.57666],[120.5622,14.57675]]],[[[120.56248,14.57684],[120.56275,14.57675],[120.56248,14.57675],[120.56248,14.57684]]],[[[120.56294,14.57693],[120.56275,14.57684],[120.56275,14.57693],[120.56294,14.57693]]],[[[120.56669,14.50542],[120.56641,14.50524],[120.56623,14.50524],[120.56632,14.50542],[120.56669,14.50542]]],[[[120.56453,14.50802],[120.56518,14.50812],[120.56518,14.50803],[120.56453,14.50802]]],[[[120.56508,14.5083],[120.56527,14.50821],[120.56508,14.5082],[120.56508,14.5083]]],[[[120.56616,14.51129],[120.56644,14.51138],[120.56644,14.51129],[120.56616,14.51129]]],[[[120.5656,14.51173],[120.56625,14.51147],[120.56598,14.51138],[120.5656,14.51173]]],[[[120.56551,14.51164],[120.56449,14.51172],[120.56449,14.51181],[120.56551,14.51182],[120.56551,14.51164]]],[[[120.56613,14.51382],[120.56567,14.51372],[120.56567,14.51381],[120.56613,14.51382]]],[[[120.56539,14.51417],[120.56549,14.51381],[120.56539,14.51381],[120.56539,14.51417]]],[[[120.56529,14.51453],[120.56539,14.51417],[120.5653,14.51417],[120.56529,14.51453]]],[[[120.5652,14.51489],[120.56529,14.51453],[120.5652,14.51453],[120.5652,14.51489]]],[[[120.56666,14.51671],[120.56657,14.51653],[120.56657,14.51671],[120.56666,14.51671]]],[[[120.56526,14.51706],[120.56463,14.51615],[120.56517,14.51724],[120.56526,14.51706]]],[[[120.56535,14.51733],[120.56517,14.51733],[120.56516,14.51805],[120.56498,14.51805],[120.56507,14.51823],[120.56525,14.51823],[120.56535,14.51806],[120.56535,14.51733]]],[[[120.56525,14.51851],[120.56516,14.51832],[120.56516,14.5185],[120.56525,14.51851]]],[[[120.56515,14.51914],[120.56524,14.51896],[120.56515,14.51896],[120.56515,14.51914]]],[[[120.5655,14.52068],[120.56513,14.52058],[120.56513,14.52067],[120.5655,14.52068]]],[[[120.56467,14.52067],[120.56485,14.52076],[120.56485,14.52067],[120.56467,14.52067]]],[[[120.56522,14.52085],[120.5655,14.52077],[120.56522,14.52076],[120.56522,14.52085]]],[[[120.56613,14.52231],[120.56632,14.5224],[120.56632,14.52231],[120.56613,14.52231]]],[[[120.56669,14.5225],[120.56687,14.52259],[120.56687,14.5225],[120.56669,14.5225]]],[[[120.56613,14.52267],[120.56632,14.52258],[120.56613,14.52258],[120.56613,14.52267]]],[[[120.56547,14.52339],[120.5652,14.52329],[120.56501,14.52293],[120.56492,14.5232],[120.56538,14.52357],[120.56547,14.52339]]],[[[120.56603,14.52366],[120.56584,14.52384],[120.56602,14.52384],[120.56667,14.52457],[120.56667,14.52439],[120.56603,14.52366]]],[[[120.56491,14.52428],[120.56472,14.52419],[120.56472,14.52428],[120.56491,14.52428]]],[[[120.56592,14.52484],[120.56611,14.52475],[120.56592,14.52475],[120.56592,14.52484]]],[[[120.5662,14.52484],[120.56638,14.52493],[120.56638,14.52484],[120.5662,14.52484]]],[[[120.56648,14.52493],[120.56666,14.52503],[120.56666,14.52493],[120.56648,14.52493]]],[[[120.56657,14.5253],[120.56666,14.52539],[120.56684,14.52539],[120.56675,14.52521],[120.56657,14.5253]]],[[[120.56634,14.52855],[120.56616,14.52845],[120.56616,14.52872],[120.56625,14.52873],[120.56634,14.52855]]],[[[120.56625,14.529],[120.56634,14.52882],[120.56625,14.52882],[120.56625,14.529]]],[[[120.56456,14.53024],[120.5654,14.53007],[120.56521,14.53007],[120.56512,14.52989],[120.56494,14.53007],[120.56466,14.53006],[120.56456,14.53024]]],[[[120.56632,14.53053],[120.56651,14.53062],[120.56651,14.53053],[120.56632,14.53053]]],[[[120.56619,14.53451],[120.56628,14.53433],[120.56619,14.53433],[120.56619,14.53451]]],[[[120.56571,14.5354],[120.56599,14.5355],[120.56627,14.53541],[120.56627,14.53523],[120.56571,14.5354]]],[[[120.56497,14.53531],[120.5646,14.53548],[120.56562,14.53549],[120.56497,14.53531]]],[[[120.56682,14.53578],[120.56664,14.5356],[120.56664,14.53578],[120.56682,14.53578]]],[[[120.56512,14.53874],[120.56577,14.53884],[120.56614,14.53893],[120.56595,14.53875],[120.56512,14.53874]]],[[[120.56632,14.53903],[120.56614,14.53893],[120.56614,14.53902],[120.56632,14.53903]]],[[[120.5651,14.5401],[120.56492,14.54],[120.56492,14.54009],[120.5651,14.5401]]],[[[120.5652,14.5401],[120.56538,14.54019],[120.56538,14.5401],[120.5652,14.5401]]],[[[120.56547,14.54028],[120.56612,14.5402],[120.56547,14.54019],[120.56547,14.54028]]],[[[120.56639,14.5411],[120.56658,14.5412],[120.56658,14.54111],[120.56639,14.5411]]],[[[120.56658,14.5412],[120.56732,14.54138],[120.56732,14.5412],[120.56695,14.54093],[120.56667,14.54111],[120.56695,14.5412],[120.56658,14.5412]]],[[[120.5663,14.54137],[120.56648,14.54129],[120.5663,14.54128],[120.5663,14.54137]]],[[[120.56583,14.54155],[120.56565,14.54146],[120.56565,14.54155],[120.56583,14.54155]]],[[[120.56596,14.54679],[120.56577,14.5467],[120.56577,14.54679],[120.56596,14.54679]]],[[[120.56605,14.54688],[120.56624,14.54697],[120.56624,14.54688],[120.56605,14.54688]]],[[[120.56696,14.54816],[120.56724,14.54807],[120.56697,14.54807],[120.56696,14.54816]]],[[[120.56641,14.54815],[120.56659,14.54824],[120.56659,14.54815],[120.56641,14.54815]]],[[[120.56539,14.54823],[120.56613,14.54833],[120.56613,14.54824],[120.56539,14.54823]]],[[[120.56724,14.54825],[120.56687,14.54834],[120.56724,14.54834],[120.56724,14.54825]]],[[[120.5652,14.54832],[120.56436,14.5484],[120.5652,14.54841],[120.5652,14.54832]]],[[[120.56641,14.54833],[120.56678,14.54843],[120.56678,14.54834],[120.56641,14.54833]]],[[[120.56631,14.54842],[120.56538,14.5485],[120.56631,14.54851],[120.56631,14.54842]]],[[[120.5666,14.55601],[120.5666,14.55637],[120.56678,14.55638],[120.56669,14.55628],[120.5666,14.55601]]],[[[120.56678,14.55665],[120.56687,14.55647],[120.56678,14.55647],[120.56678,14.55665]]],[[[120.56627,14.56116],[120.56645,14.56125],[120.56654,14.56107],[120.56627,14.56116]]],[[[120.56598,14.56134],[120.56617,14.56143],[120.56617,14.56134],[120.56598,14.56134]]],[[[120.56598,14.56152],[120.56571,14.56142],[120.5657,14.56151],[120.56598,14.56152]]],[[[120.5657,14.5616],[120.56543,14.56151],[120.56543,14.5616],[120.5657,14.5616]]],[[[120.56524,14.56169],[120.56543,14.5616],[120.56524,14.5616],[120.56524,14.56169]]],[[[120.56524,14.56178],[120.56496,14.56169],[120.56496,14.56178],[120.56524,14.56178]]],[[[120.56561,14.56206],[120.56523,14.56232],[120.56458,14.56232],[120.56421,14.56249],[120.56486,14.56268],[120.56532,14.56232],[120.56635,14.56206],[120.56663,14.56161],[120.56635,14.56188],[120.56561,14.56206]]],[[[120.56559,14.56386],[120.56568,14.56368],[120.56559,14.56368],[120.56559,14.56386]]],[[[120.56466,14.56376],[120.56457,14.56394],[120.5654,14.56395],[120.5654,14.56386],[120.56466,14.56376]]],[[[120.56763,14.5637],[120.56679,14.5636],[120.56586,14.56386],[120.56586,14.56414],[120.56567,14.56431],[120.56465,14.56458],[120.56428,14.56484],[120.56363,14.56484],[120.56261,14.56437],[120.56242,14.56455],[120.56372,14.56493],[120.56381,14.56511],[120.56418,14.56511],[120.56428,14.56493],[120.56455,14.56494],[120.56474,14.56476],[120.56567,14.56459],[120.56614,14.56414],[120.56679,14.56396],[120.56763,14.56397],[120.56716,14.56388],[120.56716,14.5637],[120.56744,14.56379],[120.56763,14.5637]],[[120.56661,14.56387],[120.56689,14.56379],[120.56688,14.56388],[120.56661,14.56387]],[[120.56661,14.56387],[120.56623,14.56396],[120.56624,14.56387],[120.56661,14.56387]]],[[[120.56481,14.5672],[120.56499,14.56729],[120.56499,14.5672],[120.56481,14.5672]]],[[[120.56676,14.56722],[120.56703,14.56731],[120.56703,14.56722],[120.56676,14.56722]]],[[[120.56666,14.56731],[120.56648,14.56739],[120.56666,14.5674],[120.56666,14.56731]]],[[[120.5662,14.56739],[120.56638,14.56748],[120.56638,14.56739],[120.5662,14.56739]]],[[[120.56592,14.56748],[120.5661,14.56757],[120.5661,14.56748],[120.56592,14.56748]]],[[[120.5668,14.57119],[120.56625,14.5711],[120.56625,14.57119],[120.5668,14.57119]]],[[[120.56513,14.57127],[120.56532,14.57118],[120.56513,14.57118],[120.56513,14.57127]]],[[[120.56578,14.57118],[120.56606,14.57128],[120.56606,14.57118],[120.56578,14.57118]]],[[[120.56467,14.57135],[120.56495,14.57126],[120.56467,14.57126],[120.56467,14.57135]]],[[[120.56698,14.57165],[120.56661,14.57155],[120.56661,14.57164],[120.56698,14.57165]]],[[[120.56531,14.57181],[120.56568,14.5719],[120.56568,14.57181],[120.56531,14.57181]]],[[[120.56482,14.57442],[120.5651,14.57452],[120.5651,14.57443],[120.56482,14.57442]]],[[[120.56519,14.57452],[120.56538,14.57461],[120.56538,14.57452],[120.56519,14.57452]]],[[[120.5651,14.5747],[120.56491,14.57461],[120.56491,14.5747],[120.5651,14.5747]]],[[[120.56556,14.5747],[120.56574,14.5748],[120.56575,14.5747],[120.56556,14.5747]]],[[[120.56593,14.57489],[120.56611,14.57498],[120.56611,14.57489],[120.56593,14.57489]]],[[[120.56648,14.57507],[120.56611,14.57498],[120.56611,14.57507],[120.56648,14.57507]]],[[[120.56593,14.57516],[120.56574,14.57507],[120.56574,14.57516],[120.56593,14.57516]]],[[[120.56695,14.57508],[120.56713,14.57517],[120.56713,14.57508],[120.56695,14.57508]]],[[[120.5662,14.57525],[120.56639,14.57534],[120.56639,14.57525],[120.5662,14.57525]]],[[[120.56676,14.57526],[120.56694,14.57535],[120.56695,14.57526],[120.56676,14.57526]]],[[[120.56791,14.50399],[120.56865,14.50409],[120.56865,14.504],[120.56791,14.50399]]],[[[120.56825,14.50697],[120.56807,14.50688],[120.56806,14.50697],[120.56825,14.50697]]],[[[120.56936,14.50698],[120.56992,14.50708],[120.56992,14.50699],[120.56936,14.50698]]],[[[120.56945,14.5078],[120.56954,14.50762],[120.56945,14.50762],[120.56945,14.5078]]],[[[120.56988,14.5106],[120.56979,14.51042],[120.56979,14.5106],[120.56988,14.5106]]],[[[120.56784,14.51094],[120.56737,14.51076],[120.56691,14.51075],[120.56774,14.51103],[120.56774,14.51139],[120.56746,14.51139],[120.56764,14.51157],[120.56802,14.5114],[120.56784,14.51094]]],[[[120.56727,14.51148],[120.56746,14.51157],[120.56746,14.51148],[120.56727,14.51148]]],[[[120.56799,14.51366],[120.56818,14.51375],[120.56818,14.51366],[120.56799,14.51366]]],[[[120.56815,14.5161],[120.56815,14.51637],[120.56824,14.51637],[120.56815,14.5161]]],[[[120.56991,14.51621],[120.56991,14.51657],[120.57009,14.51648],[120.56991,14.51621]]],[[[120.56824,14.51655],[120.56852,14.51655],[120.56824,14.51637],[120.56824,14.51655]]],[[[120.5686,14.5171],[120.56869,14.51728],[120.5687,14.5171],[120.5686,14.5171]]],[[[120.56859,14.51809],[120.56869,14.51791],[120.5685,14.51791],[120.56859,14.51809]]],[[[120.56762,14.52214],[120.56818,14.52215],[120.56827,14.52188],[120.56762,14.52214]]],[[[120.56836,14.52197],[120.56799,14.52251],[120.56771,14.52251],[120.56771,14.5226],[120.56845,14.52242],[120.56855,14.52197],[120.56836,14.52197]]],[[[120.56882,14.52252],[120.56929,14.52252],[120.56929,14.52243],[120.56892,14.52225],[120.56882,14.52252]]],[[[120.56864,14.52234],[120.56845,14.52242],[120.56845,14.52251],[120.56873,14.52252],[120.56864,14.52234]]],[[[120.56814,14.52549],[120.5675,14.52503],[120.56675,14.52503],[120.5674,14.52512],[120.56731,14.52539],[120.56693,14.52557],[120.56749,14.52558],[120.56758,14.52585],[120.56786,14.52603],[120.56823,14.52594],[120.56786,14.52576],[120.56786,14.52558],[120.56814,14.52549]]],[[[120.56868,14.52667],[120.5685,14.5264],[120.5685,14.52676],[120.56868,14.52667]]],[[[120.56887,14.52676],[120.56868,14.52667],[120.56868,14.52676],[120.56887,14.52676]]],[[[120.56932,14.52749],[120.56942,14.52731],[120.56933,14.52731],[120.56932,14.52749]]],[[[120.56969,14.52804],[120.57006,14.52813],[120.57006,14.52804],[120.56969,14.52804]]],[[[120.5695,14.52813],[120.56969,14.52822],[120.56969,14.52813],[120.5695,14.52813]]],[[[120.56772,14.53019],[120.56781,14.53037],[120.56753,14.53045],[120.56827,14.53046],[120.56837,14.53019],[120.56892,14.53029],[120.56883,14.53011],[120.56772,14.53019]]],[[[120.56929,14.53038],[120.56948,14.53048],[120.56948,14.53038],[120.56929,14.53038]]],[[[120.5687,14.53372],[120.56879,14.5339],[120.56879,14.53372],[120.5687,14.53372]]],[[[120.56906,14.53427],[120.56879,14.5339],[120.56879,14.53426],[120.56906,14.53454],[120.56906,14.53427]]],[[[120.56933,14.53535],[120.56924,14.53508],[120.56924,14.53535],[120.56933,14.53535]]],[[[120.56933,14.53553],[120.56941,14.53644],[120.56951,14.53553],[120.56933,14.53553]]],[[[120.5696,14.53599],[120.5695,14.53644],[120.5696,14.53644],[120.5696,14.53599]]],[[[120.56755,14.53705],[120.56765,14.53669],[120.56755,14.53669],[120.56755,14.53705]]],[[[120.56941,14.53671],[120.56921,14.53779],[120.56949,14.53779],[120.56941,14.53671]]],[[[120.56959,14.53734],[120.56949,14.5377],[120.56958,14.5377],[120.56959,14.53734]]],[[[120.56628,14.54309],[120.56793,14.54428],[120.56821,14.54419],[120.56822,14.54401],[120.56738,14.54382],[120.56665,14.54318],[120.56628,14.54309]]],[[[120.56939,14.54719],[120.56985,14.5471],[120.56939,14.54701],[120.56939,14.54719]]],[[[120.56789,14.54808],[120.56762,14.54798],[120.56761,14.54807],[120.56789,14.54808]]],[[[120.56799,14.54808],[120.56817,14.54817],[120.56817,14.54808],[120.56799,14.54808]]],[[[120.56825,14.54898],[120.56835,14.5488],[120.56826,14.5488],[120.56825,14.54898]]],[[[120.56844,14.5488],[120.56853,14.54899],[120.56853,14.54881],[120.56844,14.5488]]],[[[120.56872,14.54917],[120.56899,14.54908],[120.56872,14.54908],[120.56872,14.54917]]],[[[120.56909,14.54917],[120.56936,14.54927],[120.56936,14.54918],[120.56909,14.54917]]],[[[120.5689,14.54926],[120.56844,14.54935],[120.5689,14.54935],[120.5689,14.54926]]],[[[120.56861,14.55874],[120.56982,14.55858],[120.57029,14.55813],[120.57103,14.55841],[120.57149,14.55841],[120.57149,14.55814],[120.57094,14.55795],[120.57001,14.55795],[120.56973,14.55839],[120.56908,14.55866],[120.56824,14.55865],[120.56814,14.55892],[120.56861,14.55874]]],[[[120.56814,14.55892],[120.56768,14.55901],[120.56768,14.55919],[120.56805,14.5591],[120.56814,14.55892]]],[[[120.56841,14.56019],[120.56859,14.56028],[120.56859,14.56019],[120.56841,14.56019]]],[[[120.56804,14.56036],[120.56822,14.56028],[120.56804,14.56027],[120.56804,14.56036]]],[[[120.56748,14.56063],[120.56729,14.56054],[120.56729,14.56063],[120.56748,14.56063]]],[[[120.56969,14.56174],[120.56979,14.56156],[120.56969,14.56156],[120.56969,14.56174]]],[[[120.5696,14.56192],[120.56969,14.56174],[120.5696,14.56174],[120.5696,14.56192]]],[[[120.56969,14.56201],[120.56978,14.56219],[120.56978,14.56201],[120.56969,14.56201]]],[[[120.56978,14.56246],[120.56996,14.56237],[120.56978,14.56228],[120.56978,14.56246]]],[[[120.56829,14.56281],[120.56847,14.56281],[120.56876,14.56245],[120.56829,14.56253],[120.56829,14.56281]]],[[[120.56856,14.56344],[120.56809,14.56353],[120.56856,14.56353],[120.56856,14.56344]]],[[[120.5693,14.56381],[120.56958,14.56372],[120.5693,14.56372],[120.5693,14.56381]]],[[[120.56763,14.56379],[120.5679,14.56389],[120.56791,14.5638],[120.56763,14.56379]]],[[[120.56874,14.5638],[120.56893,14.5639],[120.56893,14.56381],[120.56874,14.5638]]],[[[120.56902,14.5639],[120.5692,14.56399],[120.5692,14.5639],[120.56902,14.5639]]],[[[120.56957,14.5639],[120.56976,14.564],[120.56976,14.56391],[120.56957,14.5639]]],[[[120.56935,14.56742],[120.56907,14.56733],[120.56907,14.56742],[120.56935,14.56742]]],[[[120.56904,14.57031],[120.56941,14.57041],[120.56941,14.57032],[120.56904,14.57031]]],[[[120.56988,14.57032],[120.56978,14.5705],[120.56941,14.5705],[120.56987,14.57059],[120.56997,14.57041],[120.57015,14.57041],[120.56988,14.57032]]],[[[120.56737,14.57057],[120.56792,14.57066],[120.56792,14.57057],[120.56737,14.57057]]],[[[120.56783,14.57102],[120.56801,14.57111],[120.56801,14.57102],[120.56783,14.57102]]],[[[120.5695,14.57113],[120.56931,14.57104],[120.56931,14.57113],[120.5695,14.57113]]],[[[120.56773,14.5712],[120.56755,14.57111],[120.56755,14.5712],[120.56773,14.5712]]],[[[120.56949,14.57167],[120.5693,14.57185],[120.56967,14.57167],[120.56977,14.57131],[120.56996,14.57132],[120.57005,14.57114],[120.5695,14.57113],[120.56949,14.57167]]],[[[120.56893,14.57203],[120.56921,14.57212],[120.56921,14.57194],[120.56893,14.57203]]],[[[120.56893,14.57221],[120.56865,14.57212],[120.56865,14.57221],[120.56893,14.57221]]],[[[120.56732,14.57517],[120.5675,14.57527],[120.5675,14.57517],[120.56732,14.57517]]],[[[120.56834,14.57527],[120.56815,14.57536],[120.56834,14.57536],[120.56834,14.57527]]],[[[120.56935,14.57547],[120.5688,14.57537],[120.5688,14.57546],[120.56935,14.57547]]],[[[120.56945,14.57547],[120.56963,14.57556],[120.56963,14.57547],[120.56945,14.57547]]],[[[120.56917,14.57564],[120.5687,14.57573],[120.56917,14.57573],[120.56917,14.57564]]],[[[120.56926,14.57574],[120.56944,14.57583],[120.56944,14.57574],[120.56926,14.57574]]],[[[120.56963,14.57592],[120.56944,14.57583],[120.56944,14.57592],[120.56963,14.57592]]],[[[120.56981,14.57601],[120.56963,14.57592],[120.56963,14.57601],[120.56981,14.57601]]],[[[120.56739,14.57725],[120.56757,14.57734],[120.56757,14.57725],[120.56739,14.57725]]],[[[120.56914,14.57811],[120.56812,14.57771],[120.56812,14.57789],[120.56821,14.57798],[120.56914,14.57811]]],[[[120.57014,14.50392],[120.57041,14.50401],[120.57042,14.50392],[120.57014,14.50392]]],[[[120.56992,14.50681],[120.5701,14.5069],[120.57011,14.50681],[120.56992,14.50681]]],[[[120.5702,14.5069],[120.57038,14.50681],[120.5702,14.50681],[120.5702,14.5069]]],[[[120.57192,14.51044],[120.57211,14.51054],[120.57211,14.51045],[120.57192,14.51044]]],[[[120.57053,14.5107],[120.57071,14.51079],[120.57071,14.5107],[120.57053,14.5107]]],[[[120.57155,14.51071],[120.57173,14.5108],[120.57173,14.51071],[120.57155,14.51071]]],[[[120.57237,14.5118],[120.57274,14.5119],[120.57274,14.51181],[120.57237,14.5118]]],[[[120.57209,14.51189],[120.57228,14.51198],[120.57228,14.51189],[120.57209,14.51189]]],[[[120.57031,14.51323],[120.57068,14.51332],[120.57068,14.51323],[120.57031,14.51323]]],[[[120.57186,14.51632],[120.57167,14.51622],[120.57167,14.51631],[120.57186,14.51632]]],[[[120.57195,14.5165],[120.57223,14.51641],[120.57186,14.51632],[120.57195,14.5165]]],[[[120.57009,14.51684],[120.57018,14.51702],[120.57018,14.51684],[120.57009,14.51684]]],[[[120.57173,14.51921],[120.57183,14.51894],[120.57174,14.51893],[120.57173,14.51921]]],[[[120.57155,14.51929],[120.57164,14.51893],[120.57155,14.51893],[120.57155,14.51929]]],[[[120.57192,14.51939],[120.57183,14.51921],[120.57182,14.51939],[120.57192,14.51939]]],[[[120.57095,14.52263],[120.57105,14.52236],[120.57096,14.52236],[120.57095,14.52263]]],[[[120.57122,14.5239],[120.57066,14.52416],[120.57056,14.52452],[120.57131,14.52399],[120.57122,14.5239]]],[[[120.57293,14.52816],[120.57202,14.52725],[120.57247,14.52798],[120.57266,14.52816],[120.57293,14.52816]]],[[[120.57015,14.52831],[120.57006,14.52813],[120.57006,14.52831],[120.57015,14.52831]]],[[[120.57005,14.52885],[120.57033,14.52859],[120.57024,14.52831],[120.56987,14.52876],[120.57005,14.52885]]],[[[120.57069,14.52967],[120.57079,14.5294],[120.57069,14.5294],[120.57069,14.52967]]],[[[120.57078,14.52968],[120.57078,14.53004],[120.57096,14.53022],[120.57097,14.52995],[120.57078,14.52968]]],[[[120.57096,14.53022],[120.57105,14.5304],[120.57106,14.53022],[120.57096,14.53022]]],[[[120.57133,14.53095],[120.57124,14.53067],[120.57123,14.53095],[120.57133,14.53095]]],[[[120.57151,14.53104],[120.57142,14.53077],[120.57142,14.53104],[120.57151,14.53104]]],[[[120.57067,14.5313],[120.57039,14.53148],[120.57039,14.53166],[120.56992,14.53211],[120.57011,14.53211],[120.57048,14.53175],[120.57067,14.5313]]],[[[120.57196,14.53204],[120.57187,14.53186],[120.57112,14.53266],[120.57168,14.5324],[120.57196,14.53204]]],[[[120.57218,14.53764],[120.57227,14.53782],[120.57227,14.53764],[120.57218,14.53764]]],[[[120.57245,14.53819],[120.57227,14.53809],[120.57235,14.53873],[120.57245,14.53873],[120.57245,14.53819]]],[[[120.57235,14.539],[120.57244,14.53918],[120.57244,14.539],[120.57235,14.539]]],[[[120.5711,14.54332],[120.571,14.5435],[120.57119,14.5435],[120.5711,14.54332]]],[[[120.57138,14.54332],[120.57146,14.54405],[120.57147,14.54323],[120.57064,14.54295],[120.57091,14.54332],[120.57138,14.54332]]],[[[120.57136,14.54441],[120.57146,14.54423],[120.57137,14.54423],[120.57136,14.54441]]],[[[120.57136,14.5445],[120.57127,14.54468],[120.57136,14.54468],[120.57136,14.5445]]],[[[120.5708,14.54476],[120.57117,14.54486],[120.57118,14.54477],[120.5708,14.54476]]],[[[120.5708,14.54531],[120.57098,14.5454],[120.57098,14.54531],[120.5708,14.54531]]],[[[120.57078,14.54738],[120.57115,14.54739],[120.57133,14.54721],[120.57068,14.5472],[120.57078,14.54738]]],[[[120.56992,14.54909],[120.57011,14.54918],[120.57011,14.54909],[120.56992,14.54909]]],[[[120.57029,14.54909],[120.57057,14.54919],[120.57057,14.5491],[120.57029,14.54909]]],[[[120.57195,14.55887],[120.57223,14.55896],[120.57223,14.55887],[120.57195,14.55887]]],[[[120.57176,14.55905],[120.57158,14.55896],[120.57158,14.55905],[120.57176,14.55905]]],[[[120.57072,14.5613],[120.57071,14.56148],[120.5709,14.56157],[120.57136,14.56157],[120.57155,14.56139],[120.57155,14.56112],[120.57072,14.5613]]],[[[120.57005,14.56255],[120.57016,14.56165],[120.57044,14.56147],[120.57044,14.56129],[120.56979,14.56147],[120.57006,14.56156],[120.57005,14.56255]]],[[[120.57032,14.56364],[120.57013,14.56355],[120.57013,14.56364],[120.57032,14.56364]]],[[[120.57134,14.56356],[120.57153,14.56365],[120.57153,14.56356],[120.57134,14.56356]]],[[[120.57041,14.56382],[120.57069,14.56373],[120.57041,14.56373],[120.57041,14.56382]]],[[[120.57125,14.56374],[120.57078,14.56383],[120.57124,14.56383],[120.57125,14.56374]]],[[[120.5702,14.56635],[120.57038,14.56644],[120.57038,14.56635],[120.5702,14.56635]]],[[[120.57071,14.57024],[120.5709,14.57033],[120.5709,14.57024],[120.57071,14.57024]]],[[[120.57164,14.57052],[120.57191,14.57061],[120.57191,14.57052],[120.57164,14.57052]]],[[[120.57219,14.57053],[120.57238,14.57062],[120.57238,14.57053],[120.57219,14.57053]]],[[[120.57089,14.57078],[120.57107,14.57088],[120.57108,14.57079],[120.57089,14.57078]]],[[[120.57218,14.57179],[120.57181,14.5717],[120.57181,14.57179],[120.57199,14.57188],[120.57218,14.57179]]],[[[120.57162,14.57188],[120.57181,14.57197],[120.57181,14.57188],[120.57162,14.57188]]],[[[120.57067,14.57385],[120.57049,14.57376],[120.57049,14.57385],[120.57067,14.57385]]],[[[120.57178,14.57404],[120.57197,14.57396],[120.57178,14.57395],[120.57178,14.57404]]],[[[120.57262,14.57423],[120.57206,14.57414],[120.57206,14.57423],[120.57262,14.57423]]],[[[120.57169,14.57422],[120.57196,14.57432],[120.57197,14.57423],[120.57169,14.57422]]],[[[120.57169,14.57413],[120.57067,14.57385],[120.57095,14.57413],[120.57094,14.57431],[120.57076,14.5744],[120.56927,14.57456],[120.56909,14.57438],[120.56853,14.57428],[120.56853,14.57446],[120.56918,14.57474],[120.5702,14.57475],[120.57113,14.5744],[120.57169,14.57441],[120.57122,14.57431],[120.57122,14.57413],[120.57169,14.57413]]],[[[120.57376,14.50378],[120.57431,14.50387],[120.57431,14.50378],[120.57376,14.50378]]],[[[120.57371,14.50829],[120.5738,14.50802],[120.57371,14.50802],[120.57371,14.50829]]],[[[120.57444,14.5093],[120.5738,14.5083],[120.5738,14.50866],[120.57425,14.5092],[120.57443,14.50975],[120.57444,14.5093]]],[[[120.57277,14.50901],[120.57314,14.5091],[120.57314,14.50901],[120.57277,14.50901]]],[[[120.5735,14.50983],[120.57388,14.50983],[120.5736,14.50974],[120.57342,14.50928],[120.57314,14.5091],[120.5735,14.50983]]],[[[120.57469,14.51165],[120.57478,14.51183],[120.57478,14.51165],[120.57469,14.51165]]],[[[120.57391,14.51498],[120.57252,14.51488],[120.57271,14.51506],[120.57345,14.51507],[120.57391,14.51525],[120.57437,14.51517],[120.57391,14.51498]]],[[[120.57428,14.51535],[120.57456,14.51517],[120.57437,14.51517],[120.57428,14.51535]]],[[[120.57465,14.51526],[120.57484,14.51535],[120.57484,14.51526],[120.57465,14.51526]]],[[[120.57306,14.51678],[120.57287,14.51687],[120.57306,14.51687],[120.57306,14.51678]]],[[[120.57261,14.52409],[120.57279,14.524],[120.57261,14.524],[120.57261,14.52409]]],[[[120.57471,14.52692],[120.57489,14.52701],[120.57489,14.52692],[120.57471,14.52692]]],[[[120.57387,14.52718],[120.57452,14.52727],[120.5748,14.5271],[120.57443,14.527],[120.57424,14.52718],[120.57387,14.52718]]],[[[120.5733,14.52853],[120.57312,14.52843],[120.57311,14.52853],[120.5733,14.52853]]],[[[120.57432,14.52899],[120.57395,14.5288],[120.57385,14.52898],[120.57459,14.52971],[120.57459,14.52953],[120.57422,14.52926],[120.57432,14.52899]],[[120.57422,14.52917],[120.57413,14.52908],[120.57422,14.52908],[120.57422,14.52917]]],[[[120.57459,14.52944],[120.57477,14.52963],[120.57477,14.52945],[120.57459,14.52944]]],[[[120.5729,14.53087],[120.573,14.5306],[120.57291,14.5306],[120.5729,14.53087]]],[[[120.57281,14.53105],[120.57299,14.53123],[120.57299,14.53105],[120.57281,14.53105]]],[[[120.5729,14.53123],[120.57262,14.5315],[120.5728,14.5315],[120.5729,14.53123]]],[[[120.57249,14.53475],[120.57267,14.53512],[120.57313,14.53521],[120.57304,14.53494],[120.57249,14.53475]]],[[[120.57295,14.53539],[120.57304,14.53521],[120.57295,14.53521],[120.57295,14.53539]]],[[[120.57322,14.53566],[120.57313,14.53548],[120.57313,14.53566],[120.57322,14.53566]]],[[[120.5734,14.53594],[120.57331,14.53575],[120.57331,14.53594],[120.5734,14.53594]]],[[[120.57433,14.53658],[120.57423,14.5364],[120.57423,14.53658],[120.57433,14.53658]]],[[[120.5745,14.53712],[120.57469,14.53721],[120.57469,14.53712],[120.5745,14.53712]]],[[[120.57477,14.53803],[120.57487,14.53785],[120.57478,14.53785],[120.57477,14.53803]]],[[[120.57468,14.53821],[120.57477,14.53803],[120.57468,14.53803],[120.57468,14.53821]]],[[[120.57308,14.54054],[120.57317,14.54072],[120.57317,14.54054],[120.57308,14.54054]]],[[[120.57344,14.54082],[120.57335,14.54063],[120.57335,14.54081],[120.57344,14.54082]]],[[[120.57326,14.5409],[120.57317,14.54072],[120.57317,14.5409],[120.57326,14.5409]]],[[[120.57344,14.54109],[120.57354,14.54091],[120.57344,14.54091],[120.57344,14.54109]]],[[[120.57335,14.54127],[120.57326,14.54099],[120.57325,14.54127],[120.57335,14.54127]]],[[[120.57372,14.54145],[120.57362,14.54127],[120.57362,14.54145],[120.57372,14.54145]]],[[[120.57381,14.54163],[120.57372,14.54145],[120.57371,14.54163],[120.57381,14.54163]]],[[[120.57408,14.54209],[120.57399,14.54191],[120.57399,14.54209],[120.57408,14.54209]]],[[[120.57417,14.54218],[120.57426,14.54236],[120.57426,14.54218],[120.57417,14.54218]]],[[[120.57427,14.55049],[120.57464,14.55059],[120.57464,14.55049],[120.57427,14.55049]]],[[[120.57399,14.55058],[120.57417,14.55067],[120.57417,14.55058],[120.57399,14.55058]]],[[[120.57444,14.5514],[120.57453,14.55158],[120.57453,14.5514],[120.57444,14.5514]]],[[[120.57471,14.55203],[120.5749,14.55194],[120.57471,14.55194],[120.57471,14.55203]]],[[[120.57253,14.55616],[120.57281,14.55608],[120.57254,14.55607],[120.57253,14.55616]]],[[[120.57309,14.55617],[120.57291,14.55608],[120.57291,14.55617],[120.57309,14.55617]]],[[[120.57334,14.55879],[120.57353,14.55889],[120.57353,14.55879],[120.57334,14.55879]]],[[[120.57278,14.55915],[120.57296,14.55924],[120.57297,14.55915],[120.57278,14.55915]]],[[[120.57397,14.56106],[120.57499,14.56053],[120.57564,14.56044],[120.5763,14.55964],[120.5763,14.55919],[120.57584,14.559],[120.57584,14.55945],[120.57555,14.5599],[120.5749,14.56007],[120.57397,14.56061],[120.57341,14.5606],[120.57313,14.56087],[120.57304,14.56123],[120.57331,14.56123],[120.57369,14.56096],[120.57397,14.56106]],[[120.57583,14.55999],[120.57564,14.56017],[120.57555,14.56017],[120.57574,14.55981],[120.57583,14.55999]],[[120.57583,14.55981],[120.57593,14.55972],[120.57593,14.55981],[120.57583,14.55981]],[[120.57518,14.56026],[120.57509,14.56035],[120.57509,14.56026],[120.57518,14.56026]]],[[[120.57229,14.56131],[120.5722,14.56167],[120.57294,14.56159],[120.57313,14.56141],[120.57304,14.56123],[120.57285,14.56132],[120.57285,14.56105],[120.57229,14.56131]],[[120.57257,14.56131],[120.57275,14.5615],[120.57238,14.56149],[120.57238,14.5614],[120.57257,14.56131]]],[[[120.57318,14.5653],[120.57336,14.56521],[120.57318,14.56521],[120.57318,14.5653]]],[[[120.57373,14.56521],[120.57429,14.56531],[120.57429,14.56522],[120.57373,14.56521]]],[[[120.5739,14.56666],[120.57446,14.56657],[120.5739,14.56657],[120.5739,14.56666]]],[[[120.57372,14.56675],[120.57353,14.56665],[120.57353,14.56675],[120.57372,14.56675]]],[[[120.57452,14.56965],[120.57341,14.56963],[120.57331,14.56981],[120.57452,14.56983],[120.57452,14.56965]]],[[[120.57321,14.57054],[120.57256,14.57044],[120.57256,14.57053],[120.57321,14.57054]]],[[[120.5733,14.57063],[120.57339,14.57081],[120.5734,14.57063],[120.5733,14.57063]]],[[[120.57349,14.57099],[120.57339,14.57081],[120.57339,14.57099],[120.57349,14.57099]]],[[[120.57301,14.57162],[120.57311,14.57153],[120.57292,14.57135],[120.57301,14.57162]]],[[[120.57274,14.57153],[120.57292,14.57162],[120.57292,14.57153],[120.57274,14.57153]]],[[[120.57431,14.57217],[120.57458,14.57227],[120.57459,14.57218],[120.57431,14.57217]]],[[[120.57402,14.57335],[120.5742,14.57344],[120.5742,14.57335],[120.57402,14.57335]]],[[[120.57448,14.57353],[120.57476,14.57344],[120.57448,14.57344],[120.57448,14.57353]]],[[[120.57355,14.57379],[120.57336,14.5737],[120.57336,14.57379],[120.57355,14.57379]]],[[[120.57429,14.57371],[120.57457,14.5738],[120.57457,14.57371],[120.57429,14.57371]]],[[[120.57271,14.57387],[120.5729,14.57379],[120.57271,14.57378],[120.57271,14.57387]]],[[[120.5728,14.57406],[120.57299,14.57415],[120.57299,14.57406],[120.5728,14.57406]]],[[[120.57323,14.5774],[120.57351,14.57732],[120.57323,14.57731],[120.57323,14.5774]]],[[[120.57379,14.5775],[120.5736,14.57741],[120.5736,14.5775],[120.57379,14.5775]]],[[[120.57313,14.57767],[120.57332,14.57777],[120.57332,14.57767],[120.57313,14.57767]]],[[[120.57313,14.57812],[120.57322,14.57831],[120.57406,14.57822],[120.57369,14.57777],[120.57332,14.57786],[120.5736,14.57786],[120.57369,14.57813],[120.57313,14.57812]]],[[[120.57747,14.503],[120.57766,14.50291],[120.57747,14.50291],[120.57747,14.503]]],[[[120.57645,14.50353],[120.57728,14.50327],[120.57747,14.503],[120.57729,14.503],[120.57719,14.50318],[120.57645,14.50353]]],[[[120.57626,14.50353],[120.57645,14.50362],[120.57645,14.50353],[120.57626,14.50353]]],[[[120.57617,14.50389],[120.57626,14.5038],[120.57626,14.50362],[120.57607,14.50371],[120.57617,14.50389]]],[[[120.57561,14.50398],[120.5757,14.5038],[120.57561,14.5038],[120.57561,14.50398]]],[[[120.57743,14.50707],[120.57669,14.50715],[120.57761,14.50716],[120.57817,14.50689],[120.5779,14.5068],[120.57743,14.50707]]],[[[120.57769,14.50834],[120.57788,14.50843],[120.57797,14.50825],[120.57769,14.50834]]],[[[120.57714,14.50851],[120.5776,14.50842],[120.57714,14.50842],[120.57714,14.50851]]],[[[120.57657,14.50932],[120.57666,14.50914],[120.57657,14.50914],[120.57657,14.50932]]],[[[120.57722,14.5096],[120.57731,14.50942],[120.57722,14.50941],[120.57722,14.5096]]],[[[120.57629,14.50959],[120.57638,14.50968],[120.57648,14.50941],[120.57629,14.50959]]],[[[120.57637,14.51022],[120.57656,14.51013],[120.57638,14.51013],[120.57637,14.51022]]],[[[120.576,14.51022],[120.57619,14.51031],[120.57619,14.51022],[120.576,14.51022]]],[[[120.57535,14.51039],[120.57526,14.51021],[120.57526,14.51039],[120.57535,14.51039]]],[[[120.57624,14.51383],[120.57578,14.51374],[120.57652,14.51401],[120.57707,14.51456],[120.57698,14.5142],[120.57624,14.51383]]],[[[120.57716,14.51474],[120.57716,14.51492],[120.57734,14.51484],[120.57735,14.51475],[120.57716,14.51474]]],[[[120.57762,14.51547],[120.5778,14.51584],[120.57789,14.51556],[120.57762,14.51547]]],[[[120.57517,14.5271],[120.57545,14.52692],[120.57536,14.52665],[120.57508,14.52683],[120.57508,14.52701],[120.57489,14.52701],[120.57517,14.5271]]],[[[120.57738,14.52839],[120.57775,14.52839],[120.57776,14.52821],[120.57738,14.52839]]],[[[120.57486,14.53017],[120.5755,14.53126],[120.57577,14.53126],[120.57587,14.5309],[120.57569,14.53081],[120.5756,14.53036],[120.57496,14.52981],[120.57486,14.53017]],[[120.57495,14.52999],[120.57505,14.53008],[120.57495,14.53008],[120.57495,14.52999]],[[120.5755,14.53081],[120.57559,14.53099],[120.5755,14.53099],[120.5755,14.53081]]],[[[120.57689,14.53118],[120.57698,14.53137],[120.57698,14.53119],[120.57689,14.53118]]],[[[120.57716,14.53164],[120.57707,14.53146],[120.57707,14.53164],[120.57716,14.53164]]],[[[120.57623,14.53208],[120.57641,14.53226],[120.57651,14.53226],[120.57632,14.5319],[120.57623,14.53208]]],[[[120.57725,14.53218],[120.57808,14.53228],[120.57808,14.53219],[120.57725,14.53218]]],[[[120.5765,14.53254],[120.57678,14.53245],[120.57678,14.53236],[120.57651,14.53226],[120.5765,14.53254]]],[[[120.57789,14.53318],[120.57807,14.53327],[120.57807,14.53318],[120.57789,14.53318]]],[[[120.57714,14.53326],[120.57733,14.53336],[120.57733,14.53327],[120.57714,14.53326]]],[[[120.57471,14.5355],[120.57591,14.53596],[120.57618,14.53633],[120.57646,14.53624],[120.57692,14.53688],[120.57683,14.53642],[120.57637,14.53597],[120.57443,14.53504],[120.57471,14.5355]],[[120.57637,14.53624],[120.57628,14.53615],[120.57637,14.53615],[120.57637,14.53624]]],[[[120.57655,14.53669],[120.57664,14.53651],[120.57646,14.53642],[120.57646,14.5366],[120.57655,14.53669]]],[[[120.57664,14.53678],[120.57673,14.53696],[120.57673,14.53678],[120.57664,14.53678]]],[[[120.57497,14.53704],[120.57479,14.53694],[120.57478,14.53703],[120.57497,14.53704]]],[[[120.5771,14.53724],[120.57692,14.53688],[120.57692,14.53706],[120.57673,14.53696],[120.57673,14.53724],[120.5771,14.53724]]],[[[120.57562,14.53704],[120.5758,14.53714],[120.5758,14.53705],[120.57562,14.53704]]],[[[120.57599,14.53714],[120.57617,14.53723],[120.57617,14.53714],[120.57599,14.53714]]],[[[120.57673,14.53733],[120.57645,14.53723],[120.57645,14.53732],[120.57673,14.53733]]],[[[120.57515,14.5374],[120.57562,14.53731],[120.57515,14.53731],[120.57515,14.5374]]],[[[120.57738,14.53733],[120.57756,14.53743],[120.57756,14.53733],[120.57738,14.53733]]],[[[120.57617,14.5375],[120.57635,14.53759],[120.57636,14.5375],[120.57617,14.5375]]],[[[120.57487,14.53785],[120.57506,14.53767],[120.57497,14.53731],[120.57487,14.53731],[120.57487,14.53785]]],[[[120.577,14.5376],[120.57719,14.53769],[120.57719,14.5376],[120.577,14.5376]]],[[[120.57737,14.53769],[120.57756,14.53779],[120.57756,14.5377],[120.57737,14.53769]]],[[[120.57928,14.54178],[120.57808,14.54141],[120.57753,14.54068],[120.5766,14.54022],[120.57615,14.5394],[120.57587,14.5394],[120.57642,14.5403],[120.57678,14.54067],[120.57697,14.54067],[120.57743,14.54113],[120.57743,14.54131],[120.57816,14.54195],[120.57983,14.54215],[120.57928,14.54196],[120.58002,14.54179],[120.57984,14.5416],[120.57965,14.54178],[120.57928,14.54178]],[[120.57697,14.54049],[120.57688,14.54058],[120.57688,14.54049],[120.57697,14.54049]]],[[[120.575,14.54309],[120.57518,14.543],[120.57491,14.54291],[120.575,14.54309]]],[[[120.57554,14.54382],[120.57573,14.54391],[120.57573,14.54382],[120.57554,14.54382]]],[[[120.57582,14.544],[120.57601,14.54409],[120.57601,14.544],[120.57582,14.544]]],[[[120.57656,14.54455],[120.57637,14.54446],[120.57637,14.54455],[120.57656,14.54455]]],[[[120.57729,14.5451],[120.5772,14.54492],[120.5772,14.5451],[120.57729,14.5451]]],[[[120.57757,14.54529],[120.57738,14.54519],[120.57738,14.54528],[120.57757,14.54529]]],[[[120.57487,14.54652],[120.57505,14.54661],[120.57505,14.54652],[120.57487,14.54652]]],[[[120.57548,14.54978],[120.57557,14.54996],[120.57557,14.54978],[120.57548,14.54978]]],[[[120.57668,14.55006],[120.57677,14.55025],[120.57678,14.55007],[120.57668,14.55006]]],[[[120.57557,14.55023],[120.57547,14.55041],[120.57557,14.55041],[120.57557,14.55023]]],[[[120.57529,14.5505],[120.57547,14.55041],[120.57529,14.55041],[120.57529,14.5505]]],[[[120.57519,14.55059],[120.57501,14.5505],[120.57501,14.55059],[120.57519,14.55059]]],[[[120.57756,14.55441],[120.57775,14.5545],[120.57775,14.55441],[120.57756,14.55441]]],[[[120.57727,14.55594],[120.57745,14.55585],[120.57727,14.55585],[120.57727,14.55594]]],[[[120.57764,14.55586],[120.57782,14.55595],[120.57782,14.55586],[120.57764,14.55586]]],[[[120.57652,14.55666],[120.5767,14.55657],[120.57652,14.55657],[120.57652,14.55666]]],[[[120.57659,14.55856],[120.57687,14.55847],[120.57659,14.55847],[120.57659,14.55856]]],[[[120.58017,14.56157],[120.57878,14.56174],[120.57869,14.56192],[120.57785,14.56182],[120.57748,14.562],[120.57665,14.5619],[120.57618,14.56207],[120.57544,14.56207],[120.57516,14.56234],[120.57479,14.56233],[120.57478,14.56251],[120.57609,14.56225],[120.57896,14.56228],[120.57915,14.56211],[120.58045,14.56176],[120.58017,14.56157]],[[120.57739,14.56209],[120.57692,14.56217],[120.57692,14.56208],[120.57739,14.56209]]],[[[120.57821,14.56336],[120.57755,14.56372],[120.57802,14.56381],[120.57802,14.56354],[120.5782,14.56354],[120.57821,14.56336]]],[[[120.57576,14.5665],[120.57511,14.5664],[120.57483,14.56676],[120.5752,14.56676],[120.57548,14.56649],[120.57576,14.5665]]],[[[120.57638,14.56912],[120.57675,14.56922],[120.57675,14.56913],[120.57638,14.56912]]],[[[120.57833,14.56905],[120.57694,14.56913],[120.57805,14.56923],[120.57833,14.56932],[120.57842,14.5696],[120.57851,14.56915],[120.57833,14.56905]]],[[[120.57739,14.57022],[120.57757,14.57031],[120.57758,14.57022],[120.57739,14.57022]]],[[[120.57702,14.57049],[120.57683,14.57039],[120.57683,14.57048],[120.57702,14.57049]]],[[[120.57534,14.57074],[120.57571,14.57074],[120.57544,14.5702],[120.57535,14.5702],[120.57534,14.57074]]],[[[120.57618,14.57048],[120.57637,14.57057],[120.57637,14.57048],[120.57618,14.57048]]],[[[120.5759,14.57056],[120.57609,14.57066],[120.57609,14.57057],[120.5759,14.57056]]],[[[120.57748,14.57076],[120.57766,14.57085],[120.57766,14.57076],[120.57748,14.57076]]],[[[120.5772,14.57085],[120.57738,14.57094],[120.57738,14.57085],[120.5772,14.57085]]],[[[120.57525,14.57083],[120.57534,14.57101],[120.57534,14.57083],[120.57525,14.57083]]],[[[120.57682,14.57103],[120.5771,14.57094],[120.57683,14.57094],[120.57682,14.57103]]],[[[120.57617,14.57111],[120.57645,14.57102],[120.57618,14.57102],[120.57617,14.57111]]],[[[120.57505,14.57227],[120.57468,14.57218],[120.57468,14.57227],[120.57505,14.57227]]],[[[120.57605,14.57382],[120.57624,14.57391],[120.57624,14.57382],[120.57605,14.57382]]],[[[120.57679,14.57401],[120.57698,14.5741],[120.57698,14.57401],[120.57679,14.57401]]],[[[120.57762,14.57429],[120.57781,14.57438],[120.57781,14.57429],[120.57762,14.57429]]],[[[120.57716,14.57437],[120.57734,14.57446],[120.57734,14.57437],[120.57716,14.57437]]],[[[120.57696,14.576],[120.57603,14.5759],[120.57575,14.57571],[120.57529,14.57571],[120.57566,14.57598],[120.57658,14.57617],[120.5777,14.576],[120.57742,14.57582],[120.57696,14.576]]],[[[120.57807,14.57601],[120.57788,14.57592],[120.57788,14.57601],[120.57807,14.57601]]],[[[120.57905,14.50266],[120.57924,14.50257],[120.57905,14.50257],[120.57905,14.50266]]],[[[120.57933,14.50275],[120.57961,14.50266],[120.57933,14.50266],[120.57933,14.50275]]],[[[120.57961,14.50275],[120.57979,14.50285],[120.57979,14.50276],[120.57961,14.50275]]],[[[120.58199,14.50576],[120.58023,14.50538],[120.58199,14.50594],[120.58199,14.50576]]],[[[120.58215,14.50775],[120.58123,14.50729],[120.57993,14.50736],[120.57975,14.50709],[120.57947,14.50709],[120.57892,14.50672],[120.57808,14.50671],[120.57937,14.50736],[120.57946,14.50754],[120.57928,14.50772],[120.57993,14.50745],[120.58123,14.50747],[120.58141,14.50783],[120.58122,14.50792],[120.58122,14.50819],[120.58159,14.5081],[120.58187,14.50784],[120.58271,14.50775],[120.58215,14.50775]]],[[[120.57918,14.50781],[120.579,14.50772],[120.579,14.50781],[120.57918,14.50781]]],[[[120.57881,14.5079],[120.579,14.50781],[120.57881,14.5078],[120.57881,14.5079]]],[[[120.57872,14.50789],[120.57853,14.50798],[120.57872,14.50798],[120.57872,14.50789]]],[[[120.57835,14.50798],[120.57853,14.50807],[120.57853,14.50798],[120.57835,14.50798]]],[[[120.57816,14.50807],[120.57834,14.50816],[120.57835,14.50807],[120.57816,14.50807]]],[[[120.57797,14.50816],[120.57816,14.50825],[120.57816,14.50816],[120.57797,14.50816]]],[[[120.57992,14.50818],[120.57955,14.50844],[120.57908,14.50853],[120.58084,14.50855],[120.58075,14.50828],[120.58048,14.50809],[120.57992,14.50818]]],[[[120.5789,14.50862],[120.57871,14.50853],[120.57871,14.50862],[120.5789,14.50862]]],[[[120.57843,14.5087],[120.57862,14.50862],[120.57843,14.50861],[120.57843,14.5087]]],[[[120.57944,14.51016],[120.57962,14.51025],[120.57962,14.51016],[120.57944,14.51016]]],[[[120.5799,14.51026],[120.57962,14.51034],[120.5799,14.51035],[120.5799,14.51026]]],[[[120.58073,14.5109],[120.58036,14.51071],[120.58036,14.51089],[120.58073,14.5109]]],[[[120.57998,14.51116],[120.5798,14.51107],[120.5798,14.51116],[120.57998,14.51116]]],[[[120.57942,14.51115],[120.57979,14.51125],[120.5798,14.51116],[120.57942,14.51115]]],[[[120.58146,14.51163],[120.58072,14.51153],[120.58044,14.51144],[120.58053,14.51162],[120.58146,14.51163]]],[[[120.58053,14.51171],[120.58035,14.51152],[120.57998,14.51152],[120.58053,14.51171]]],[[[120.57951,14.51161],[120.5797,14.5117],[120.5797,14.51161],[120.57951,14.51161]]],[[[120.57998,14.5117],[120.5797,14.51179],[120.57997,14.51179],[120.57998,14.5117]]],[[[120.57831,14.51177],[120.57858,14.51187],[120.57858,14.51178],[120.57831,14.51177]]],[[[120.57951,14.51188],[120.57933,14.51179],[120.57932,14.51188],[120.57951,14.51188]]],[[[120.5783,14.51196],[120.57803,14.51186],[120.57803,14.51195],[120.5783,14.51196]]],[[[120.57904,14.51205],[120.57868,14.51187],[120.57858,14.51205],[120.57904,14.51205]]],[[[120.58097,14.51388],[120.58004,14.51414],[120.57884,14.51368],[120.57893,14.51386],[120.57939,14.51395],[120.57995,14.51432],[120.58041,14.51433],[120.58097,14.51415],[120.58106,14.51397],[120.58143,14.51398],[120.58116,14.51379],[120.58153,14.51389],[120.58181,14.5138],[120.58107,14.5137],[120.58097,14.51388]]],[[[120.58002,14.51604],[120.58021,14.51613],[120.58021,14.51604],[120.58002,14.51604]]],[[[120.58065,14.51821],[120.58102,14.51804],[120.58046,14.51803],[120.58065,14.51821]]],[[[120.5813,14.51813],[120.58102,14.51813],[120.58102,14.51822],[120.5812,14.51831],[120.5813,14.51813]]],[[[120.57906,14.5191],[120.57841,14.51882],[120.57887,14.51928],[120.57933,14.51946],[120.57961,14.51983],[120.5798,14.51974],[120.57906,14.5191]]],[[[120.58135,14.52174],[120.58098,14.52165],[120.58089,14.52183],[120.58126,14.52183],[120.58135,14.52174]]],[[[120.57864,14.52407],[120.57817,14.52415],[120.57863,14.52416],[120.57864,14.52407]]],[[[120.58113,14.52481],[120.58104,14.52427],[120.58095,14.52427],[120.58094,14.5249],[120.58113,14.52481]]],[[[120.57937,14.52507],[120.57928,14.52479],[120.57927,14.52507],[120.57937,14.52507]]],[[[120.58074,14.52698],[120.58083,14.52716],[120.58083,14.52698],[120.58074,14.52698]]],[[[120.581,14.52843],[120.58128,14.52852],[120.58128,14.52843],[120.581,14.52843]]],[[[120.58072,14.52887],[120.58053,14.52878],[120.58053,14.52887],[120.58072,14.52887]]],[[[120.57988,14.52932],[120.57979,14.52914],[120.57978,14.52932],[120.57988,14.52932]]],[[[120.5781,14.5302],[120.57829,14.5303],[120.57829,14.5302],[120.5781,14.5302]]],[[[120.57865,14.53129],[120.57874,14.53111],[120.57865,14.53111],[120.57865,14.53129]]],[[[120.57827,14.53228],[120.57845,14.53237],[120.57845,14.53228],[120.57827,14.53228]]],[[[120.57929,14.53247],[120.5791,14.53238],[120.5791,14.53247],[120.57929,14.53247]]],[[[120.57955,14.53338],[120.57937,14.53329],[120.57937,14.53338],[120.57955,14.53338]]],[[[120.57992,14.53356],[120.58011,14.53366],[120.58011,14.53357],[120.57992,14.53356]]],[[[120.57851,14.53554],[120.5786,14.53572],[120.5786,14.53554],[120.57851,14.53554]]],[[[120.5786,14.53581],[120.57906,14.53618],[120.57906,14.53636],[120.57924,14.53627],[120.57888,14.53581],[120.5786,14.53581]]],[[[120.57915,14.53663],[120.57934,14.53636],[120.57915,14.53636],[120.57915,14.53663]]],[[[120.57933,14.53717],[120.57951,14.53726],[120.57951,14.53717],[120.57933,14.53717]]],[[[120.57775,14.53743],[120.57849,14.53752],[120.57849,14.53743],[120.57775,14.53743]]],[[[120.57895,14.53753],[120.57923,14.53744],[120.57895,14.53744],[120.57895,14.53753]]],[[[120.57941,14.53772],[120.5796,14.53781],[120.5796,14.53772],[120.57941,14.53772]]],[[[120.57876,14.53789],[120.57904,14.5378],[120.57876,14.5378],[120.57876,14.53789]]],[[[120.57966,14.5407],[120.57965,14.5416],[120.57974,14.5416],[120.57985,14.5407],[120.57966,14.5407]]],[[[120.58034,14.54676],[120.58052,14.54667],[120.58034,14.54667],[120.58034,14.54676]]],[[[120.58033,14.54703],[120.58052,14.54694],[120.58033,14.54694],[120.58033,14.54703]]],[[[120.58098,14.54713],[120.5808,14.54704],[120.5808,14.54713],[120.58098,14.54713]]],[[[120.58083,14.55291],[120.58055,14.55263],[120.58055,14.55281],[120.58083,14.55291]]],[[[120.57997,14.55516],[120.57988,14.55489],[120.57987,14.55516],[120.57997,14.55516]]],[[[120.57931,14.55605],[120.57949,14.55615],[120.57949,14.55606],[120.57931,14.55605]]],[[[120.57837,14.5565],[120.57865,14.55659],[120.57865,14.5565],[120.57837,14.5565]]],[[[120.57874,14.55668],[120.57893,14.55659],[120.57874,14.55659],[120.57874,14.55668]]],[[[120.57921,14.55678],[120.57939,14.55687],[120.57939,14.55678],[120.57921,14.55678]]],[[[120.5815,14.55942],[120.58131,14.55933],[120.58066,14.55986],[120.58065,14.56004],[120.5815,14.55942]]],[[[120.57972,14.56067],[120.57898,14.56075],[120.57898,14.56093],[120.5799,14.56085],[120.58065,14.56022],[120.58065,14.56004],[120.57972,14.56067]]],[[[120.58099,14.56312],[120.58118,14.56321],[120.58118,14.56312],[120.58099,14.56312]]],[[[120.58043,14.56329],[120.58062,14.56339],[120.58062,14.5633],[120.58043,14.56329]]],[[[120.58034,14.56365],[120.57997,14.56347],[120.58034,14.56338],[120.57988,14.56329],[120.57932,14.56355],[120.5783,14.56372],[120.57922,14.56382],[120.58034,14.56365]]],[[[120.57835,14.56698],[120.57919,14.56689],[120.57835,14.56689],[120.57835,14.56698]]],[[[120.57956,14.56699],[120.57955,14.56744],[120.57965,14.56744],[120.57974,14.56699],[120.57956,14.56699]]],[[[120.58048,14.56727],[120.58048,14.56754],[120.58066,14.56781],[120.58067,14.56754],[120.58104,14.56718],[120.58048,14.56727]]],[[[120.57946,14.56771],[120.57955,14.56807],[120.57955,14.56771],[120.57946,14.56771]]],[[[120.57945,14.56825],[120.57936,14.56843],[120.57945,14.56843],[120.57945,14.56825]]],[[[120.58048,14.56799],[120.5802,14.56799],[120.57991,14.56853],[120.58028,14.56844],[120.58019,14.56871],[120.58047,14.56862],[120.58048,14.56799]],[[120.58028,14.56844],[120.58038,14.56835],[120.58038,14.56844],[120.58028,14.56844]]],[[[120.58,14.56889],[120.57982,14.5688],[120.57982,14.56889],[120.58,14.56889]]],[[[120.57897,14.5696],[120.57907,14.56942],[120.57898,14.56942],[120.57897,14.5696]]],[[[120.57823,14.56996],[120.57804,14.56986],[120.57804,14.56995],[120.57823,14.56996]]],[[[120.57897,14.57023],[120.57888,14.5696],[120.57887,14.57023],[120.57897,14.57023]]],[[[120.5785,14.5705],[120.57822,14.57041],[120.57822,14.5705],[120.5785,14.5705]]],[[[120.57875,14.57303],[120.57894,14.57313],[120.57894,14.57304],[120.57875,14.57303]]],[[[120.57931,14.57322],[120.57894,14.57313],[120.57893,14.57322],[120.57931,14.57322]]],[[[120.5793,14.57376],[120.57967,14.57386],[120.57967,14.57377],[120.5793,14.57376]]],[[[120.58013,14.57395],[120.58041,14.57386],[120.58013,14.57386],[120.58013,14.57395]]],[[[120.57809,14.57393],[120.57828,14.57402],[120.57828,14.57393],[120.57809,14.57393]]],[[[120.57893,14.57403],[120.57874,14.57394],[120.57874,14.57403],[120.57893,14.57403]]],[[[120.57939,14.57421],[120.57957,14.57413],[120.57939,14.57412],[120.57939,14.57421]]],[[[120.57967,14.57413],[120.57985,14.57422],[120.57985,14.57413],[120.57967,14.57413]]],[[[120.57837,14.5742],[120.57864,14.5743],[120.57864,14.57421],[120.57837,14.5742]]],[[[120.57911,14.57421],[120.57929,14.5743],[120.57929,14.57421],[120.57911,14.57421]]],[[[120.58049,14.57513],[120.58086,14.57522],[120.58086,14.57513],[120.58049,14.57513]]],[[[120.57956,14.5753],[120.57984,14.57521],[120.57956,14.57521],[120.57956,14.5753]]],[[[120.58077,14.57531],[120.58114,14.57541],[120.58114,14.57532],[120.58077,14.57531]]],[[[120.57891,14.57538],[120.57909,14.57548],[120.5791,14.57539],[120.57891,14.57538]]],[[[120.57993,14.57548],[120.57965,14.57539],[120.57965,14.57548],[120.57993,14.57548]]],[[[120.57891,14.57556],[120.57909,14.57566],[120.57909,14.57557],[120.57891,14.57556]]],[[[120.58019,14.5772],[120.5788,14.57737],[120.57879,14.57755],[120.57898,14.57764],[120.57935,14.57747],[120.58,14.57747],[120.58028,14.57766],[120.5812,14.57767],[120.5813,14.57749],[120.58148,14.57749],[120.58139,14.57767],[120.58204,14.57767],[120.58158,14.57749],[120.58214,14.5774],[120.58037,14.57739],[120.58019,14.5772]],[[120.58121,14.5774],[120.58111,14.57748],[120.58111,14.57739],[120.58121,14.5774]],[[120.58111,14.57748],[120.58093,14.57757],[120.58093,14.57748],[120.58111,14.57748]],[[120.58056,14.57748],[120.58083,14.57757],[120.58056,14.57757],[120.58056,14.57748]]],[[[120.58247,14.50387],[120.58275,14.50378],[120.58247,14.50378],[120.58247,14.50387]]],[[[120.58311,14.50505],[120.58367,14.5046],[120.58367,14.50433],[120.58423,14.50425],[120.58339,14.50424],[120.58348,14.50451],[120.58311,14.50487],[120.58311,14.50505]]],[[[120.58301,14.50532],[120.58292,14.50523],[120.58264,14.5055],[120.58301,14.50532]]],[[[120.58255,14.50549],[120.58264,14.50577],[120.58273,14.50559],[120.58255,14.50549]]],[[[120.58236,14.50585],[120.58245,14.50567],[120.58236,14.50567],[120.58236,14.50585]]],[[[120.58208,14.50576],[120.58217,14.50594],[120.58236,14.50594],[120.58227,14.50576],[120.58208,14.50576]]],[[[120.58364,14.50713],[120.5842,14.50678],[120.58374,14.50686],[120.58364,14.50713]]],[[[120.58327,14.50731],[120.58345,14.5074],[120.58355,14.50722],[120.58327,14.50731]]],[[[120.58308,14.5074],[120.58327,14.50749],[120.58327,14.5074],[120.58308,14.5074]]],[[[120.5829,14.50749],[120.58308,14.50758],[120.58308,14.50749],[120.5829,14.50749]]],[[[120.58271,14.50757],[120.58289,14.50767],[120.58289,14.50758],[120.58271,14.50757]]],[[[120.58391,14.50831],[120.58363,14.50822],[120.58363,14.50831],[120.58391,14.50831]]],[[[120.58344,14.5083],[120.58363,14.5084],[120.58363,14.50831],[120.58344,14.5083]]],[[[120.58252,14.50839],[120.5827,14.50848],[120.5827,14.50839],[120.58252,14.50839]]],[[[120.58288,14.50902],[120.58316,14.50857],[120.58279,14.50848],[120.58288,14.50902]]],[[[120.58146,14.51145],[120.58091,14.51135],[120.58091,14.51144],[120.58146,14.51145]]],[[[120.58174,14.51154],[120.58192,14.51163],[120.58192,14.51154],[120.58174,14.51154]]],[[[120.58341,14.51147],[120.5835,14.51174],[120.58359,14.51147],[120.58341,14.51147]]],[[[120.58202,14.51163],[120.5822,14.51172],[120.5822,14.51163],[120.58202,14.51163]]],[[[120.58368,14.51183],[120.58359,14.51156],[120.5835,14.51183],[120.58368,14.51183]]],[[[120.58257,14.51209],[120.58266,14.51227],[120.58266,14.51209],[120.58257,14.51209]]],[[[120.58247,14.51245],[120.582,14.51281],[120.582,14.51299],[120.58247,14.51263],[120.58275,14.51263],[120.58247,14.51245]]],[[[120.58367,14.51282],[120.58404,14.51292],[120.58404,14.51283],[120.58367,14.51282]]],[[[120.58172,14.51317],[120.58163,14.51298],[120.58126,14.51307],[120.58126,14.51316],[120.58172,14.51317]]],[[[120.58255,14.51335],[120.58329,14.51345],[120.5833,14.51336],[120.58255,14.51335]]],[[[120.58283,14.51354],[120.58301,14.51363],[120.58302,14.51354],[120.58283,14.51354]]],[[[120.58218,14.51371],[120.58199,14.51362],[120.58199,14.51371],[120.58218,14.51371]]],[[[120.58181,14.51371],[120.58199,14.5138],[120.58199,14.51371],[120.58181,14.51371]]],[[[120.58216,14.51579],[120.58178,14.51588],[120.58216,14.51588],[120.58216,14.51579]]],[[[120.58336,14.51589],[120.58355,14.51598],[120.58355,14.51589],[120.58336,14.51589]]],[[[120.58242,14.51751],[120.58214,14.51742],[120.58214,14.51751],[120.58242,14.51751]]],[[[120.5827,14.51733],[120.58251,14.51742],[120.58307,14.51743],[120.58334,14.5177],[120.58344,14.51752],[120.58362,14.51752],[120.5827,14.51733]]],[[[120.58167,14.51831],[120.58176,14.5185],[120.58176,14.51832],[120.58167,14.51831]]],[[[120.58185,14.51859],[120.5825,14.51859],[120.58185,14.51841],[120.58185,14.51859]]],[[[120.58331,14.52095],[120.58349,14.52104],[120.58349,14.52095],[120.58331,14.52095]]],[[[120.582,14.52121],[120.58219,14.52112],[120.58201,14.52112],[120.582,14.52121]]],[[[120.58303,14.52122],[120.58321,14.52131],[120.58321,14.52122],[120.58303,14.52122]]],[[[120.58247,14.52139],[120.58265,14.52131],[120.58247,14.5213],[120.58247,14.52139]]],[[[120.58366,14.52249],[120.58348,14.5224],[120.58347,14.52249],[120.58366,14.52249]]],[[[120.58366,14.52249],[120.58384,14.52258],[120.58385,14.52249],[120.58366,14.52249]]],[[[120.58384,14.52258],[120.58403,14.52268],[120.58403,14.52258],[120.58384,14.52258]]],[[[120.58457,14.52458],[120.58401,14.52403],[120.58328,14.52366],[120.58346,14.52402],[120.58374,14.52412],[120.58364,14.52448],[120.58419,14.52466],[120.58447,14.52494],[120.58438,14.52467],[120.58457,14.52458]]],[[[120.58112,14.52581],[120.58121,14.52599],[120.58121,14.52581],[120.58112,14.52581]]],[[[120.58121,14.52608],[120.5813,14.52626],[120.5813,14.52608],[120.58121,14.52608]]],[[[120.58146,14.52825],[120.58146,14.52843],[120.58137,14.52852],[120.58155,14.52852],[120.58146,14.52825]]],[[[120.58196,14.53395],[120.58215,14.53386],[120.58196,14.53386],[120.58196,14.53395]]],[[[120.58269,14.53459],[120.58288,14.5345],[120.5827,14.5345],[120.58269,14.53459]]],[[[120.58251,14.53459],[120.58204,14.53467],[120.58251,14.53468],[120.58251,14.53459]]],[[[120.58331,14.53721],[120.58341,14.53685],[120.58332,14.53685],[120.58331,14.53721]]],[[[120.58331,14.53757],[120.58341,14.5374],[120.58331,14.53739],[120.58331,14.53757]]],[[[120.58235,14.54109],[120.58327,14.54092],[120.58263,14.54091],[120.58179,14.54063],[120.58235,14.54109]]],[[[120.58383,14.5411],[120.58346,14.54101],[120.58346,14.5411],[120.58383,14.5411]]],[[[120.58309,14.5411],[120.58272,14.54118],[120.58309,14.54119],[120.58309,14.5411]]],[[[120.58346,14.54119],[120.58364,14.54128],[120.58364,14.54119],[120.58346,14.54119]]],[[[120.58383,14.54128],[120.58401,14.54138],[120.58401,14.54129],[120.58383,14.54128]]],[[[120.58381,14.54282],[120.58363,14.54273],[120.58362,14.54282],[120.58381,14.54282]]],[[[120.5837,14.54408],[120.58352,14.54417],[120.5837,14.54417],[120.5837,14.54408]]],[[[120.58389,14.54427],[120.5837,14.54435],[120.58389,14.54436],[120.58389,14.54427]]],[[[120.58352,14.54435],[120.5837,14.54445],[120.5837,14.54435],[120.58352,14.54435]]],[[[120.58352,14.54417],[120.58212,14.54434],[120.58176,14.54415],[120.58184,14.54452],[120.58249,14.5447],[120.58277,14.54453],[120.58351,14.54453],[120.58333,14.54435],[120.58352,14.54417]]],[[[120.58135,14.54722],[120.58182,14.54714],[120.58135,14.54713],[120.58135,14.54722]]],[[[120.5832,14.54805],[120.58338,14.54815],[120.58338,14.54806],[120.5832,14.54805]]],[[[120.58385,14.54815],[120.58403,14.54824],[120.58403,14.54815],[120.58385,14.54815]]],[[[120.58365,14.54905],[120.58346,14.5495],[120.58346,14.54968],[120.58374,14.5496],[120.58384,14.54896],[120.58365,14.54905]]],[[[120.58299,14.55031],[120.58299,14.55004],[120.58271,14.55031],[120.58299,14.55031]]],[[[120.58316,14.55149],[120.58334,14.55176],[120.58335,14.55149],[120.58353,14.55131],[120.58316,14.55149]]],[[[120.58137,14.55409],[120.58155,14.55445],[120.58155,14.55418],[120.58137,14.55409]]],[[[120.58173,14.55527],[120.58182,14.55509],[120.58173,14.55509],[120.58173,14.55527]]],[[[120.58273,14.55699],[120.58291,14.55709],[120.58292,14.5569],[120.58273,14.55681],[120.58273,14.55699]]],[[[120.5821,14.5634],[120.58182,14.56331],[120.58182,14.5634],[120.5821,14.5634]]],[[[120.58358,14.56441],[120.58321,14.56432],[120.58312,14.56395],[120.58293,14.56386],[120.58311,14.56441],[120.58358,14.56441]]],[[[120.58274,14.56431],[120.58284,14.56404],[120.58274,14.56404],[120.58274,14.56431]]],[[[120.58385,14.56432],[120.58404,14.56423],[120.58386,14.56423],[120.58385,14.56432]]],[[[120.58274,14.56449],[120.58302,14.56449],[120.58293,14.56431],[120.58274,14.56449]]],[[[120.58141,14.56728],[120.58169,14.56719],[120.58141,14.56719],[120.58141,14.56728]]],[[[120.58271,14.56711],[120.58261,14.56774],[120.5828,14.56774],[120.58271,14.56711]]],[[[120.58177,14.56837],[120.58186,14.56855],[120.58205,14.56855],[120.58196,14.56837],[120.58177,14.56837]]],[[[120.58102,14.56899],[120.58158,14.56882],[120.58177,14.56864],[120.58158,14.56855],[120.58102,14.56881],[120.58102,14.56899]]],[[[120.5836,14.57082],[120.58258,14.5709],[120.58193,14.57054],[120.58211,14.5709],[120.58257,14.57109],[120.5836,14.57101],[120.5836,14.57082]]],[[[120.58284,14.5719],[120.58303,14.57199],[120.58303,14.5719],[120.58284,14.5719]]],[[[120.58182,14.57207],[120.58266,14.57208],[120.58266,14.57199],[120.58182,14.57189],[120.58182,14.57207]]],[[[120.58331,14.57209],[120.58312,14.57199],[120.58312,14.57208],[120.58331,14.57209]]],[[[120.58368,14.57209],[120.58386,14.57218],[120.58386,14.57209],[120.58368,14.57209]]],[[[120.58349,14.57218],[120.58368,14.57227],[120.58368,14.57218],[120.58349,14.57218]]],[[[120.58198,14.57478],[120.58226,14.57488],[120.58226,14.57479],[120.58198,14.57478]]],[[[120.58281,14.57497],[120.583,14.57488],[120.58281,14.57488],[120.58281,14.57497]]],[[[120.58151,14.57487],[120.5816,14.57505],[120.58161,14.57487],[120.58151,14.57487]]],[[[120.58188,14.57523],[120.5817,14.57514],[120.58169,14.57523],[120.58188,14.57523]]],[[[120.58132,14.57523],[120.58151,14.57532],[120.58151,14.57523],[120.58132,14.57523]]],[[[120.58241,14.5775],[120.58223,14.57741],[120.58223,14.5775],[120.58241,14.5775]]],[[[120.58277,14.5785],[120.58416,14.57851],[120.58361,14.57841],[120.58361,14.57823],[120.58445,14.57815],[120.5837,14.57805],[120.58315,14.57823],[120.58306,14.57805],[120.58287,14.57804],[120.58278,14.57777],[120.58268,14.57804],[120.58232,14.57786],[120.58277,14.5785]],[[120.58342,14.57832],[120.58352,14.57823],[120.58352,14.57832],[120.58342,14.57832]]],[[[120.58248,14.57994],[120.58229,14.57985],[120.58192,14.57984],[120.58192,14.5799],[120.58248,14.57994]]],[[[120.58515,14.50507],[120.58524,14.50525],[120.58524,14.50507],[120.58515,14.50507]]],[[[120.58578,14.50652],[120.58523,14.50643],[120.58522,14.50652],[120.58578,14.50652]]],[[[120.58615,14.50653],[120.58578,14.50652],[120.58578,14.50661],[120.58634,14.50662],[120.58652,14.50644],[120.58615,14.50653]]],[[[120.58485,14.50651],[120.58513,14.50661],[120.58513,14.50651],[120.58485,14.50651]]],[[[120.58485,14.50669],[120.58457,14.5066],[120.58457,14.50669],[120.58485,14.50669]]],[[[120.5842,14.50669],[120.58448,14.50678],[120.58448,14.50669],[120.5842,14.50669]]],[[[120.5855,14.50706],[120.58578,14.50697],[120.5855,14.50697],[120.5855,14.50706]]],[[[120.58513,14.50706],[120.5854,14.50715],[120.5854,14.50706],[120.58513,14.50706]]],[[[120.58605,14.50707],[120.58624,14.50716],[120.58624,14.50707],[120.58605,14.50707]]],[[[120.58661,14.50707],[120.58717,14.50717],[120.58717,14.50708],[120.58661,14.50707]]],[[[120.58485,14.50714],[120.58503,14.50724],[120.58503,14.50715],[120.58485,14.50714]]],[[[120.58457,14.50723],[120.58475,14.50732],[120.58475,14.50723],[120.58457,14.50723]]],[[[120.58465,14.50796],[120.58512,14.50769],[120.58512,14.50751],[120.58428,14.50777],[120.5842,14.50741],[120.58391,14.50768],[120.58391,14.50822],[120.58465,14.50796]]],[[[120.58669,14.5078],[120.58651,14.50779],[120.58641,14.50797],[120.5866,14.50807],[120.58669,14.5078]]],[[[120.58686,14.51006],[120.58593,14.51032],[120.585,14.51031],[120.585,14.5104],[120.5862,14.51041],[120.58686,14.51006]]],[[[120.58461,14.51148],[120.5848,14.51157],[120.5848,14.51148],[120.58461,14.51148]]],[[[120.58535,14.51167],[120.58526,14.51158],[120.5848,14.51157],[120.58508,14.51175],[120.58535,14.51167]]],[[[120.58582,14.51167],[120.58665,14.51222],[120.58655,14.5124],[120.58702,14.51223],[120.58619,14.51158],[120.58536,14.51158],[120.58535,14.51167],[120.58545,14.51176],[120.58582,14.51167]]],[[[120.58618,14.51249],[120.58636,14.51258],[120.58637,14.51249],[120.58618,14.51249]]],[[[120.58377,14.51273],[120.58442,14.51265],[120.58377,14.51264],[120.58377,14.51273]]],[[[120.58581,14.51276],[120.58562,14.51266],[120.58562,14.51275],[120.58581,14.51276]]],[[[120.58525,14.51284],[120.58432,14.51292],[120.58516,14.51293],[120.58534,14.51311],[120.58562,14.51275],[120.58516,14.51266],[120.58525,14.51284]]],[[[120.58618,14.51285],[120.58645,14.51294],[120.58645,14.51285],[120.58618,14.51285]]],[[[120.58608,14.51294],[120.5859,14.51303],[120.58608,14.51303],[120.58608,14.51294]]],[[[120.58525,14.51311],[120.58506,14.5132],[120.58506,14.51329],[120.58524,14.51329],[120.58525,14.51311]]],[[[120.58413,14.51337],[120.58441,14.51328],[120.58413,14.51328],[120.58413,14.51337]]],[[[120.58469,14.51338],[120.58487,14.51347],[120.58487,14.51338],[120.58469,14.51338]]],[[[120.58515,14.51347],[120.58534,14.51338],[120.58515,14.51338],[120.58515,14.51347]]],[[[120.58441,14.51355],[120.58459,14.51347],[120.58441,14.51346],[120.58441,14.51355]]],[[[120.58505,14.51365],[120.58478,14.51356],[120.58478,14.51365],[120.58505,14.51365]]],[[[120.58477,14.51419],[120.58487,14.51401],[120.58477,14.51401],[120.58477,14.51419]]],[[[120.58401,14.5159],[120.5842,14.51581],[120.58401,14.51581],[120.58401,14.5159]]],[[[120.58447,14.5159],[120.58466,14.516],[120.58466,14.51591],[120.58447,14.5159]]],[[[120.58503,14.51627],[120.58521,14.51636],[120.58521,14.51627],[120.58503,14.51627]]],[[[120.58529,14.51772],[120.5851,14.51763],[120.5851,14.51772],[120.58529,14.51772]]],[[[120.58612,14.51809],[120.58565,14.51817],[120.58612,14.51818],[120.58612,14.51809]]],[[[120.58545,14.52034],[120.58619,14.52044],[120.58619,14.52035],[120.58545,14.52034]]],[[[120.58489,14.52061],[120.58516,14.52061],[120.58535,14.52043],[120.58517,14.52034],[120.58489,14.52061]]],[[[120.5847,14.52069],[120.58489,14.52061],[120.5847,14.5206],[120.5847,14.52069]]],[[[120.58553,14.5207],[120.58618,14.52062],[120.58554,14.52061],[120.58553,14.5207]]],[[[120.58451,14.52069],[120.5847,14.52078],[120.5847,14.52069],[120.58451,14.52069]]],[[[120.58433,14.52078],[120.58451,14.52087],[120.58451,14.52078],[120.58433,14.52078]]],[[[120.5847,14.52106],[120.58451,14.52096],[120.58451,14.52105],[120.5847,14.52106]]],[[[120.58405,14.52105],[120.58442,14.52114],[120.58442,14.52105],[120.58405,14.52105]]],[[[120.58403,14.52268],[120.58421,14.52277],[120.58421,14.52268],[120.58403,14.52268]]],[[[120.58467,14.52304],[120.58458,14.52295],[120.5844,14.52295],[120.58449,14.52313],[120.58467,14.52304]]],[[[120.58569,14.52323],[120.58523,14.52278],[120.58523,14.52314],[120.58486,14.52332],[120.58597,14.5236],[120.58625,14.5236],[120.58615,14.52342],[120.58643,14.52342],[120.58597,14.52315],[120.58569,14.52323]]],[[[120.58652,14.52351],[120.58671,14.52361],[120.58671,14.52352],[120.58652,14.52351]]],[[[120.58643,14.52369],[120.58625,14.5236],[120.58624,14.52369],[120.58643,14.52369]]],[[[120.5868,14.5237],[120.58698,14.52379],[120.58699,14.5237],[120.5868,14.5237]]],[[[120.58447,14.52503],[120.58474,14.52539],[120.58484,14.52521],[120.58502,14.52522],[120.58466,14.52467],[120.58447,14.52503]]],[[[120.5852,14.52549],[120.58511,14.52531],[120.58511,14.52549],[120.5852,14.52549]]],[[[120.5853,14.52567],[120.58557,14.52558],[120.5852,14.52549],[120.5853,14.52567]]],[[[120.58511,14.52576],[120.58511,14.52558],[120.58483,14.52539],[120.58483,14.52585],[120.58511,14.52576]]],[[[120.58604,14.52568],[120.58576,14.52576],[120.58604,14.52577],[120.58604,14.52568]]],[[[120.58511,14.52576],[120.58529,14.52585],[120.58529,14.52576],[120.58511,14.52576]]],[[[120.58622,14.52577],[120.58641,14.52586],[120.58641,14.52577],[120.58622,14.52577]]],[[[120.58613,14.52604],[120.58566,14.52585],[120.58529,14.52585],[120.58557,14.52603],[120.58613,14.52604]]],[[[120.5864,14.52613],[120.58622,14.52604],[120.58622,14.52613],[120.5864,14.52613]]],[[[120.58677,14.52614],[120.58659,14.52623],[120.58677,14.52623],[120.58677,14.52614]]],[[[120.58592,14.5283],[120.58591,14.52848],[120.58619,14.52839],[120.58619,14.5283],[120.58592,14.5283]]],[[[120.58666,14.52848],[120.58629,14.52839],[120.58628,14.52857],[120.58638,14.52848],[120.58666,14.52848]]],[[[120.58703,14.52858],[120.58656,14.52857],[120.58656,14.52866],[120.58703,14.52858]]],[[[120.58614,14.53327],[120.5867,14.53336],[120.5867,14.53327],[120.58614,14.53327]]],[[[120.58586,14.53345],[120.58604,14.53354],[120.58605,14.53345],[120.58586,14.53345]]],[[[120.58558,14.53362],[120.58576,14.53372],[120.58577,14.53362],[120.58558,14.53362]]],[[[120.58549,14.5338],[120.5853,14.53371],[120.5853,14.5338],[120.58549,14.5338]]],[[[120.58511,14.5338],[120.5853,14.53389],[120.5853,14.5338],[120.58511,14.5338]]],[[[120.58502,14.53398],[120.58446,14.53388],[120.58446,14.53397],[120.58502,14.53398]]],[[[120.584,14.53397],[120.58437,14.53406],[120.58437,14.53397],[120.584,14.53397]]],[[[120.5861,14.53733],[120.58619,14.53751],[120.58684,14.53752],[120.58647,14.53743],[120.58638,14.53724],[120.5861,14.53733]]],[[[120.58487,14.53949],[120.58496,14.53967],[120.58496,14.53949],[120.58487,14.53949]]],[[[120.58459,14.53958],[120.58449,14.54012],[120.58458,14.54012],[120.58459,14.53958]]],[[[120.58661,14.54122],[120.5867,14.54104],[120.58652,14.54104],[120.58661,14.54122]]],[[[120.58392,14.5411],[120.58411,14.5412],[120.58411,14.54111],[120.58392,14.5411]]],[[[120.58429,14.5412],[120.58448,14.54129],[120.58448,14.5412],[120.58429,14.5412]]],[[[120.58457,14.54147],[120.58503,14.54148],[120.58503,14.54121],[120.58457,14.54129],[120.58457,14.54147]]],[[[120.58438,14.54147],[120.5842,14.54138],[120.5842,14.54147],[120.58438,14.54147]]],[[[120.58614,14.54194],[120.58623,14.54176],[120.58614,14.54176],[120.58614,14.54194]]],[[[120.58558,14.54248],[120.58567,14.5423],[120.58558,14.5423],[120.58558,14.54248]]],[[[120.58455,14.54274],[120.58474,14.54265],[120.58455,14.54265],[120.58455,14.54274]]],[[[120.58557,14.54275],[120.58548,14.54293],[120.58557,14.54293],[120.58557,14.54275]]],[[[120.58529,14.54293],[120.58548,14.54302],[120.58548,14.54293],[120.58529,14.54293]]],[[[120.5851,14.54347],[120.58464,14.54364],[120.58482,14.54373],[120.58473,14.54391],[120.58547,14.54374],[120.5852,14.5432],[120.5851,14.54347]],[[120.58482,14.54373],[120.58491,14.54364],[120.58491,14.54373],[120.58482,14.54373]]],[[[120.58445,14.54373],[120.58463,14.54382],[120.58464,14.54373],[120.58445,14.54373]]],[[[120.58426,14.54382],[120.58445,14.54391],[120.58445,14.54382],[120.58426,14.54382]]],[[[120.58417,14.54409],[120.58435,14.54418],[120.58435,14.54409],[120.58417,14.54409]]],[[[120.58582,14.54591],[120.58675,14.54502],[120.58657,14.54502],[120.58619,14.54546],[120.58526,14.54582],[120.58582,14.54591]]],[[[120.58682,14.54773],[120.587,14.54782],[120.587,14.54773],[120.58682,14.54773]]],[[[120.58607,14.54781],[120.58635,14.54791],[120.58635,14.54782],[120.58607,14.54781]]],[[[120.58663,14.54791],[120.58645,14.54782],[120.58644,14.54791],[120.58663,14.54791]]],[[[120.58422,14.54788],[120.5844,14.54798],[120.5844,14.54789],[120.58422,14.54788]]],[[[120.58589,14.5479],[120.58552,14.54799],[120.58589,14.54799],[120.58589,14.5479]]],[[[120.58672,14.54818],[120.5869,14.54827],[120.58691,14.54818],[120.58672,14.54818]]],[[[120.58468,14.54834],[120.58533,14.54826],[120.58468,14.54825],[120.58468,14.54834]]],[[[120.58607,14.54826],[120.58635,14.54836],[120.58635,14.54827],[120.58607,14.54826]]],[[[120.58754,14.55],[120.58615,14.54971],[120.58578,14.5498],[120.58707,14.55035],[120.58735,14.55036],[120.58726,14.55008],[120.58763,14.55018],[120.58754,14.55]]],[[[120.58453,14.55313],[120.58509,14.55322],[120.58509,14.55304],[120.58453,14.55295],[120.58453,14.55313]]],[[[120.58546,14.55332],[120.58583,14.55359],[120.5862,14.55351],[120.58592,14.55332],[120.58546,14.55332]]],[[[120.58636,14.55549],[120.58618,14.55513],[120.58646,14.55504],[120.58646,14.55477],[120.586,14.55468],[120.58572,14.55522],[120.58544,14.55521],[120.58525,14.55539],[120.58553,14.55549],[120.5859,14.55531],[120.58636,14.55549]]],[[[120.58553,14.56425],[120.58478,14.56433],[120.58552,14.56434],[120.58553,14.56425]]],[[[120.58652,14.56697],[120.5867,14.56706],[120.5867,14.56697],[120.58652,14.56697]]],[[[120.58474,14.56795],[120.58391,14.56785],[120.58372,14.56803],[120.58474,14.56795]]],[[[120.58465,14.56803],[120.58483,14.56813],[120.58483,14.56804],[120.58465,14.56803]]],[[[120.58696,14.5686],[120.58659,14.56869],[120.58696,14.56869],[120.58696,14.5686]]],[[[120.58631,14.56887],[120.58603,14.56877],[120.58603,14.56886],[120.58631,14.56887]]],[[[120.58687,14.56887],[120.58668,14.56896],[120.58687,14.56896],[120.58687,14.56887]]],[[[120.58472,14.56993],[120.5851,14.56967],[120.5851,14.56958],[120.58472,14.56966],[120.58472,14.56993]]],[[[120.58499,14.57111],[120.58536,14.5712],[120.58536,14.57111],[120.58499,14.57111]]],[[[120.58619,14.57112],[120.58638,14.57121],[120.58638,14.57112],[120.58619,14.57112]]],[[[120.58498,14.57129],[120.58471,14.5712],[120.58471,14.57129],[120.58498,14.57129]]],[[[120.58554,14.5713],[120.58536,14.5712],[120.58536,14.57129],[120.58554,14.5713]]],[[[120.58573,14.5713],[120.58591,14.57121],[120.58573,14.57121],[120.58573,14.5713]]],[[[120.58656,14.57122],[120.58675,14.57131],[120.58675,14.57122],[120.58656,14.57122]]],[[[120.5861,14.57139],[120.58628,14.57148],[120.58628,14.57139],[120.5861,14.57139]]],[[[120.58545,14.57157],[120.58526,14.57147],[120.58526,14.57156],[120.58545,14.57157]]],[[[120.58471,14.57129],[120.58405,14.57164],[120.58414,14.57182],[120.58489,14.57147],[120.58526,14.57147],[120.58461,14.57147],[120.58471,14.57129]]],[[[120.58674,14.57167],[120.58693,14.57158],[120.58674,14.57158],[120.58674,14.57167]]],[[[120.58755,14.5743],[120.58644,14.57375],[120.58468,14.57364],[120.58542,14.57401],[120.58607,14.57401],[120.58718,14.57448],[120.58754,14.57475],[120.58763,14.5752],[120.58809,14.57557],[120.58819,14.57503],[120.58801,14.57503],[120.58792,14.57466],[120.58755,14.5743]]],[[[120.58472,14.57843],[120.585,14.57834],[120.58472,14.57833],[120.58472,14.57843]]],[[[120.585,14.57852],[120.58528,14.57843],[120.585,14.57843],[120.585,14.57852]]],[[[120.58426,14.57851],[120.58453,14.5786],[120.58453,14.57851],[120.58426,14.57851]]],[[[120.58685,14.57854],[120.58676,14.57872],[120.58685,14.57872],[120.58685,14.57854]]],[[[120.58463,14.57861],[120.58481,14.5787],[120.58481,14.57861],[120.58463,14.57861]]],[[[120.58546,14.57888],[120.58518,14.57879],[120.58518,14.57888],[120.58546,14.57888]]],[[[120.58656,14.5798],[120.58694,14.57953],[120.58647,14.57935],[120.58648,14.57908],[120.58666,14.5789],[120.58629,14.57889],[120.58574,14.57853],[120.58528,14.57852],[120.58583,14.5788],[120.58546,14.57897],[120.58601,14.57916],[120.586,14.57988],[120.58619,14.57989],[120.58665,14.58034],[120.58655,14.58052],[120.58632,14.58052],[120.58776,14.58062],[120.5872,14.58053],[120.58702,14.58017],[120.58683,14.58034],[120.58656,14.5798]]],[[[120.58726,14.50717],[120.58744,14.50726],[120.58744,14.50717],[120.58726,14.50717]]],[[[120.58763,14.50735],[120.58744,14.50726],[120.58744,14.50735],[120.58763,14.50735]]],[[[120.58772,14.50735],[120.58809,14.50745],[120.58809,14.50736],[120.58772,14.50735]]],[[[120.58827,14.50754],[120.58809,14.50745],[120.58809,14.50754],[120.58827,14.50754]]],[[[120.58734,14.50789],[120.58753,14.50789],[120.58762,14.50771],[120.58744,14.50771],[120.58734,14.50789]]],[[[120.58807,14.50907],[120.58798,14.50925],[120.58807,14.50926],[120.58807,14.50907]]],[[[120.58881,14.50962],[120.58816,14.50962],[120.58798,14.50925],[120.58761,14.50916],[120.58733,14.50925],[120.58695,14.5097],[120.58714,14.5097],[120.58723,14.50952],[120.5877,14.50952],[120.58797,14.50989],[120.58899,14.50999],[120.58918,14.50954],[120.58946,14.50945],[120.58974,14.50909],[120.58946,14.50891],[120.58946,14.50909],[120.589,14.50926],[120.58881,14.50962]],[[120.5877,14.50952],[120.58779,14.50943],[120.58779,14.50952],[120.5877,14.50952]],[[120.5877,14.50943],[120.58751,14.50934],[120.5877,14.50934],[120.5877,14.50943]]],[[[120.58915,14.51207],[120.5898,14.51198],[120.58915,14.51198],[120.58915,14.51207]]],[[[120.58785,14.51214],[120.58804,14.51206],[120.58785,14.51205],[120.58785,14.51214]]],[[[120.58859,14.51233],[120.58878,14.51242],[120.58878,14.51233],[120.58859,14.51233]]],[[[120.5898,14.51244],[120.58961,14.51234],[120.58961,14.51243],[120.5898,14.51244]]],[[[120.58757,14.5125],[120.58804,14.51242],[120.58757,14.51241],[120.58757,14.5125]]],[[[120.59017,14.51271],[120.59054,14.5128],[120.59054,14.51271],[120.59017,14.51271]]],[[[120.58875,14.51468],[120.58903,14.51478],[120.58903,14.51469],[120.58875,14.51468]]],[[[120.58847,14.51486],[120.5882,14.51477],[120.58819,14.51486],[120.58847,14.51486]]],[[[120.58894,14.51496],[120.58875,14.51486],[120.58875,14.51495],[120.58894,14.51496]]],[[[120.58996,14.51497],[120.59079,14.51488],[120.58996,14.51488],[120.58996,14.51497]]],[[[120.58736,14.51494],[120.58745,14.51503],[120.58838,14.51504],[120.58792,14.51486],[120.58736,14.51494]]],[[[120.58789,14.51711],[120.58808,14.51721],[120.58808,14.51712],[120.58789,14.51711]]],[[[120.59002,14.51741],[120.59021,14.5175],[120.59021,14.51741],[120.59002,14.51741]]],[[[120.5903,14.51786],[120.59048,14.51795],[120.59048,14.51786],[120.5903,14.51786]]],[[[120.59028,14.51931],[120.59046,14.5194],[120.59047,14.51931],[120.59028,14.51931]]],[[[120.58814,14.51983],[120.58796,14.51973],[120.58796,14.51982],[120.58814,14.51983]]],[[[120.5874,14.51991],[120.58758,14.52],[120.58758,14.51991],[120.5874,14.51991]]],[[[120.5887,14.52001],[120.58888,14.52011],[120.58888,14.52001],[120.5887,14.52001]]],[[[120.58777,14.52018],[120.58795,14.5201],[120.58777,14.52009],[120.58777,14.52018]]],[[[120.58971,14.52084],[120.59007,14.52111],[120.59045,14.52112],[120.59017,14.52093],[120.59017,14.52075],[120.58971,14.52084]]],[[[120.58756,14.5219],[120.58793,14.52217],[120.58876,14.52227],[120.58867,14.522],[120.58756,14.5219]]],[[[120.58941,14.52237],[120.58923,14.52228],[120.58923,14.52237],[120.58941,14.52237]]],[[[120.58904,14.52237],[120.58923,14.52246],[120.58923,14.52237],[120.58904,14.52237]]],[[[120.58941,14.52255],[120.5896,14.52255],[120.58969,14.52237],[120.58941,14.52237],[120.58941,14.52255]]],[[[120.59052,14.52256],[120.5896,14.52255],[120.59034,14.52274],[120.59042,14.52319],[120.5894,14.52318],[120.58875,14.52345],[120.59024,14.52328],[120.59079,14.52338],[120.5907,14.5232],[120.59089,14.52302],[120.59061,14.52292],[120.59052,14.52256]]],[[[120.58717,14.52388],[120.58735,14.52397],[120.58735,14.52388],[120.58717,14.52388]]],[[[120.58744,14.52452],[120.58763,14.52443],[120.58717,14.52415],[120.58717,14.52424],[120.58744,14.52452]]],[[[120.58762,14.5247],[120.58781,14.52488],[120.5879,14.52488],[120.58772,14.52452],[120.58762,14.5247]]],[[[120.58789,14.5257],[120.58798,14.52606],[120.58798,14.52579],[120.58817,14.52561],[120.58854,14.52561],[120.58817,14.52534],[120.58818,14.52507],[120.5879,14.52534],[120.58808,14.52552],[120.58789,14.5257]]],[[[120.58938,14.52562],[120.58928,14.52553],[120.5891,14.52553],[120.58919,14.52571],[120.58938,14.52562]]],[[[120.58873,14.5258],[120.58882,14.52589],[120.589,14.52589],[120.58891,14.52571],[120.58873,14.5258]]],[[[120.58761,14.52587],[120.58733,14.52587],[120.58705,14.52614],[120.5877,14.52624],[120.58789,14.52543],[120.58771,14.52551],[120.58761,14.52587]]],[[[120.58965,14.5259],[120.58947,14.5258],[120.58947,14.52589],[120.58965,14.5259]]],[[[120.58984,14.52599],[120.58965,14.5259],[120.58965,14.52599],[120.58984,14.52599]]],[[[120.58993,14.52608],[120.59011,14.52599],[120.58993,14.52599],[120.58993,14.52608]]],[[[120.58788,14.52633],[120.5878,14.52606],[120.58779,14.52633],[120.58788,14.52633]]],[[[120.58705,14.52632],[120.58723,14.52641],[120.58724,14.52632],[120.58705,14.52632]]],[[[120.589,14.52634],[120.58797,14.5266],[120.58853,14.52661],[120.58834,14.52679],[120.58881,14.52679],[120.58927,14.52652],[120.58983,14.52653],[120.59002,14.52635],[120.58974,14.52635],[120.58965,14.52617],[120.58909,14.52598],[120.589,14.52634]]],[[[120.58751,14.52632],[120.58723,14.5265],[120.5877,14.5266],[120.5877,14.52642],[120.58751,14.52632]]],[[[120.59048,14.52654],[120.5902,14.52644],[120.5902,14.52653],[120.59048,14.52654]]],[[[120.58797,14.52678],[120.58779,14.52669],[120.58779,14.52678],[120.58797,14.52678]]],[[[120.58759,14.5275],[120.58778,14.52741],[120.58759,14.52741],[120.58759,14.5275]]],[[[120.58823,14.52913],[120.58804,14.52904],[120.58804,14.52922],[120.58813,14.52922],[120.58823,14.52913]]],[[[120.58776,14.52913],[120.58721,14.52858],[120.58693,14.52867],[120.58767,14.52922],[120.58766,14.52958],[120.58785,14.52985],[120.58776,14.52922],[120.58795,14.52913],[120.58776,14.52913]]],[[[120.58795,14.52931],[120.58785,14.52949],[120.58813,14.5294],[120.58813,14.52931],[120.58795,14.52931]]],[[[120.5896,14.53032],[120.58979,14.53041],[120.58979,14.53032],[120.5896,14.53032]]],[[[120.58988,14.53041],[120.59007,14.53051],[120.59007,14.53042],[120.58988,14.53041]]],[[[120.58689,14.53219],[120.58708,14.53228],[120.58708,14.53219],[120.58689,14.53219]]],[[[120.58744,14.53319],[120.58763,14.5331],[120.58744,14.5331],[120.58744,14.53319]]],[[[120.58688,14.53328],[120.58707,14.53319],[120.58688,14.53318],[120.58688,14.53328]]],[[[120.5879,14.53329],[120.58772,14.53319],[120.58772,14.53328],[120.5879,14.53329]]],[[[120.58827,14.53338],[120.58809,14.53329],[120.58809,14.53338],[120.58827,14.53338]]],[[[120.58836,14.53338],[120.58855,14.53347],[120.58855,14.53338],[120.58836,14.53338]]],[[[120.58992,14.5352],[120.59002,14.53493],[120.58974,14.53511],[120.58974,14.53529],[120.58908,14.53565],[120.58908,14.53583],[120.58992,14.5352]]],[[[120.58889,14.53601],[120.5888,14.53582],[120.58852,14.536],[120.58889,14.53601]]],[[[120.58852,14.536],[120.58834,14.53591],[120.58797,14.53591],[120.58806,14.53609],[120.58852,14.536]]],[[[120.58962,14.53728],[120.59008,14.53746],[120.58962,14.5371],[120.58962,14.53728]]],[[[120.58942,14.53827],[120.58869,14.53763],[120.58795,14.53753],[120.58813,14.53771],[120.58795,14.5378],[120.58841,14.53781],[120.58896,14.53818],[120.58886,14.53863],[120.58989,14.53855],[120.58914,14.53845],[120.58915,14.53827],[120.58942,14.53827]]],[[[120.58998,14.5381],[120.59017,14.53819],[120.59017,14.5381],[120.58998,14.5381]]],[[[120.58961,14.53827],[120.58989,14.53818],[120.58961,14.53818],[120.58961,14.53827]]],[[[120.59016,14.53846],[120.58989,14.53837],[120.58989,14.53846],[120.59016,14.53846]]],[[[120.58886,14.53872],[120.58868,14.53862],[120.58868,14.5388],[120.58886,14.53872]]],[[[120.59015,14.5399],[120.58997,14.53972],[120.58978,14.53981],[120.58987,14.53999],[120.59015,14.5399]]],[[[120.59014,14.54063],[120.59042,14.54072],[120.59042,14.54063],[120.59014,14.54063]]],[[[120.58911,14.54152],[120.5892,14.54143],[120.58921,14.54125],[120.58902,14.54134],[120.58911,14.54152]]],[[[120.58846,14.54187],[120.58781,14.5416],[120.58753,14.54168],[120.58762,14.54214],[120.58818,14.54205],[120.58882,14.54305],[120.58882,14.54269],[120.589,14.54278],[120.58901,14.54251],[120.58846,14.54187]]],[[[120.58918,14.54405],[120.5891,14.54278],[120.589,14.54278],[120.589,14.5436],[120.58881,14.54323],[120.5888,14.54432],[120.58889,14.5445],[120.58908,14.5445],[120.58926,14.54513],[120.58953,14.54523],[120.58918,14.54405]]],[[[120.58786,14.54539],[120.58814,14.5453],[120.58786,14.5453],[120.58786,14.54539]]],[[[120.58932,14.54757],[120.5896,14.54749],[120.58932,14.54748],[120.58932,14.54757]]],[[[120.59007,14.54758],[120.59025,14.54767],[120.59025,14.54758],[120.59007,14.54758]]],[[[120.58737,14.54774],[120.5871,14.54764],[120.5871,14.54773],[120.58737,14.54774]]],[[[120.58969,14.54794],[120.58951,14.54785],[120.58951,14.54794],[120.58969,14.54794]]],[[[120.59015,14.54804],[120.58997,14.54794],[120.58997,14.54803],[120.59015,14.54804]]],[[[120.58876,14.54865],[120.58894,14.54865],[120.58894,14.54847],[120.58867,14.5482],[120.58876,14.54865]]],[[[120.5892,14.55028],[120.58912,14.54947],[120.58911,14.55028],[120.5892,14.55028]]],[[[120.58763,14.55018],[120.58781,14.55027],[120.58781,14.55018],[120.58763,14.55018]]],[[[120.58809,14.55027],[120.58781,14.55036],[120.58809,14.55036],[120.58809,14.55027]]],[[[120.58735,14.55036],[120.58772,14.55045],[120.58772,14.55036],[120.58735,14.55036]]],[[[120.58818,14.55036],[120.58836,14.55046],[120.58837,14.55037],[120.58818,14.55036]]],[[[120.5879,14.55054],[120.58772,14.55045],[120.58771,14.55054],[120.5879,14.55054]]],[[[120.58855,14.55055],[120.58836,14.55046],[120.58836,14.55055],[120.58855,14.55055]]],[[[120.58864,14.55055],[120.58883,14.55064],[120.58883,14.55055],[120.58864,14.55055]]],[[[120.58827,14.55064],[120.58845,14.55073],[120.58846,14.55064],[120.58827,14.55064]]],[[[120.58845,14.55082],[120.58855,14.55091],[120.58873,14.55091],[120.58864,14.55073],[120.58845,14.55082]]],[[[120.58901,14.55128],[120.5891,14.55092],[120.58929,14.55083],[120.58883,14.55064],[120.58892,14.55091],[120.58873,14.551],[120.58901,14.55109],[120.58901,14.55128]]],[[[120.58938,14.55101],[120.58928,14.55137],[120.5891,14.55128],[120.5891,14.55146],[120.58974,14.55183],[120.58965,14.55155],[120.58984,14.55146],[120.58956,14.55137],[120.58938,14.55101]],[[120.58928,14.55146],[120.58947,14.55137],[120.58947,14.55155],[120.58928,14.55146]],[[120.58965,14.55155],[120.58956,14.55146],[120.58965,14.55146],[120.58965,14.55155]]],[[[120.58992,14.55246],[120.59039,14.5521],[120.59057,14.5522],[120.59076,14.55211],[120.59057,14.5521],[120.59012,14.55156],[120.58993,14.55156],[120.59011,14.55192],[120.58983,14.55201],[120.59011,14.55228],[120.58992,14.55246]]],[[[120.58769,14.55289],[120.58741,14.5528],[120.58741,14.55289],[120.58769,14.55289]]],[[[120.58973,14.55291],[120.58992,14.55246],[120.58955,14.55255],[120.58945,14.55273],[120.58927,14.55272],[120.58927,14.55254],[120.5889,14.55272],[120.58769,14.55271],[120.58852,14.55281],[120.58861,14.55308],[120.58778,14.55307],[120.58713,14.55333],[120.58704,14.55315],[120.58741,14.55289],[120.58695,14.55288],[120.58538,14.55214],[120.58436,14.55195],[120.58418,14.55177],[120.5839,14.55177],[120.58372,14.5514],[120.58353,14.5514],[120.58372,14.55158],[120.58362,14.55176],[120.58334,14.55176],[120.58473,14.5525],[120.58639,14.55297],[120.58676,14.55324],[120.58675,14.5536],[120.58778,14.55325],[120.58861,14.55317],[120.5887,14.55344],[120.58852,14.55371],[120.58777,14.55388],[120.58749,14.55415],[120.58684,14.55414],[120.58721,14.55433],[120.58833,14.55407],[120.58898,14.55344],[120.58944,14.55363],[120.58954,14.55327],[120.58973,14.55327],[120.5901,14.55282],[120.59066,14.55265],[120.5902,14.55264],[120.58973,14.55291]],[[120.58862,14.5529],[120.58889,14.55299],[120.58889,14.55326],[120.58871,14.55317],[120.58862,14.5529]],[[120.58639,14.55278],[120.58565,14.5526],[120.58602,14.55251],[120.58639,14.55278]],[[120.58639,14.55278],[120.58658,14.55288],[120.58639,14.55287],[120.58639,14.55278]]],[[[120.58997,14.55644],[120.5896,14.55598],[120.58775,14.55605],[120.58757,14.55569],[120.58729,14.55568],[120.58747,14.55632],[120.58821,14.55642],[120.5883,14.55678],[120.58858,14.55642],[120.58895,14.55633],[120.58922,14.5567],[120.58969,14.5567],[120.59015,14.55716],[120.5907,14.55726],[120.59043,14.55716],[120.59043,14.55689],[120.5908,14.55681],[120.59061,14.5568],[120.59034,14.55644],[120.58997,14.55644]],[[120.58849,14.55606],[120.58914,14.55607],[120.58914,14.55625],[120.58821,14.55624],[120.58849,14.55606]],[[120.58765,14.55623],[120.58812,14.55624],[120.58812,14.55633],[120.58765,14.55623]]],[[[120.58966,14.55941],[120.58948,14.55869],[120.58911,14.55869],[120.58929,14.55905],[120.58928,14.55995],[120.58947,14.55986],[120.58947,14.55959],[120.58966,14.55941]]],[[[120.58845,14.55976],[120.58863,14.55985],[120.58863,14.55976],[120.58845,14.55976]]],[[[120.58771,14.55994],[120.58789,14.56003],[120.58789,14.55994],[120.58771,14.55994]]],[[[120.58919,14.56013],[120.58928,14.55995],[120.58919,14.55995],[120.58919,14.56013]]],[[[120.58787,14.56192],[120.58768,14.56183],[120.58768,14.56192],[120.58787,14.56192]]],[[[120.58953,14.56294],[120.58981,14.56285],[120.58953,14.56285],[120.58953,14.56294]]],[[[120.58979,14.56438],[120.58989,14.5642],[120.58979,14.5642],[120.58979,14.56438]]],[[[120.58988,14.56484],[120.58978,14.56511],[120.58997,14.56511],[120.58988,14.56484]]],[[[120.58744,14.56707],[120.58763,14.56716],[120.58763,14.56707],[120.58744,14.56707]]],[[[120.58994,14.56809],[120.59059,14.56801],[120.58994,14.568],[120.58994,14.56809]]],[[[120.58705,14.56869],[120.58724,14.56878],[120.58724,14.56869],[120.58705,14.56869]]],[[[120.58974,14.56881],[120.58965,14.56899],[120.58974,14.56899],[120.58974,14.56881]]],[[[120.58733,14.56906],[120.58705,14.56896],[120.58705,14.56905],[120.58733,14.56906]]],[[[120.58964,14.56962],[120.58955,14.56899],[120.58955,14.56962],[120.58964,14.56962]]],[[[120.58823,14.57105],[120.58842,14.57115],[120.58842,14.57106],[120.58823,14.57105]]],[[[120.5874,14.57141],[120.58684,14.57131],[120.58684,14.5714],[120.5874,14.57141]]],[[[120.58786,14.5715],[120.58814,14.57141],[120.58786,14.57141],[120.58786,14.5715]]],[[[120.58749,14.57159],[120.58767,14.57168],[120.58767,14.57159],[120.58749,14.57159]]],[[[120.58748,14.57168],[120.58702,14.57176],[120.58748,14.57177],[120.58748,14.57168]]],[[[120.58858,14.57313],[120.58868,14.57305],[120.58868,14.57268],[120.5884,14.57295],[120.58858,14.57313]]],[[[120.58978,14.5736],[120.58997,14.57369],[120.58997,14.5736],[120.58978,14.5736]]],[[[120.58857,14.57413],[120.58848,14.57386],[120.58848,14.57413],[120.58857,14.57413]]],[[[120.58828,14.57557],[120.58848,14.57422],[120.58819,14.57485],[120.58828,14.57557]]],[[[120.58828,14.57566],[120.58818,14.57602],[120.58827,14.57602],[120.58828,14.57566]]],[[[120.588,14.57593],[120.5879,14.57584],[120.58772,14.57602],[120.588,14.57593]]],[[[120.58725,14.57592],[120.58744,14.57601],[120.58744,14.57592],[120.58725,14.57592]]],[[[120.58827,14.57647],[120.58818,14.57602],[120.58799,14.57602],[120.5879,14.57656],[120.58808,14.57656],[120.58808,14.57638],[120.58827,14.57647]]],[[[120.5891,14.57684],[120.58891,14.57675],[120.58891,14.57684],[120.5891,14.57684]]],[[[120.58993,14.57712],[120.59058,14.57704],[120.58993,14.57703],[120.58993,14.57712]]],[[[120.58983,14.57794],[120.59001,14.57803],[120.59001,14.57794],[120.58983,14.57794]]],[[[120.58871,14.57811],[120.58816,14.57801],[120.58816,14.5781],[120.58871,14.57811]]],[[[120.58881,14.57811],[120.58955,14.5782],[120.58955,14.57811],[120.58881,14.57811]]],[[[120.58723,14.57836],[120.58695,14.57827],[120.58695,14.57836],[120.58723,14.57836]]],[[[120.58797,14.57837],[120.58862,14.57828],[120.58797,14.57828],[120.58797,14.57837]]],[[[120.58955,14.57829],[120.58973,14.57839],[120.58973,14.5783],[120.58955,14.57829]]],[[[120.58722,14.57854],[120.58702,14.58017],[120.58721,14.57981],[120.58732,14.57863],[120.58787,14.57846],[120.5876,14.57827],[120.58797,14.5781],[120.58723,14.57818],[120.5875,14.57836],[120.58722,14.57854]]],[[[120.59297,14.51075],[120.59269,14.51084],[120.59297,14.51084],[120.59297,14.51075]]],[[[120.59352,14.51103],[120.59343,14.51121],[120.59352,14.51121],[120.59352,14.51103]]],[[[120.59119,14.512],[120.59017,14.51208],[120.59129,14.51209],[120.59157,14.51191],[120.59138,14.51182],[120.59119,14.512]]],[[[120.59156,14.512],[120.59165,14.51218],[120.59166,14.512],[120.59156,14.512]]],[[[120.59202,14.51264],[120.59073,14.51235],[120.5911,14.51245],[120.59128,14.51272],[120.59202,14.51264]]],[[[120.59079,14.51479],[120.59107,14.51471],[120.59079,14.5147],[120.59079,14.51479]]],[[[120.59107,14.51498],[120.59079,14.51507],[120.59107,14.51507],[120.59107,14.51498]]],[[[120.59413,14.5151],[120.59431,14.51519],[120.59431,14.5151],[120.59413,14.5151]]],[[[120.59394,14.51519],[120.59413,14.51528],[120.59413,14.51519],[120.59394,14.51519]]],[[[120.59236,14.51526],[120.59255,14.51535],[120.59255,14.51526],[120.59236,14.51526]]],[[[120.59357,14.51527],[120.59394,14.51537],[120.59394,14.51528],[120.59357,14.51527]]],[[[120.59357,14.51546],[120.59301,14.51536],[120.59301,14.51545],[120.59357,14.51546]]],[[[120.59282,14.51554],[120.59208,14.51562],[120.59282,14.51563],[120.59282,14.51554]]],[[[120.59394,14.51564],[120.59412,14.51555],[120.59394,14.51555],[120.59394,14.51564]]],[[[120.59292,14.51572],[120.59375,14.51564],[120.59292,14.51563],[120.59292,14.51572]]],[[[120.59261,14.51798],[120.59289,14.51789],[120.59261,14.51788],[120.59261,14.51798]]],[[[120.59381,14.51844],[120.594,14.51853],[120.594,14.51844],[120.59381,14.51844]]],[[[120.59418,14.51862],[120.594,14.51853],[120.594,14.51862],[120.59418,14.51862]]],[[[120.59084,14.5185],[120.59065,14.51922],[120.59084,14.51922],[120.59121,14.51886],[120.5915,14.51814],[120.59057,14.51795],[120.59066,14.51814],[120.59029,14.51831],[120.59019,14.51903],[120.59038,14.51886],[120.59038,14.51849],[120.59084,14.5185]]],[[[120.59047,14.51922],[120.59065,14.51931],[120.59065,14.51922],[120.59047,14.51922]]],[[[120.5936,14.52079],[120.59379,14.52088],[120.59379,14.52079],[120.5936,14.52079]]],[[[120.59342,14.52087],[120.59165,14.52095],[120.5911,14.52076],[120.5911,14.52094],[120.59137,14.52112],[120.59211,14.52122],[120.59239,14.52141],[120.59332,14.52142],[120.59314,14.52105],[120.59342,14.52087]]],[[[120.59397,14.52124],[120.59425,14.52133],[120.59416,14.52106],[120.59434,14.52097],[120.59379,14.52088],[120.59397,14.52124]]],[[[120.59405,14.5226],[120.59414,14.52278],[120.59414,14.5226],[120.59405,14.5226]]],[[[120.59414,14.52278],[120.59422,14.52332],[120.59423,14.52278],[120.59414,14.52278]]],[[[120.59098,14.52347],[120.59079,14.52338],[120.59079,14.52347],[120.59098,14.52347]]],[[[120.59432,14.52332],[120.59422,14.52359],[120.59431,14.52359],[120.59432,14.52332]]],[[[120.5919,14.52366],[120.59172,14.52357],[120.59172,14.52366],[120.5919,14.52366]]],[[[120.59199,14.52366],[120.59218,14.52375],[120.59218,14.52366],[120.59199,14.52366]]],[[[120.59255,14.52385],[120.59218,14.52375],[120.59218,14.52384],[120.59255,14.52385]]],[[[120.59273,14.52394],[120.59255,14.52385],[120.59255,14.52394],[120.59273,14.52394]]],[[[120.59227,14.52402],[120.59208,14.52393],[120.59208,14.52402],[120.59227,14.52402]]],[[[120.59236,14.52403],[120.59255,14.52412],[120.59255,14.52403],[120.59236,14.52403]]],[[[120.59329,14.52422],[120.59365,14.52458],[120.59337,14.52467],[120.59356,14.52476],[120.59449,14.52477],[120.59467,14.52459],[120.59486,14.52468],[120.59477,14.52423],[120.5944,14.52432],[120.59439,14.52468],[120.59412,14.52468],[120.59384,14.52458],[120.59403,14.52422],[120.59329,14.52422]]],[[[120.59096,14.52537],[120.59096,14.52519],[120.59068,14.52509],[120.59068,14.52527],[120.59096,14.52537]]],[[[120.5916,14.52546],[120.59179,14.52556],[120.59179,14.52547],[120.5916,14.52546]]],[[[120.59067,14.52582],[120.59068,14.52527],[120.59049,14.52527],[120.59049,14.52581],[120.59067,14.52582]]],[[[120.59299,14.52575],[120.59309,14.52557],[120.59299,14.52557],[120.59299,14.52575]]],[[[120.59141,14.52609],[120.59206,14.52628],[120.59188,14.52601],[120.59197,14.52583],[120.59179,14.52583],[120.59178,14.5261],[120.59141,14.52609]]],[[[120.5903,14.52608],[120.59058,14.52618],[120.59058,14.52609],[120.5903,14.52608]]],[[[120.59095,14.52618],[120.59123,14.52609],[120.59095,14.52609],[120.59095,14.52618]]],[[[120.59131,14.52664],[120.5915,14.52673],[120.5915,14.52664],[120.59131,14.52664]]],[[[120.59261,14.52647],[120.59224,14.52664],[120.59289,14.52701],[120.59298,14.52683],[120.59326,14.52684],[120.59289,14.52674],[120.59261,14.52647]]],[[[120.59418,14.52703],[120.59344,14.52684],[120.5939,14.52729],[120.59418,14.5273],[120.59418,14.52757],[120.59455,14.52748],[120.59464,14.52766],[120.59483,14.52766],[120.59446,14.52712],[120.59427,14.52721],[120.59418,14.52703]]],[[[120.59436,14.52775],[120.59325,14.52765],[120.59353,14.52756],[120.59362,14.52729],[120.59326,14.52702],[120.59298,14.52701],[120.59288,14.52764],[120.59316,14.52783],[120.59278,14.52791],[120.59399,14.52784],[120.59454,14.52802],[120.59436,14.52793],[120.59436,14.52775]],[[120.59325,14.5272],[120.59335,14.52738],[120.59307,14.52729],[120.59307,14.5272],[120.59325,14.5272]]],[[[120.59251,14.52773],[120.59269,14.52782],[120.59269,14.52773],[120.59251,14.52773]]],[[[120.59138,14.52889],[120.5911,14.52889],[120.59119,14.52925],[120.59138,14.52908],[120.59138,14.52889]]],[[[120.59378,14.52982],[120.59388,14.52964],[120.59378,14.52964],[120.59378,14.52982]]],[[[120.59369,14.52991],[120.59378,14.53036],[120.59378,14.52991],[120.59369,14.52991]]],[[[120.59155,14.53025],[120.59239,14.52999],[120.59331,14.5309],[120.59339,14.53144],[120.5946,14.53182],[120.59469,14.532],[120.59478,14.53173],[120.59497,14.53173],[120.59405,14.53127],[120.59386,14.53082],[120.59359,14.53081],[120.5935,14.53054],[120.59303,14.53036],[120.59258,14.52981],[120.59183,14.52989],[120.59156,14.52935],[120.59128,14.52925],[120.59137,14.52971],[120.59156,14.5298],[120.59155,14.53025]],[[120.59174,14.53016],[120.59165,14.52998],[120.59183,14.52998],[120.59174,14.53016]],[[120.59368,14.53118],[120.59386,14.53136],[120.59367,14.53136],[120.59368,14.53118]]],[[[120.5933,14.53153],[120.59312,14.53144],[120.59302,14.53189],[120.59311,14.53189],[120.5932,14.5318],[120.5933,14.53153]]],[[[120.59302,14.53207],[120.59293,14.53189],[120.59292,14.53207],[120.59302,14.53207]]],[[[120.59283,14.53225],[120.59292,14.53207],[120.59283,14.53207],[120.59283,14.53225]]],[[[120.59114,14.53413],[120.59086,14.53404],[120.59086,14.53413],[120.59114,14.53413]]],[[[120.59401,14.53425],[120.59429,14.53425],[120.59439,14.53407],[120.59392,14.53398],[120.59401,14.53425]]],[[[120.59222,14.53721],[120.59091,14.53774],[120.59054,14.53774],[120.59036,14.53801],[120.59017,14.53801],[120.59045,14.53819],[120.59017,14.53837],[120.59137,14.5382],[120.59138,14.53802],[120.59175,14.53766],[120.59212,14.53758],[120.59278,14.53704],[120.5925,14.53686],[120.59222,14.53721]],[[120.59045,14.5381],[120.59054,14.53801],[120.59054,14.5381],[120.59045,14.5381]],[[120.59063,14.53792],[120.59073,14.53801],[120.59063,14.53801],[120.59063,14.53792]]],[[[120.59127,14.53883],[120.59332,14.53813],[120.5936,14.53786],[120.59323,14.53768],[120.59323,14.53786],[120.59295,14.53804],[120.59174,14.53829],[120.59128,14.53865],[120.59127,14.53883]]],[[[120.59425,14.53823],[120.59453,14.53796],[120.59407,14.53796],[120.59415,14.53886],[120.59425,14.53823]]],[[[120.59406,14.53823],[120.59396,14.53877],[120.59406,14.53877],[120.59406,14.53823]]],[[[120.59283,14.54038],[120.59265,14.54029],[120.59265,14.54038],[120.59283,14.54038]]],[[[120.59191,14.54028],[120.59135,14.54055],[120.59265,14.54038],[120.59191,14.54028]]],[[[120.59095,14.54344],[120.59039,14.54307],[120.58974,14.54297],[120.59057,14.54343],[120.59085,14.54398],[120.59121,14.54425],[120.59122,14.54407],[120.5914,14.54398],[120.59103,14.5438],[120.59095,14.54344]]],[[[120.59177,14.54444],[120.59149,14.54425],[120.59149,14.54443],[120.59131,14.54443],[120.59121,14.54425],[120.59139,14.54543],[120.59111,14.54552],[120.59176,14.54543],[120.59177,14.54444]],[[120.59158,14.54516],[120.59148,14.54507],[120.59158,14.54507],[120.59158,14.54516]]],[[[120.59399,14.54527],[120.59371,14.54518],[120.59417,14.54573],[120.59425,14.54618],[120.59453,14.54627],[120.59454,14.54591],[120.59399,14.54527]]],[[[120.59322,14.54734],[120.59332,14.54716],[120.59322,14.54716],[120.59322,14.54734]]],[[[120.59275,14.5477],[120.59285,14.54788],[120.59285,14.5477],[120.59275,14.5477]]],[[[120.59284,14.54851],[120.59293,14.54833],[120.59284,14.54833],[120.59284,14.54851]]],[[[120.59247,14.5486],[120.59265,14.54869],[120.59265,14.5486],[120.59247,14.5486]]],[[[120.59357,14.54915],[120.59339,14.54888],[120.59311,14.54888],[120.59302,14.54861],[120.59265,14.54869],[120.5932,14.54924],[120.59357,14.54915]]],[[[120.59246,14.54932],[120.59237,14.54914],[120.59237,14.54932],[120.59246,14.54932]]],[[[120.59246,14.54959],[120.59255,14.54941],[120.59246,14.54941],[120.59246,14.54959]]],[[[120.59338,14.55033],[120.59356,14.55042],[120.59356,14.55033],[120.59338,14.55033]]],[[[120.59365,14.55051],[120.59374,14.55069],[120.59374,14.55051],[120.59365,14.55051]]],[[[120.59393,14.55087],[120.59383,14.55133],[120.59392,14.55133],[120.59393,14.55087]]],[[[120.59392,14.55142],[120.59401,14.5516],[120.59401,14.55142],[120.59392,14.55142]]],[[[120.59382,14.5525],[120.5927,14.5524],[120.59279,14.55258],[120.59391,14.55268],[120.59419,14.55178],[120.59438,14.55178],[120.5942,14.55169],[120.5942,14.55142],[120.59382,14.55214],[120.59382,14.5525]]],[[[120.59205,14.55239],[120.5927,14.55231],[120.59206,14.5523],[120.59205,14.55239]]],[[[120.59131,14.55247],[120.59113,14.55238],[120.59113,14.55247],[120.59131,14.55247]]],[[[120.5915,14.55248],[120.59168,14.55257],[120.59168,14.55248],[120.5915,14.55248]]],[[[120.59066,14.55274],[120.59084,14.55283],[120.59084,14.55274],[120.59066,14.55274]]],[[[120.59112,14.55283],[120.59084,14.55292],[120.59112,14.55292],[120.59112,14.55283]]],[[[120.59121,14.55292],[120.5914,14.55302],[120.5914,14.55293],[120.59121,14.55292]]],[[[120.59065,14.55319],[120.59009,14.55391],[120.59008,14.55436],[120.59027,14.55436],[120.59037,14.55364],[120.59074,14.55337],[120.59065,14.55319]]],[[[120.59156,14.55546],[120.59202,14.55537],[120.59202,14.55519],[120.59156,14.55528],[120.59156,14.55546]]],[[[120.59284,14.55728],[120.59265,14.55719],[120.59265,14.55728],[120.59284,14.55728]]],[[[120.59089,14.55735],[120.5907,14.55726],[120.5907,14.55735],[120.59089,14.55735]]],[[[120.59246,14.55736],[120.59265,14.55728],[120.59246,14.55727],[120.59246,14.55736]]],[[[120.59117,14.55726],[120.59126,14.55744],[120.59126,14.55726],[120.59117,14.55726]]],[[[120.59126,14.55744],[120.59126,14.55762],[120.59144,14.55762],[120.59144,14.55753],[120.59126,14.55744]]],[[[120.592,14.55754],[120.59218,14.55763],[120.59218,14.55754],[120.592,14.55754]]],[[[120.59098,14.5578],[120.59116,14.55789],[120.59116,14.55771],[120.59098,14.55762],[120.59098,14.5578]]],[[[120.59255,14.55782],[120.59274,14.55791],[120.59274,14.55782],[120.59255,14.55782]]],[[[120.59125,14.55789],[120.59227,14.55799],[120.59227,14.5579],[120.59125,14.55789]]],[[[120.59301,14.55791],[120.59274,14.558],[120.59301,14.558],[120.59301,14.55791]]],[[[120.59374,14.55937],[120.59393,14.55946],[120.59393,14.55937],[120.59374,14.55937]]],[[[120.59411,14.55937],[120.5943,14.55946],[120.5943,14.55937],[120.59411,14.55937]]],[[[120.59393,14.55946],[120.59411,14.55955],[120.59411,14.55946],[120.59393,14.55946]]],[[[120.59165,14.5644],[120.59155,14.56458],[120.59164,14.56458],[120.59165,14.5644]]],[[[120.59412,14.56687],[120.59431,14.56696],[120.59431,14.56687],[120.59412,14.56687]]],[[[120.5918,14.56748],[120.59207,14.56757],[120.59208,14.56748],[120.5918,14.56748]]],[[[120.59297,14.5702],[120.59427,14.5703],[120.59493,14.57058],[120.59514,14.57013],[120.5926,14.57001],[120.59158,14.57027],[120.59158,14.57055],[120.59279,14.57038],[120.59297,14.5702]]],[[[120.59157,14.57145],[120.59194,14.57154],[120.59194,14.57145],[120.59157,14.57145]]],[[[120.59055,14.57162],[120.59036,14.57153],[120.59036,14.57162],[120.59055,14.57162]]],[[[120.59212,14.57155],[120.59287,14.57164],[120.59287,14.57155],[120.59212,14.57155]]],[[[120.59203,14.57182],[120.59054,14.57189],[120.59203,14.57191],[120.59203,14.57182]]],[[[120.59333,14.57201],[120.59351,14.57192],[120.59333,14.57192],[120.59333,14.57201]]],[[[120.59461,14.57148],[120.59361,14.57156],[120.59407,14.57166],[120.59407,14.57184],[120.5936,14.5721],[120.59443,14.57256],[120.59425,14.57202],[120.59441,14.57202],[120.59461,14.57148]]],[[[120.59118,14.57334],[120.59043,14.5737],[120.59062,14.57379],[120.5909,14.57352],[120.59182,14.57362],[120.59155,14.57344],[120.59192,14.57335],[120.59118,14.57334]]],[[[120.59293,14.5739],[120.5942,14.57392],[120.59424,14.57337],[120.59387,14.57337],[120.59377,14.57355],[120.59331,14.57373],[120.59294,14.57372],[120.59257,14.57345],[120.59192,14.57344],[120.5922,14.57353],[120.59219,14.57371],[120.59293,14.5739]]],[[[120.59382,14.57572],[120.59254,14.5758],[120.59134,14.57542],[120.59013,14.57559],[120.58967,14.57522],[120.58985,14.57559],[120.59022,14.57577],[120.59134,14.57569],[120.59198,14.57597],[120.59337,14.57608],[120.59374,14.57626],[120.59382,14.57572]],[[120.59273,14.57598],[120.59338,14.57589],[120.59337,14.57598],[120.59273,14.57598]]],[[[120.59067,14.57776],[120.59094,14.57768],[120.59067,14.57767],[120.59067,14.57776]]],[[[120.59187,14.57823],[120.59186,14.57841],[120.59233,14.57841],[120.59232,14.57887],[120.5925,14.57905],[120.59242,14.57832],[120.59187,14.57823]]],[[[120.59044,14.58101],[120.59063,14.58111],[120.59063,14.58102],[120.59044,14.58101]]],[[[120.59072,14.58102],[120.59091,14.58111],[120.59091,14.58102],[120.59072,14.58102]]],[[[120.59183,14.58157],[120.59202,14.58133],[120.59202,14.5813],[120.59183,14.58139],[120.59183,14.58157]]],[[[120.59164,14.58229],[120.5918,14.58184],[120.59155,14.58184],[120.59164,14.58229]]],[[[120.59482,14.51104],[120.5951,14.51095],[120.59482,14.51095],[120.59482,14.51104]]],[[[120.59584,14.51096],[120.59621,14.51106],[120.59621,14.51097],[120.59584,14.51096]]],[[[120.59677,14.51106],[120.59695,14.51115],[120.59695,14.51106],[120.59677,14.51106]]],[[[120.59741,14.51134],[120.59695,14.51115],[120.59695,14.51142],[120.59732,14.51152],[120.59741,14.51134]]],[[[120.59695,14.5117],[120.59686,14.51151],[120.59685,14.51169],[120.59695,14.5117]]],[[[120.59963,14.5119],[120.59982,14.512],[120.59982,14.51191],[120.59963,14.5119]]],[[[120.59685,14.51215],[120.59657,14.51205],[120.59657,14.51214],[120.59685,14.51215]]],[[[120.59629,14.51205],[120.59638,14.51223],[120.59657,14.51223],[120.59648,14.51205],[120.59629,14.51205]]],[[[120.595,14.51204],[120.59444,14.5123],[120.5962,14.51241],[120.59573,14.51223],[120.59629,14.51223],[120.595,14.51204]]],[[[120.59944,14.51244],[120.59954,14.51226],[120.59944,14.51226],[120.59944,14.51244]]],[[[120.59739,14.51387],[120.59701,14.51395],[120.59739,14.51396],[120.59739,14.51387]]],[[[120.59868,14.51397],[120.59896,14.51388],[120.59868,14.51388],[120.59868,14.51397]]],[[[120.59906,14.51389],[120.59924,14.51398],[120.59924,14.51389],[120.59906,14.51389]]],[[[120.59785,14.51405],[120.5985,14.51397],[120.59785,14.51396],[120.59785,14.51405]]],[[[120.59933,14.51398],[120.59952,14.51407],[120.59952,14.51398],[120.59933,14.51398]]],[[[120.59646,14.51422],[120.59637,14.51395],[120.59636,14.51422],[120.59646,14.51422]]],[[[120.59738,14.51414],[120.59692,14.51422],[120.59738,14.51423],[120.59738,14.51414]]],[[[120.59859,14.51433],[120.59914,14.51425],[120.59859,14.51424],[120.59859,14.51433]]],[[[120.5984,14.51433],[120.59794,14.51442],[120.5984,14.51442],[120.5984,14.51433]]],[[[120.59933,14.51434],[120.5997,14.51443],[120.5997,14.51434],[120.59933,14.51434]]],[[[120.59988,14.51453],[120.5997,14.51443],[120.5997,14.51452],[120.59988,14.51453]]],[[[120.59617,14.51449],[120.59627,14.51467],[120.59627,14.51449],[120.59617,14.51449]]],[[[120.59645,14.51485],[120.59654,14.51467],[120.59645,14.51467],[120.59645,14.51485]]],[[[120.59506,14.51493],[120.59478,14.51484],[120.59478,14.51493],[120.59506,14.51493]]],[[[120.59608,14.51494],[120.59552,14.51484],[120.59552,14.51493],[120.59608,14.51494]]],[[[120.5945,14.5151],[120.59441,14.51474],[120.59422,14.51474],[120.59431,14.5151],[120.5945,14.5151]]],[[[120.59468,14.51502],[120.5945,14.51492],[120.5945,14.51501],[120.59468,14.51502]]],[[[120.5958,14.51512],[120.59496,14.5152],[120.5958,14.51521],[120.5958,14.51512]]],[[[120.5945,14.51528],[120.59468,14.51538],[120.59468,14.51529],[120.5945,14.51528]]],[[[120.59422,14.51555],[120.5944,14.51546],[120.59422,14.51546],[120.59422,14.51555]]],[[[120.59839,14.51578],[120.59774,14.51595],[120.59773,14.51613],[120.59857,14.51605],[120.59857,14.51587],[120.59839,14.51578]]],[[[120.5954,14.51737],[120.59513,14.51692],[120.59531,14.51746],[120.59577,14.51801],[120.59586,14.51783],[120.5954,14.51737]]],[[[120.59725,14.51757],[120.59753,14.51766],[120.59753,14.51757],[120.59725,14.51757]]],[[[120.59799,14.51767],[120.59781,14.51758],[120.59781,14.51767],[120.59799,14.51767]]],[[[120.59911,14.51777],[120.59939,14.51768],[120.59911,14.51768],[120.59911,14.51777]]],[[[120.59716,14.51802],[120.59753,14.51812],[120.59753,14.51803],[120.59716,14.51802]]],[[[120.59697,14.5182],[120.59669,14.51811],[120.59669,14.5182],[120.59697,14.5182]]],[[[120.59493,14.51818],[120.59446,14.51827],[120.59493,14.51827],[120.59493,14.51818]]],[[[120.59604,14.51828],[120.59623,14.51837],[120.59623,14.51828],[120.59604,14.51828]]],[[[120.59427,14.51862],[120.59446,14.51872],[120.59446,14.51863],[120.59427,14.51862]]],[[[120.59474,14.5189],[120.59511,14.51872],[120.59455,14.51872],[120.59474,14.5189]]],[[[120.59965,14.51877],[120.59984,14.51895],[120.59984,14.51868],[120.59965,14.51877]]],[[[120.59686,14.51937],[120.59668,14.51937],[120.59668,14.51955],[120.59686,14.51955],[120.59686,14.51937]]],[[[120.60113,14.51969],[120.60002,14.51941],[120.59964,14.51976],[120.6002,14.51968],[120.59992,14.51995],[120.6002,14.51995],[120.60113,14.51969]]],[[[120.59945,14.51985],[120.59899,14.51994],[120.59945,14.51994],[120.59945,14.51985]]],[[[120.59917,14.52012],[120.59899,14.52021],[120.59917,14.52021],[120.59917,14.52012]]],[[[120.59834,14.5202],[120.59824,14.52029],[120.59824,14.52047],[120.59843,14.52038],[120.59834,14.5202]]],[[[120.59815,14.52065],[120.59824,14.52047],[120.59815,14.52047],[120.59815,14.52065]]],[[[120.59462,14.52125],[120.59443,14.52116],[120.59443,14.52125],[120.59462,14.52125]]],[[[120.59573,14.5209],[120.59518,14.52098],[120.59517,14.52116],[120.59471,14.52125],[120.5948,14.52143],[120.59443,14.52152],[120.59554,14.52162],[120.59545,14.52099],[120.59564,14.52099],[120.59573,14.52135],[120.59628,14.52145],[120.59592,14.52126],[120.59573,14.5209]]],[[[120.59916,14.52148],[120.59879,14.52111],[120.59879,14.52138],[120.59916,14.52148]]],[[[120.5974,14.52137],[120.59758,14.52146],[120.59768,14.52128],[120.5974,14.52137]]],[[[120.5986,14.52147],[120.59842,14.52129],[120.59842,14.52147],[120.5986,14.52147]]],[[[120.59628,14.52145],[120.59656,14.52154],[120.59656,14.52145],[120.59628,14.52145]]],[[[120.59665,14.52154],[120.59684,14.52145],[120.59666,14.52145],[120.59665,14.52154]]],[[[120.59721,14.52146],[120.5974,14.52155],[120.5974,14.52146],[120.59721,14.52146]]],[[[120.59693,14.52163],[120.59712,14.52173],[120.59712,14.52154],[120.59693,14.52163]]],[[[120.59563,14.52171],[120.59591,14.52162],[120.59563,14.52162],[120.59563,14.52171]]],[[[120.59619,14.52181],[120.59693,14.52172],[120.59619,14.52172],[120.59619,14.52181]]],[[[120.59571,14.5228],[120.59636,14.5228],[120.59645,14.52316],[120.59626,14.52334],[120.59645,14.52334],[120.59654,14.52326],[120.59655,14.5228],[120.59636,14.52262],[120.59581,14.52262],[120.59553,14.5227],[120.59515,14.5236],[120.5957,14.52361],[120.59543,14.52342],[120.59543,14.52324],[120.59571,14.5228]]],[[[120.59608,14.52343],[120.59626,14.52334],[120.59608,14.52334],[120.59608,14.52343]]],[[[120.59571,14.52343],[120.59598,14.52352],[120.59598,14.52343],[120.59571,14.52343]]],[[[120.59802,14.52417],[120.59811,14.5239],[120.59802,14.5239],[120.59802,14.52417]]],[[[120.59868,14.52255],[120.59813,14.52264],[120.5985,14.52273],[120.59859,14.5231],[120.59803,14.52327],[120.59784,14.52354],[120.59747,14.52354],[120.59746,14.52408],[120.59784,14.52372],[120.59821,14.52381],[120.59821,14.52354],[120.59839,14.52355],[120.59876,14.52382],[120.59876,14.52418],[120.59811,14.52427],[120.59913,14.52446],[120.59932,14.52383],[120.59997,14.52383],[120.60043,14.52411],[120.60006,14.52429],[120.60005,14.52456],[120.6007,14.52492],[120.60069,14.52529],[120.60041,14.52546],[120.60041,14.52564],[120.60088,14.52565],[120.60106,14.52538],[120.60162,14.5253],[120.60116,14.52502],[120.60107,14.52466],[120.60061,14.52429],[120.60191,14.52421],[120.60192,14.52385],[120.60182,14.52403],[120.60071,14.52402],[120.60025,14.52384],[120.60016,14.52365],[120.59951,14.52365],[120.59915,14.52274],[120.59896,14.52274],[120.59905,14.52292],[120.59887,14.52292],[120.59868,14.52283],[120.59868,14.52255]],[[120.59885,14.524],[120.59886,14.52382],[120.59913,14.52382],[120.59913,14.5241],[120.59885,14.524]]],[[[120.59561,14.52424],[120.59607,14.52415],[120.59561,14.52415],[120.59561,14.52424]]],[[[120.59737,14.52435],[120.59746,14.52417],[120.59737,14.52417],[120.59737,14.52435]]],[[[120.59551,14.52442],[120.59561,14.52424],[120.59551,14.52424],[120.59551,14.52442]]],[[[120.59597,14.52479],[120.59568,14.52551],[120.59643,14.52497],[120.59643,14.5247],[120.5956,14.52442],[120.59597,14.52479]]],[[[120.59736,14.52534],[120.59727,14.52444],[120.59717,14.52525],[120.59699,14.52471],[120.59672,14.52443],[120.59616,14.52425],[120.59681,14.5247],[120.59726,14.52588],[120.59753,14.52598],[120.59763,14.5258],[120.59736,14.52534]]],[[[120.59949,14.52563],[120.59921,14.52527],[120.59893,14.52518],[120.59828,14.52571],[120.59949,14.52563]]],[[[120.59541,14.52559],[120.59559,14.52569],[120.59568,14.52551],[120.59541,14.52559]]],[[[120.598,14.52571],[120.598,14.52589],[120.59828,14.5258],[120.59828,14.52571],[120.598,14.52571]]],[[[120.59911,14.5259],[120.59893,14.52581],[120.59893,14.5259],[120.59911,14.5259]]],[[[120.59837,14.52598],[120.59818,14.52589],[120.59818,14.52598],[120.59837,14.52598]]],[[[120.59948,14.52627],[120.59957,14.52618],[120.59958,14.52573],[120.59939,14.526],[120.59948,14.52627]]],[[[120.59864,14.52626],[120.59883,14.52635],[120.59883,14.52626],[120.59864,14.52626]]],[[[120.59744,14.52652],[120.59762,14.52661],[120.59762,14.52652],[120.59744,14.52652]]],[[[120.59965,14.52717],[120.59956,14.5269],[120.59956,14.52717],[120.59965,14.52717]]],[[[120.59733,14.52724],[120.59725,14.52697],[120.59724,14.52724],[120.59733,14.52724]]],[[[120.59965,14.52762],[120.59975,14.52726],[120.59965,14.52726],[120.59965,14.52762]]],[[[120.59576,14.52749],[120.59566,14.5274],[120.59566,14.52758],[120.59483,14.52776],[120.59566,14.52785],[120.59576,14.52749]]],[[[120.59594,14.52795],[120.59612,14.52804],[120.59612,14.52795],[120.59594,14.52795]]],[[[120.59659,14.52795],[120.59686,14.52805],[120.59686,14.52796],[120.59659,14.52795]]],[[[120.59798,14.52797],[120.59816,14.52806],[120.59816,14.52797],[120.59798,14.52797]]],[[[120.59454,14.5282],[120.59491,14.52812],[120.59454,14.52802],[120.59454,14.5282]]],[[[120.59547,14.52821],[120.59565,14.52831],[120.59575,14.52813],[120.59547,14.52821]]],[[[120.595,14.5283],[120.59519,14.52821],[120.59501,14.52821],[120.595,14.5283]]],[[[120.59528,14.5283],[120.59547,14.52839],[120.59547,14.5283],[120.59528,14.5283]]],[[[120.59806,14.5286],[120.59834,14.5286],[120.59834,14.52842],[120.59806,14.52842],[120.59806,14.5286]]],[[[120.59723,14.52859],[120.59741,14.52869],[120.59741,14.52859],[120.59723,14.52859]]],[[[120.59936,14.52871],[120.59908,14.52879],[120.59936,14.5288],[120.59936,14.52871]]],[[[120.59991,14.52898],[120.59973,14.52871],[120.59973,14.52907],[120.59991,14.52898]]],[[[120.59945,14.52925],[120.59963,14.52934],[120.59963,14.52925],[120.59945,14.52925]]],[[[120.59972,14.52934],[120.59991,14.52925],[120.59972,14.52925],[120.59972,14.52934]]],[[[120.59823,14.52987],[120.59832,14.53005],[120.59833,14.52987],[120.59823,14.52987]]],[[[120.59554,14.53038],[120.5959,14.53102],[120.59627,14.53102],[120.59618,14.53066],[120.596,14.53066],[120.59591,14.53048],[120.59554,14.53038]]],[[[120.5986,14.5305],[120.59848,14.53258],[120.59867,14.53267],[120.59876,14.5324],[120.59858,14.53222],[120.5986,14.5305]]],[[[120.59774,14.5323],[120.59748,14.53094],[120.59711,14.53058],[120.59719,14.53203],[120.5959,14.53165],[120.59562,14.53174],[120.59561,14.53201],[120.59589,14.53201],[120.59644,14.53247],[120.59728,14.53248],[120.59765,14.53284],[120.59783,14.53285],[120.59783,14.53266],[120.59802,14.53258],[120.5982,14.53285],[120.5982,14.53321],[120.59838,14.5333],[120.60042,14.53341],[120.60033,14.53314],[120.5994,14.53313],[120.5982,14.53267],[120.59811,14.53231],[120.59774,14.5323]],[[120.59599,14.53183],[120.59617,14.53202],[120.59598,14.53201],[120.59599,14.53183]]],[[[120.59811,14.53231],[120.59821,14.53177],[120.59812,14.53176],[120.59811,14.53231]]],[[[120.59699,14.5332],[120.59773,14.5333],[120.59774,14.53312],[120.59737,14.53302],[120.59699,14.5332]]],[[[120.59986,14.53377],[120.59976,14.53431],[120.59986,14.53431],[120.59986,14.53377]]],[[[120.59587,14.53427],[120.59475,14.53426],[120.59466,14.53444],[120.59559,14.53445],[120.59614,14.53482],[120.59614,14.53454],[120.59587,14.53427]]],[[[120.59706,14.53528],[120.59697,14.53482],[120.59688,14.53482],[120.59688,14.53518],[120.59706,14.53528]]],[[[120.59862,14.53701],[120.59825,14.53673],[120.59825,14.53692],[120.59806,14.537],[120.59862,14.53701]]],[[[120.59927,14.53684],[120.59946,14.53693],[120.59946,14.53684],[120.59927,14.53684]]],[[[120.59927,14.53702],[120.59899,14.53683],[120.59881,14.53701],[120.59927,14.53702]]],[[[120.59858,14.54116],[120.59876,14.54126],[120.59876,14.54117],[120.59858,14.54116]]],[[[120.59839,14.54161],[120.59922,14.54162],[120.59922,14.54144],[120.59895,14.54126],[120.59876,14.54126],[120.59885,14.54144],[120.59848,14.54144],[120.5983,14.54125],[120.59839,14.54161]]],[[[120.59689,14.54304],[120.59699,14.54241],[120.59717,14.54223],[120.59495,14.54212],[120.59467,14.54167],[120.5944,14.54166],[120.59402,14.54202],[120.59374,14.54202],[120.59374,14.5422],[120.59448,14.54212],[120.59467,14.54239],[120.59606,14.54231],[120.59569,14.54249],[120.5968,14.5425],[120.59689,14.54304]],[[120.59624,14.54241],[120.59615,14.54231],[120.59624,14.54232],[120.59624,14.54241]],[[120.59458,14.54185],[120.59449,14.54194],[120.59449,14.54185],[120.59458,14.54185]],[[120.59495,14.5423],[120.59476,14.54221],[120.59495,14.54221],[120.59495,14.5423]],[[120.59541,14.54231],[120.59504,14.54221],[120.59541,14.54222],[120.59541,14.54231]]],[[[120.60077,14.54399],[120.60068,14.54354],[120.60134,14.54327],[120.60143,14.54309],[120.60078,14.54318],[120.60069,14.54299],[120.60023,14.5429],[120.59995,14.54253],[120.59977,14.54253],[120.5992,14.54325],[120.59883,14.54325],[120.59856,14.54297],[120.59857,14.54207],[120.59838,14.54171],[120.5982,14.54152],[120.59792,14.54152],[120.59811,14.54161],[120.5981,14.54188],[120.59829,14.54207],[120.59837,14.54333],[120.59892,14.54361],[120.59938,14.54361],[120.59976,14.54335],[120.60059,14.54344],[120.60059,14.5439],[120.59994,14.5438],[120.59956,14.54425],[120.59975,14.54425],[120.59984,14.54407],[120.60077,14.54399]]],[[[120.59725,14.54377],[120.59743,14.54386],[120.59743,14.54377],[120.59725,14.54377]]],[[[120.59836,14.54423],[120.59863,14.54433],[120.59864,14.54424],[120.59836,14.54423]]],[[[120.59938,14.54434],[120.59956,14.54425],[120.59938,14.54424],[120.59938,14.54434]]],[[[120.59938,14.54443],[120.5991,14.54433],[120.5991,14.54442],[120.59938,14.54443]]],[[[120.59696,14.54449],[120.59714,14.54513],[120.59733,14.54513],[120.59715,14.54449],[120.59696,14.54449]]],[[[120.59907,14.5465],[120.59935,14.54677],[120.59972,14.54678],[120.59926,14.54641],[120.59907,14.5465]]],[[[120.59739,14.54748],[120.59692,14.54838],[120.59627,14.54828],[120.59628,14.54801],[120.59646,14.54792],[120.59665,14.54738],[120.59637,14.54747],[120.59591,14.5471],[120.59527,14.54709],[120.59471,14.54655],[120.59453,14.54654],[120.59471,14.547],[120.59517,14.54745],[120.59572,14.54746],[120.59619,14.54774],[120.59618,14.54837],[120.59645,14.54864],[120.59664,14.54864],[120.59673,14.54883],[120.59719,14.54883],[120.59728,14.54901],[120.59747,14.54865],[120.59775,14.54866],[120.59748,14.54856],[120.59739,14.5482],[120.59739,14.54775],[120.59758,14.54757],[120.59759,14.54639],[120.59712,14.54666],[120.5974,14.54684],[120.59739,14.54748]]],[[[120.5984,14.54848],[120.59868,14.54839],[120.5984,14.54839],[120.5984,14.54848]]],[[[120.59887,14.54867],[120.59896,14.54849],[120.59877,14.54849],[120.59887,14.54867]]],[[[120.59896,14.54885],[120.59886,14.54921],[120.59895,14.54921],[120.59896,14.54885]]],[[[120.59784,14.54911],[120.59803,14.54902],[120.59784,14.54902],[120.59784,14.54911]]],[[[120.59775,14.5492],[120.59756,14.5491],[120.59756,14.5492],[120.59775,14.5492]]],[[[120.59812,14.54938],[120.59821,14.54956],[120.59821,14.54938],[120.59812,14.54938]]],[[[120.59552,14.54972],[120.59561,14.54954],[120.59552,14.54954],[120.59552,14.54972]]],[[[120.5957,14.5499],[120.59579,14.55008],[120.59579,14.5499],[120.5957,14.5499]]],[[[120.59634,14.55054],[120.59579,14.55008],[120.59606,14.55063],[120.5968,14.55099],[120.59699,14.551],[120.59699,14.55082],[120.59717,14.55073],[120.59634,14.55054]]],[[[120.59829,14.55011],[120.5981,14.55056],[120.59838,14.55056],[120.59865,14.55119],[120.59884,14.55129],[120.59873,14.55219],[120.59892,14.55219],[120.59892,14.55237],[120.59873,14.55255],[120.59897,14.55264],[120.59903,14.55093],[120.59884,14.55093],[120.59866,14.55038],[120.59886,14.54921],[120.59857,14.54993],[120.59829,14.55011]]],[[[120.59448,14.55124],[120.59429,14.55115],[120.59429,14.55124],[120.59448,14.55124]]],[[[120.59475,14.55152],[120.59466,14.5517],[120.59475,14.5517],[120.59475,14.55152]]],[[[120.59872,14.55354],[120.59872,14.554],[120.5989,14.55409],[120.59881,14.55382],[120.59896,14.55337],[120.59892,14.55264],[120.59873,14.553],[120.59891,14.55309],[120.59891,14.55327],[120.59872,14.55354]]],[[[120.5988,14.55454],[120.59815,14.55507],[120.59723,14.55452],[120.59648,14.55442],[120.59547,14.55396],[120.59501,14.55396],[120.59409,14.55323],[120.59353,14.55322],[120.59306,14.55358],[120.59288,14.55312],[120.5926,14.55294],[120.5914,14.55302],[120.59167,14.55329],[120.59195,14.55329],[120.59214,14.55302],[120.59251,14.55303],[120.59288,14.55339],[120.59288,14.55357],[120.59325,14.55376],[120.59324,14.55403],[120.59408,14.55395],[120.59445,14.55359],[120.59482,14.55405],[120.59519,14.55414],[120.59565,14.5546],[120.5962,14.55487],[120.59694,14.55488],[120.59796,14.55534],[120.59823,14.55562],[120.59851,14.55562],[120.59879,14.55535],[120.59889,14.55508],[120.59881,14.55409],[120.5988,14.55454]]],[[[120.59402,14.55883],[120.59395,14.55702],[120.59442,14.55693],[120.59442,14.55675],[120.5947,14.55657],[120.59469,14.55694],[120.59497,14.55748],[120.5958,14.55794],[120.59579,14.5583],[120.59448,14.55919],[120.59514,14.55893],[120.59579,14.55893],[120.59662,14.55921],[120.59708,14.55967],[120.59707,14.56003],[120.59679,14.56057],[120.59651,14.56066],[120.59651,14.56084],[120.59594,14.56147],[120.59548,14.56164],[120.59501,14.56209],[120.59557,14.56191],[120.59594,14.5621],[120.59669,14.56111],[120.59781,14.56067],[120.59837,14.56005],[120.59902,14.55978],[120.59949,14.55997],[120.59949,14.5597],[120.5993,14.5596],[120.5995,14.55843],[120.59886,14.55761],[120.59747,14.55733],[120.59665,14.55668],[120.5959,14.55695],[120.59516,14.55667],[120.59489,14.55612],[120.59489,14.55576],[120.59545,14.55586],[120.59563,14.55577],[120.59564,14.5555],[120.5948,14.55558],[120.59471,14.5554],[120.59425,14.55521],[120.59407,14.55485],[120.59388,14.55485],[120.5936,14.5553],[120.59304,14.5552],[120.59286,14.55538],[120.59285,14.55556],[120.59341,14.55593],[120.5935,14.5562],[120.5934,14.55692],[120.59293,14.5571],[120.59349,14.55728],[120.59348,14.55756],[120.59311,14.55791],[120.59366,14.55783],[120.59385,14.55801],[120.59384,14.55873],[120.59282,14.55908],[120.59161,14.55925],[120.59374,14.55937],[120.59374,14.559],[120.59402,14.55883]],[[120.59452,14.55576],[120.59414,14.55675],[120.59358,14.55665],[120.59368,14.55638],[120.59396,14.5563],[120.59359,14.55602],[120.5936,14.55557],[120.59415,14.55557],[120.59452,14.55576]],[[120.59931,14.5587],[120.59941,14.55861],[120.59941,14.5587],[120.59931,14.5587]],[[120.59922,14.55897],[120.59931,14.55879],[120.59931,14.55897],[120.59922,14.55897]],[[120.5982,14.55905],[120.59857,14.55878],[120.59903,14.55879],[120.59903,14.55906],[120.59866,14.55942],[120.59819,14.5595],[120.5982,14.55905]]],[[[120.59493,14.56055],[120.59474,14.56091],[120.59567,14.56092],[120.59567,14.56065],[120.59493,14.56055]]],[[[120.59482,14.56209],[120.59501,14.56218],[120.59501,14.56209],[120.59482,14.56209]]],[[[120.59464,14.56218],[120.59482,14.56227],[120.59482,14.56218],[120.59464,14.56218]]],[[[120.59919,14.56168],[120.59854,14.56167],[120.59826,14.56194],[120.59761,14.56184],[120.59742,14.5622],[120.59705,14.5622],[120.59695,14.56256],[120.59649,14.56247],[120.59649,14.56265],[120.5963,14.56255],[120.59602,14.56282],[120.59676,14.56292],[120.59807,14.56221],[120.59853,14.56212],[120.59852,14.56303],[120.59871,14.56321],[120.59927,14.56213],[120.59909,14.56222],[120.59919,14.56168]],[[120.59714,14.5622],[120.59723,14.56229],[120.59714,14.56229],[120.59714,14.5622]],[[120.59621,14.56282],[120.5963,14.56273],[120.5963,14.56282],[120.59621,14.56282]]],[[[120.59496,14.56688],[120.59468,14.56696],[120.59496,14.56697],[120.59496,14.56688]]],[[[120.59542,14.56697],[120.59505,14.56706],[120.59542,14.56706],[120.59542,14.56697]]],[[[120.59607,14.56707],[120.5956,14.56715],[120.59607,14.56716],[120.59607,14.56707]]],[[[120.59672,14.56717],[120.59635,14.56725],[120.59672,14.56726],[120.59672,14.56717]]],[[[120.61012,14.51129],[120.6103,14.51183],[120.61048,14.51183],[120.6104,14.51111],[120.61021,14.51111],[120.61012,14.51129]]],[[[120.60195,14.51238],[120.60232,14.51247],[120.60232,14.51238],[120.60195,14.51238]]],[[[120.60778,14.51289],[120.60732,14.51298],[120.60778,14.51298],[120.60778,14.51289]]],[[[120.60797,14.51307],[120.60778,14.51298],[120.60778,14.51307],[120.60797,14.51307]]],[[[120.60565,14.51305],[120.60583,14.51314],[120.60583,14.51305],[120.60565,14.51305]]],[[[120.60815,14.51317],[120.60834,14.51326],[120.60834,14.51317],[120.60815,14.51317]]],[[[120.60388,14.51348],[120.60416,14.51331],[120.60426,14.51304],[120.60509,14.51295],[120.60417,14.51294],[120.60324,14.51266],[120.60333,14.51321],[120.60314,14.51366],[120.60351,14.51366],[120.60341,14.51384],[120.6036,14.51384],[120.6037,14.51366],[120.60388,14.51366],[120.60388,14.51348]],[[120.60379,14.51312],[120.60389,14.51294],[120.60389,14.51312],[120.60379,14.51312]]],[[[120.61009,14.514],[120.60991,14.51327],[120.6099,14.514],[120.61009,14.514]]],[[[120.60248,14.51455],[120.60211,14.51473],[120.60211,14.51482],[120.60248,14.51482],[120.60248,14.51455]]],[[[120.60935,14.51426],[120.60924,14.51507],[120.60956,14.51526],[120.60966,14.51499],[120.60934,14.51489],[120.60935,14.51426]]],[[[120.60155,14.51472],[120.60118,14.51481],[120.60155,14.51481],[120.60155,14.51472]]],[[[120.60099,14.51517],[120.60164,14.51527],[120.60211,14.51482],[120.60173,14.51491],[120.60164,14.51509],[120.60099,14.51517]]],[[[120.60877,14.51588],[120.60925,14.51616],[120.60942,14.51562],[120.60924,14.51562],[120.60924,14.51534],[120.60692,14.51532],[120.60646,14.51495],[120.60619,14.51495],[120.6071,14.51568],[120.60868,14.5157],[120.60868,14.51543],[120.60887,14.51543],[120.60896,14.51579],[120.60877,14.51588]]],[[[120.60284,14.516],[120.60116,14.51617],[120.59978,14.51597],[120.5994,14.51615],[120.59894,14.51578],[120.59885,14.51605],[120.59912,14.51614],[120.59912,14.51642],[120.60079,14.51616],[120.60107,14.51616],[120.60098,14.51634],[120.60292,14.51636],[120.60293,14.51618],[120.60311,14.51619],[120.60284,14.516]],[[120.602,14.51617],[120.60246,14.51609],[120.60246,14.51618],[120.602,14.51617]]],[[[120.60329,14.51637],[120.60329,14.51655],[120.60348,14.51655],[120.60348,14.51646],[120.60329,14.51637]]],[[[120.60857,14.51714],[120.60885,14.51733],[120.60894,14.51706],[120.60857,14.51714]]],[[[120.60338,14.51682],[120.60366,14.51691],[120.60449,14.51774],[120.60448,14.51792],[120.60485,14.51792],[120.60486,14.51765],[120.60431,14.51719],[120.60413,14.51674],[120.60348,14.51655],[120.60357,14.51673],[120.60338,14.51673],[120.60329,14.51655],[120.60311,14.51655],[120.60338,14.51682]],[[120.60421,14.51728],[120.60403,14.51719],[120.60403,14.51692],[120.60421,14.51728]],[[120.60421,14.51728],[120.6043,14.51737],[120.60421,14.51737],[120.60421,14.51728]],[[120.6043,14.51737],[120.6044,14.51746],[120.6043,14.51746],[120.6043,14.51737]]],[[[120.60727,14.51794],[120.60745,14.51804],[120.60745,14.51795],[120.60727,14.51794]]],[[[120.6081,14.51813],[120.60828,14.51805],[120.6081,14.51804],[120.6081,14.51813]]],[[[120.60587,14.51811],[120.60606,14.5182],[120.60606,14.51811],[120.60587,14.51811]]],[[[120.6067,14.51839],[120.60643,14.5183],[120.60643,14.51839],[120.6067,14.51839]]],[[[120.6042,14.51855],[120.60429,14.51828],[120.60402,14.51827],[120.60401,14.51845],[120.60383,14.51845],[120.60392,14.51863],[120.6042,14.51855]],[[120.6042,14.51846],[120.60411,14.51836],[120.6042,14.51836],[120.6042,14.51846]]],[[[120.60559,14.51838],[120.60531,14.51838],[120.60531,14.51847],[120.60559,14.51856],[120.60559,14.51838]]],[[[120.608,14.51877],[120.608,14.51849],[120.60791,14.51849],[120.60781,14.51876],[120.608,14.51877]]],[[[120.60559,14.51865],[120.60531,14.51865],[120.60531,14.51874],[120.60559,14.51883],[120.60559,14.51865]]],[[[120.60522,14.51874],[120.6053,14.51919],[120.60531,14.51874],[120.60522,14.51874]]],[[[120.60355,14.51881],[120.60373,14.51926],[120.60383,14.51872],[120.60355,14.51881]]],[[[120.6079,14.5194],[120.608,14.51904],[120.60781,14.51894],[120.6079,14.5194]]],[[[120.6016,14.51915],[120.60178,14.51924],[120.60178,14.51915],[120.6016,14.51915]]],[[[120.60196,14.51934],[120.60178,14.51924],[120.60178,14.51933],[120.60196,14.51934]]],[[[120.60697,14.51939],[120.60679,14.51929],[120.60679,14.51939],[120.60697,14.51939]]],[[[120.60781,14.51921],[120.60771,14.51948],[120.6079,14.51949],[120.60781,14.51921]]],[[[120.60354,14.51944],[120.60363,14.51926],[120.60354,14.51926],[120.60354,14.51944]]],[[[120.6041,14.51945],[120.60419,14.51927],[120.6041,14.51927],[120.6041,14.51945]]],[[[120.60289,14.51935],[120.60243,14.51934],[120.60243,14.51943],[120.60289,14.51953],[120.60289,14.51935]]],[[[120.60502,14.51946],[120.60521,14.51955],[120.60521,14.51946],[120.60502,14.51946]]],[[[120.60558,14.51955],[120.60586,14.51947],[120.60558,14.51946],[120.60558,14.51955]]],[[[120.60382,14.51963],[120.60391,14.51945],[120.60382,14.51945],[120.60382,14.51963]]],[[[120.6053,14.52009],[120.60521,14.51973],[120.60511,14.52009],[120.6053,14.52009]]],[[[120.60057,14.51986],[120.60112,14.51996],[120.60112,14.51987],[120.60057,14.51986]]],[[[120.60335,14.52016],[120.60326,14.51989],[120.60325,14.52016],[120.60335,14.52016]]],[[[120.60483,14.52009],[120.60455,14.52018],[120.60455,14.52027],[120.60483,14.52027],[120.60483,14.52009]]],[[[120.60937,14.52032],[120.60956,14.52041],[120.60956,14.52032],[120.60937,14.52032]]],[[[120.60882,14.52049],[120.6089,14.52076],[120.60918,14.52076],[120.60928,14.52031],[120.609,14.52031],[120.60882,14.52049]]],[[[120.6026,14.52088],[120.60269,14.52115],[120.60278,14.52079],[120.6026,14.52088]]],[[[120.60658,14.52128],[120.60668,14.52092],[120.60658,14.52092],[120.60658,14.52128]]],[[[120.60213,14.52151],[120.60185,14.52168],[120.60203,14.52169],[120.60213,14.52151]]],[[[120.60721,14.52291],[120.60814,14.52256],[120.60759,14.52247],[120.60759,14.52201],[120.60871,14.52202],[120.60871,14.52175],[120.60843,14.52157],[120.60843,14.52139],[120.60704,14.52138],[120.60732,14.52156],[120.60721,14.52291]],[[120.60732,14.52183],[120.60741,14.52201],[120.60731,14.52201],[120.60732,14.52183]]],[[[120.60898,14.52203],[120.60896,14.52293],[120.60923,14.52194],[120.60898,14.52203]]],[[[120.60063,14.52276],[120.60026,14.52266],[120.60026,14.52284],[120.60035,14.52275],[120.60063,14.52276]]],[[[120.60109,14.52312],[120.60081,14.52276],[120.60035,14.52284],[120.60081,14.52321],[120.60109,14.52312]]],[[[120.6072,14.52427],[120.60729,14.52472],[120.60729,14.52427],[120.6072,14.52427]]],[[[120.602,14.52485],[120.60191,14.52458],[120.60191,14.52485],[120.602,14.52485]]],[[[120.60801,14.525],[120.60719,14.5249],[120.6071,14.52517],[120.60793,14.52525],[120.60801,14.525]]],[[[120.60199,14.52539],[120.60209,14.52521],[120.6019,14.52521],[120.60199,14.52539]]],[[[120.60208,14.52539],[120.60218,14.52557],[120.60218,14.52539],[120.60208,14.52539]]],[[[120.60319,14.52649],[120.603,14.52685],[120.60365,14.52685],[120.60364,14.52739],[120.60345,14.52757],[120.60382,14.52749],[120.60419,14.52785],[120.60409,14.52866],[120.60474,14.52867],[120.60484,14.52759],[120.60466,14.52749],[120.60457,14.52704],[120.60485,14.52686],[120.60411,14.52677],[120.60383,14.52658],[120.60395,14.52414],[120.60414,14.52369],[120.60387,14.52369],[120.60322,14.52332],[120.6022,14.52331],[120.6022,14.52304],[120.60202,14.52286],[120.60201,14.5234],[120.60294,14.52341],[120.60368,14.52396],[120.60347,14.52577],[120.60236,14.52575],[120.60254,14.52594],[120.60282,14.52594],[120.60319,14.52649]],[[120.60447,14.52822],[120.60428,14.52812],[120.60447,14.52803],[120.60447,14.52822]]],[[[120.60829,14.526],[120.60811,14.52608],[120.60792,14.52617],[120.60829,14.52618],[120.60829,14.526]]],[[[120.60838,14.52645],[120.60838,14.52618],[120.60829,14.52636],[120.60782,14.52635],[120.60801,14.52654],[120.60838,14.52645]]],[[[120.60699,14.52661],[120.60504,14.52678],[120.60504,14.52687],[120.60698,14.52689],[120.60708,14.52662],[120.60755,14.52635],[120.60736,14.52617],[120.60699,14.52661]]],[[[120.60281,14.52711],[120.6029,14.5273],[120.6029,14.52712],[120.60281,14.52711]]],[[[120.60262,14.52729],[120.60281,14.52739],[120.60281,14.52729],[120.60262,14.52729]]],[[[120.60225,14.52738],[120.60243,14.52747],[120.60243,14.52738],[120.60225,14.52738]]],[[[120.6029,14.52739],[120.60318,14.52748],[120.60318,14.52739],[120.6029,14.52739]]],[[[120.60289,14.52775],[120.6028,14.52748],[120.6028,14.52775],[120.60289,14.52775]]],[[[120.60197,14.52765],[120.60206,14.52783],[120.60206,14.52765],[120.60197,14.52765]]],[[[120.60298,14.52811],[120.6028,14.52793],[120.60271,14.52775],[120.6028,14.52811],[120.60298,14.52811]]],[[[120.60048,14.52763],[120.60123,14.52764],[120.60132,14.52737],[120.6003,14.52736],[120.60011,14.5279],[120.59974,14.52781],[120.59974,14.52799],[120.59992,14.52808],[120.59992,14.52871],[120.6001,14.52853],[120.60029,14.52881],[120.60029,14.52862],[120.60057,14.52854],[120.6002,14.52844],[120.60048,14.52763]],[[120.60049,14.52745],[120.60067,14.52754],[120.60048,14.52754],[120.60049,14.52745]]],[[[120.60317,14.5282],[120.60298,14.52811],[120.60298,14.5282],[120.60317,14.5282]]],[[[120.60242,14.52828],[120.60224,14.52819],[120.60224,14.52828],[120.60242,14.52828]]],[[[120.60252,14.52829],[120.6027,14.52838],[120.6027,14.52829],[120.60252,14.52829]]],[[[120.60326,14.52847],[120.60326,14.5282],[120.60317,14.5282],[120.60307,14.52847],[120.60326,14.52847]]],[[[120.60057,14.52836],[120.60085,14.52845],[120.60085,14.52836],[120.60057,14.52836]]],[[[120.60279,14.52847],[120.60298,14.52838],[120.60279,14.52838],[120.60279,14.52847]]],[[[120.60122,14.52854],[120.60113,14.52836],[120.60112,14.52854],[120.60122,14.52854]]],[[[120.604,14.52884],[120.60409,14.52866],[120.604,14.52866],[120.604,14.52884]]],[[[120.60084,14.52872],[120.60103,14.52881],[120.60103,14.52872],[120.60084,14.52872]]],[[[120.60418,14.52903],[120.60399,14.52893],[120.60399,14.52902],[120.60418,14.52903]]],[[[120.60399,14.52911],[120.60372,14.52902],[120.60371,14.52911],[120.60399,14.52911]]],[[[120.60214,14.5291],[120.6013,14.52927],[120.6026,14.52928],[120.60214,14.5291]]],[[[120.6001,14.52925],[120.60037,14.52944],[120.60084,14.52926],[120.6001,14.52925]]],[[[120.60593,14.52959],[120.60584,14.5294],[120.60584,14.52958],[120.60593,14.52959]]],[[[120.60269,14.52928],[120.60037,14.52953],[120.60037,14.52971],[120.60009,14.52989],[120.59916,14.52997],[120.5986,14.53032],[120.5986,14.5305],[120.59869,14.53051],[120.59878,14.53042],[120.59888,14.53024],[120.59916,14.53024],[120.59916,14.53015],[120.60157,14.53008],[120.60176,14.52981],[120.60093,14.52972],[120.60093,14.52953],[120.60121,14.52945],[120.60195,14.52954],[120.60204,14.53],[120.60222,14.53],[120.60278,14.52973],[120.60343,14.52974],[120.60362,14.52947],[120.60417,14.52939],[120.60436,14.52912],[120.60409,14.52911],[120.60399,14.52929],[120.60352,14.52947],[120.60269,14.52928]]],[[[120.60425,14.53056],[120.60407,14.53047],[120.60407,14.53065],[120.60416,14.53065],[120.60425,14.53056]]],[[[120.60564,14.53121],[120.60582,14.53139],[120.60582,14.53121],[120.60564,14.53121]]],[[[120.60425,14.53147],[120.60406,14.53128],[120.60406,14.53146],[120.60425,14.53147]]],[[[120.60332,14.53137],[120.6035,14.53146],[120.6035,14.53137],[120.60332,14.53137]]],[[[120.60545,14.53157],[120.60554,14.53139],[120.6048,14.53138],[120.6048,14.53156],[120.60545,14.53157]]],[[[120.60591,14.53157],[120.60582,14.53139],[120.60582,14.53157],[120.60591,14.53157]]],[[[120.60684,14.53167],[120.60656,14.53158],[120.60656,14.53221],[120.60683,14.53249],[120.60711,14.53249],[120.60711,14.53231],[120.60674,14.53203],[120.60684,14.53167]]],[[[120.60303,14.53236],[120.60312,14.53254],[120.60312,14.53236],[120.60303,14.53236]]],[[[120.60405,14.53246],[120.60423,14.53282],[120.60433,14.53255],[120.60424,14.53237],[120.60322,14.53209],[120.60368,14.53245],[120.60405,14.53246]]],[[[120.60489,14.53219],[120.60488,14.53265],[120.60553,14.53265],[120.60553,14.53238],[120.60489,14.53219]]],[[[120.60534,14.53301],[120.60553,14.5331],[120.60553,14.53301],[120.60534,14.53301]]],[[[120.60682,14.53312],[120.60719,14.53321],[120.6072,14.53312],[120.60682,14.53312]]],[[[120.60676,14.5339],[120.60663,14.53357],[120.60636,14.53357],[120.60654,14.53402],[120.60676,14.5339]]],[[[120.60227,14.53388],[120.60255,14.5338],[120.60227,14.53379],[120.60227,14.53388]]],[[[120.60589,14.53338],[120.60413,14.53363],[120.60376,14.5339],[120.60264,14.53389],[120.60375,14.53399],[120.60366,14.53417],[120.6006,14.53387],[120.60218,14.5337],[120.59986,14.53368],[120.59986,14.53377],[120.60042,14.53378],[120.60051,14.53396],[120.60041,14.53432],[120.59985,14.5344],[120.59985,14.53458],[120.60087,14.5345],[120.60079,14.53405],[120.60245,14.53416],[120.60273,14.53434],[120.60431,14.53436],[120.60459,14.534],[120.60542,14.53401],[120.60561,14.53374],[120.60636,14.53347],[120.60589,14.53338]],[[120.60459,14.53364],[120.60515,14.53364],[120.60515,14.53382],[120.6045,14.53382],[120.60459,14.53364]],[[120.60524,14.53364],[120.60533,14.53374],[120.60524,14.53373],[120.60524,14.53364]]],[[[120.6018,14.53505],[120.60161,14.53496],[120.60161,14.53514],[120.6017,14.53514],[120.6018,14.53505]]],[[[120.60133,14.53541],[120.60133,14.53514],[120.60096,14.53523],[120.60105,14.53541],[120.60133,14.53541]]],[[[120.60225,14.53551],[120.60207,14.53569],[120.60234,14.53569],[120.60225,14.53551]]],[[[120.60262,14.53579],[120.60234,14.53569],[120.60234,14.53587],[120.60244,14.53578],[120.60262,14.53579]]],[[[120.60336,14.53617],[120.60299,14.53615],[120.60308,14.53633],[120.60336,14.53617]]],[[[120.60107,14.54065],[120.601,14.54038],[120.6009,14.54038],[120.6009,14.54065],[120.60107,14.54065]]],[[[120.60188,14.54427],[120.60206,14.54454],[120.60225,14.54455],[120.60235,14.54409],[120.60198,14.544],[120.60188,14.54427]]]]}},{"type":"Feature","properties":{"level":"medium","var":2},"geometry":{"type":"MultiPolygon","coordinates":[[[[120.48017,14.5467],[120.48026,14.54652],[120.48017,14.54652],[120.48017,14.5467]]],[[[120.47843,14.55273],[120.47852,14.55291],[120.47852,14.55273],[120.47843,14.55273]]],[[[120.47694,14.55353],[120.47712,14.55344],[120.47694,14.55344],[120.47694,14.55353]]],[[[120.47814,14.55354],[120.47823,14.55372],[120.47824,14.55354],[120.47814,14.55354]]],[[[120.47675,14.55352],[120.4774,14.55398],[120.47758,14.55399],[120.47759,14.55362],[120.47675,14.55352]]],[[[120.47804,14.55453],[120.47813,14.55435],[120.47804,14.55435],[120.47804,14.55453]]],[[[120.47794,14.5548],[120.47804,14.55462],[120.47795,14.55462],[120.47794,14.5548]]],[[[120.4781,14.55751],[120.47801,14.55724],[120.478,14.55751],[120.4781,14.55751]]],[[[120.48254,14.54193],[120.48477,14.54169],[120.48291,14.54167],[120.48254,14.54193]]],[[[120.48188,14.54283],[120.48198,14.54265],[120.48188,14.54265],[120.48188,14.54283]]],[[[120.48063,14.54688],[120.48072,14.5467],[120.48063,14.5467],[120.48063,14.54688]]],[[[120.4833,14.54854],[120.48349,14.54863],[120.48349,14.54854],[120.4833,14.54854]]],[[[120.48386,14.54863],[120.48413,14.54873],[120.48413,14.54864],[120.48386,14.54863]]],[[[120.48274,14.5488],[120.48256,14.54871],[120.48256,14.5488],[120.48274,14.5488]]],[[[120.48153,14.54942],[120.48051,14.54941],[120.47986,14.54931],[120.47995,14.54949],[120.48153,14.5496],[120.48208,14.54943],[120.48246,14.54907],[120.48246,14.54889],[120.48209,14.54925],[120.48153,14.54942]]],[[[120.48104,14.55149],[120.48123,14.55141],[120.48104,14.5514],[120.48104,14.55149]]],[[[120.48715,14.53638],[120.48761,14.5363],[120.48761,14.53621],[120.48746,14.5362],[120.48715,14.53638]]],[[[120.48733,14.53647],[120.4878,14.53639],[120.48733,14.53638],[120.48733,14.53647]]],[[[120.48679,14.55146],[120.48689,14.5511],[120.4868,14.5511],[120.48679,14.55146]]],[[[120.4865,14.55246],[120.4864,14.55291],[120.4865,14.55291],[120.4865,14.55246]]],[[[120.48672,14.55752],[120.48667,14.55381],[120.4864,14.55318],[120.48657,14.55462],[120.48654,14.55761],[120.48672,14.55752]]],[[[120.48671,14.55914],[120.48737,14.55789],[120.4884,14.55708],[120.48775,14.55735],[120.48681,14.55833],[120.4868,14.55851],[120.48652,14.55869],[120.48652,14.55896],[120.48671,14.55896],[120.48671,14.55914]]],[[[120.48635,14.55805],[120.48625,14.55832],[120.48643,14.55842],[120.48634,14.55824],[120.48635,14.55805]]],[[[120.48643,14.55914],[120.48652,14.55896],[120.48643,14.55896],[120.48643,14.55914]]],[[[120.48614,14.56004],[120.48623,14.55986],[120.48614,14.55986],[120.48614,14.56004]]],[[[120.48641,14.56023],[120.48632,14.56004],[120.48632,14.56021],[120.48641,14.56023]]],[[[120.48808,14.53639],[120.48789,14.5363],[120.48789,14.53639],[120.48808,14.53639]]],[[[120.48974,14.5365],[120.48826,14.53639],[120.48798,14.53657],[120.48983,14.53668],[120.48974,14.5365]]],[[[120.49072,14.54049],[120.4909,14.54058],[120.4909,14.54049],[120.49072,14.54049]]],[[[120.49037,14.54662],[120.49065,14.54672],[120.49065,14.54663],[120.49037,14.54662]]],[[[120.49074,14.54672],[120.49093,14.54681],[120.49093,14.54672],[120.49074,14.54672]]],[[[120.49096,14.55973],[120.49087,14.55991],[120.49096,14.55991],[120.49096,14.55973]]],[[[120.49078,14.56009],[120.49087,14.55991],[120.49078,14.55991],[120.49078,14.56009]]],[[[120.49068,14.56027],[120.49078,14.56009],[120.49068,14.56009],[120.49068,14.56027]]],[[[120.4903,14.56126],[120.49048,14.56117],[120.49068,14.56027],[120.49059,14.56027],[120.4903,14.56126]]],[[[120.49339,14.53347],[120.49321,14.53338],[120.49321,14.53347],[120.49339,14.53347]]],[[[120.49321,14.53356],[120.49293,14.53346],[120.49293,14.53355],[120.49321,14.53356]]],[[[120.49257,14.53364],[120.49293,14.53364],[120.49293,14.53355],[120.49257,14.53364]]],[[[120.49374,14.54422],[120.49383,14.5444],[120.49383,14.54422],[120.49374,14.54422]]],[[[120.4964,14.55455],[120.49686,14.55546],[120.49704,14.55564],[120.49723,14.55546],[120.49759,14.55619],[120.49796,14.55646],[120.49796,14.55628],[120.49723,14.55537],[120.49669,14.55419],[120.49641,14.55401],[120.49614,14.55346],[120.49614,14.5531],[120.49587,14.55283],[120.49513,14.55255],[120.49476,14.55218],[120.4944,14.55146],[120.49394,14.551],[120.49358,14.55018],[120.49312,14.54982],[120.49267,14.54828],[120.49175,14.54727],[120.49148,14.54673],[120.49095,14.54428],[120.49094,14.54555],[120.49121,14.54609],[120.4912,14.54681],[120.49166,14.54754],[120.4923,14.54818],[120.49275,14.54981],[120.49339,14.55045],[120.49357,14.55109],[120.49412,14.55163],[120.49439,14.55227],[120.49494,14.55282],[120.49549,14.553],[120.49586,14.55337],[120.49613,14.55409],[120.49632,14.55392],[120.49632,14.5541],[120.4965,14.55419],[120.4964,14.55455]],[[120.49713,14.55546],[120.49704,14.55537],[120.49714,14.55537],[120.49713,14.55546]],[[120.49622,14.55391],[120.49613,14.55373],[120.49623,14.55373],[120.49622,14.55391]],[[120.49613,14.55373],[120.49604,14.55355],[120.49614,14.55355],[120.49613,14.55373]],[[120.4965,14.55437],[120.49659,14.55446],[120.4965,14.55446],[120.4965,14.55437]],[[120.49595,14.55337],[120.49604,14.55346],[120.49595,14.55346],[120.49595,14.55337]]],[[[120.49125,14.55919],[120.49134,14.55901],[120.49125,14.55901],[120.49125,14.55919]]],[[[120.49106,14.55955],[120.49115,14.55937],[120.49106,14.55937],[120.49106,14.55955]]],[[[120.49418,14.56211],[120.49427,14.5623],[120.49446,14.5623],[120.49437,14.56212],[120.49418,14.56211]]],[[[120.50104,14.5378],[120.50004,14.53661],[120.49985,14.53661],[120.49875,14.5356],[120.49821,14.53433],[120.49793,14.53415],[120.49856,14.5356],[120.5004,14.53734],[120.50067,14.53797],[120.50095,14.53816],[120.50104,14.5378]]],[[[120.50158,14.5397],[120.50223,14.53971],[120.5013,14.53942],[120.50103,14.53915],[120.50056,14.53942],[120.49927,14.53904],[120.49881,14.53867],[120.49825,14.53849],[120.49816,14.53831],[120.49724,14.53803],[120.49715,14.53784],[120.49669,14.53766],[120.49696,14.53811],[120.49862,14.53885],[120.4988,14.53913],[120.49862,14.53931],[120.4988,14.5394],[120.50176,14.53997],[120.50213,14.53988],[120.50158,14.5397]]],[[[120.49409,14.54558],[120.49455,14.54604],[120.49482,14.54658],[120.495,14.5474],[120.49555,14.54795],[120.49591,14.54885],[120.4961,14.54867],[120.49628,14.54913],[120.49628,14.54877],[120.49703,14.54805],[120.49741,14.54733],[120.49723,14.54724],[120.49675,14.54805],[120.49619,14.54858],[120.49601,14.54858],[120.49574,14.54786],[120.49519,14.54722],[120.49519,14.54668],[120.49419,14.5454],[120.4941,14.54486],[120.49383,14.5444],[120.49409,14.54558]]],[[[120.49609,14.54913],[120.496,14.54885],[120.496,14.54912],[120.49609,14.54913]]],[[[120.49637,14.54922],[120.49628,14.5494],[120.49637,14.5494],[120.49637,14.54922]]],[[[120.49627,14.54976],[120.49637,14.54958],[120.49627,14.54958],[120.49627,14.54976]]],[[[120.49802,14.55131],[120.4983,14.55041],[120.49783,14.55122],[120.49755,14.55122],[120.49764,14.55149],[120.49802,14.55131]]],[[[120.49754,14.55212],[120.49763,14.55248],[120.49764,14.55212],[120.49754,14.55212]]],[[[120.49773,14.55212],[120.49782,14.55249],[120.49782,14.55213],[120.49773,14.55212]]],[[[120.49799,14.55339],[120.49808,14.55357],[120.49809,14.55339],[120.49799,14.55339]]],[[[120.49818,14.55357],[120.49827,14.55339],[120.49818,14.55339],[120.49818,14.55357]]],[[[120.49622,14.5541],[120.49622,14.55428],[120.49641,14.55437],[120.49641,14.55419],[120.49622,14.5541]]],[[[120.49891,14.55467],[120.49909,14.55476],[120.49909,14.55467],[120.49891,14.55467]]],[[[120.49918,14.55476],[120.49937,14.55485],[120.49937,14.55476],[120.49918,14.55476]]],[[[120.49713,14.55564],[120.49732,14.55591],[120.49732,14.55573],[120.49713,14.55564]]],[[[120.49732,14.55591],[120.4975,14.55619],[120.4975,14.55601],[120.49732,14.55591]]],[[[120.4975,14.55628],[120.49759,14.55646],[120.49768,14.55646],[120.49768,14.55628],[120.4975,14.55628]]],[[[120.49796,14.55646],[120.49805,14.55664],[120.49805,14.55646],[120.49796,14.55646]]],[[[120.49777,14.55646],[120.49777,14.55673],[120.49786,14.55673],[120.49777,14.55646]]],[[[120.49805,14.55683],[120.49814,14.55665],[120.49805,14.55664],[120.49805,14.55683]]],[[[120.49796,14.55673],[120.49786,14.557],[120.49795,14.557],[120.49796,14.55673]]],[[[120.49814,14.55719],[120.49823,14.55692],[120.49814,14.55692],[120.49814,14.55719]]],[[[120.49795,14.5571],[120.49804,14.55737],[120.49804,14.5571],[120.49795,14.5571]]],[[[120.49804,14.55737],[120.49813,14.55755],[120.49813,14.55737],[120.49804,14.55737]]],[[[120.49868,14.55819],[120.49876,14.55954],[120.49885,14.55954],[120.49886,14.55837],[120.4985,14.55746],[120.49823,14.55719],[120.49823,14.55746],[120.49868,14.55819]]],[[[120.49771,14.56188],[120.49753,14.56125],[120.49763,14.56089],[120.49744,14.56088],[120.49754,14.56043],[120.4969,14.55979],[120.49645,14.55871],[120.4959,14.55807],[120.49554,14.55734],[120.49499,14.55679],[120.49481,14.55634],[120.49425,14.55588],[120.49407,14.55552],[120.49408,14.55489],[120.49363,14.55407],[120.49362,14.55443],[120.49389,14.55488],[120.49389,14.55552],[120.49416,14.55606],[120.49462,14.55643],[120.49498,14.55715],[120.49572,14.55797],[120.49671,14.55997],[120.49726,14.56052],[120.49734,14.56188],[120.4977,14.56251],[120.49807,14.56279],[120.49817,14.56243],[120.49771,14.56188]],[[120.49807,14.56261],[120.49798,14.56252],[120.49808,14.56252],[120.49807,14.56261]],[[120.49798,14.56252],[120.49789,14.56242],[120.49798,14.56243],[120.49798,14.56252]],[[120.49753,14.56152],[120.49744,14.56161],[120.49744,14.56152],[120.49753,14.56152]]],[[[120.49813,14.55755],[120.49849,14.55837],[120.49848,14.55954],[120.49866,14.55981],[120.49868,14.55855],[120.49832,14.55764],[120.49813,14.55755]]],[[[120.49885,14.55954],[120.49894,14.56],[120.49894,14.55954],[120.49885,14.55954]]],[[[120.49875,14.56018],[120.49866,14.5599],[120.49866,14.56017],[120.49875,14.56018]]],[[[120.49903,14.56036],[120.49894,14.56009],[120.49893,14.56036],[120.49903,14.56036]]],[[[120.49875,14.56045],[120.49884,14.56027],[120.49875,14.56027],[120.49875,14.56045]]],[[[120.49903,14.56045],[120.49912,14.56063],[120.49912,14.56045],[120.49903,14.56045]]],[[[120.49893,14.56054],[120.49884,14.56072],[120.49893,14.56072],[120.49893,14.56054]]],[[[120.49912,14.56063],[120.49921,14.56081],[120.49921,14.56063],[120.49912,14.56063]]],[[[120.49909,14.56343],[120.4989,14.56316],[120.49872,14.56316],[120.4989,14.56343],[120.49909,14.56343]]],[[[120.49853,14.56324],[120.49899,14.56357],[120.49872,14.56325],[120.49853,14.56324]]],[[[120.49927,14.56343],[120.49908,14.56352],[120.49927,14.56352],[120.49927,14.56343]]],[[[120.49927,14.56352],[120.49945,14.56362],[120.49946,14.56353],[120.49927,14.56352]]],[[[120.49945,14.5637],[120.49964,14.56362],[120.49945,14.56362],[120.49945,14.5637]]],[[[120.50389,14.53241],[120.50316,14.53131],[120.5026,14.53104],[120.50407,14.53277],[120.50416,14.53259],[120.50389,14.53241]]],[[[120.50229,14.53456],[120.50192,14.53446],[120.50017,14.53273],[120.49971,14.53254],[120.50182,14.53464],[120.50265,14.5351],[120.50321,14.53511],[120.50284,14.53483],[120.50238,14.53474],[120.50229,14.53456]]],[[[120.50311,14.53529],[120.50339,14.53511],[120.50321,14.53511],[120.50311,14.53529]]],[[[120.50141,14.53843],[120.5015,14.53861],[120.50159,14.53861],[120.50159,14.53843],[120.50141,14.53843]]],[[[120.50232,14.5398],[120.5026,14.53989],[120.5026,14.5398],[120.50232,14.5398]]],[[[120.50269,14.53989],[120.50287,14.53998],[120.50287,14.53989],[120.50269,14.53989]]],[[[120.50241,14.53998],[120.50213,14.54007],[120.50241,14.54007],[120.50241,14.53998]]],[[[120.5025,14.54016],[120.50269,14.54007],[120.5025,14.54007],[120.5025,14.54016]]],[[[120.50324,14.54017],[120.50343,14.54008],[120.50324,14.54008],[120.50324,14.54017]]],[[[120.50296,14.54016],[120.50278,14.54025],[120.50296,14.54026],[120.50296,14.54016]]],[[[120.50315,14.54026],[120.50333,14.54035],[120.50333,14.54026],[120.50315,14.54026]]],[[[120.5038,14.54026],[120.50398,14.54036],[120.50398,14.54027],[120.5038,14.54026]]],[[[120.5037,14.54053],[120.50389,14.54045],[120.5037,14.54044],[120.5037,14.54053]]],[[[120.50417,14.54054],[120.50398,14.54063],[120.50416,14.54063],[120.50417,14.54054]]],[[[120.5042,14.54605],[120.50356,14.54514],[120.50329,14.54441],[120.5031,14.54441],[120.50337,14.54514],[120.50282,14.54495],[120.50282,14.54513],[120.50346,14.54532],[120.50392,14.54605],[120.50456,14.54642],[120.50466,14.54624],[120.5042,14.54605]]],[[[120.50097,14.55243],[120.50106,14.55261],[120.50106,14.55243],[120.50097,14.55243]]],[[[120.50106,14.55297],[120.50116,14.55261],[120.50106,14.55261],[120.50106,14.55297]]],[[[120.50366,14.55291],[120.50374,14.55327],[120.50375,14.55291],[120.50366,14.55291]]],[[[120.503,14.55345],[120.50291,14.55317],[120.50291,14.55344],[120.503,14.55345]]],[[[120.50374,14.55345],[120.50383,14.55363],[120.50384,14.55345],[120.50374,14.55345]]],[[[120.5041,14.55481],[120.50392,14.55373],[120.50381,14.55544],[120.50363,14.55535],[120.50363,14.55508],[120.50309,14.55408],[120.50326,14.55489],[120.50381,14.55589],[120.5038,14.55625],[120.50399,14.55617],[120.5041,14.55481]]],[[[120.50288,14.55624],[120.50214,14.55542],[120.50188,14.55416],[120.50115,14.55315],[120.50142,14.55388],[120.50169,14.55415],[120.50196,14.55551],[120.5026,14.55615],[120.50296,14.55688],[120.50296,14.55706],[120.50259,14.55714],[120.50333,14.55715],[120.50288,14.55624]]],[[[120.50139,14.55668],[120.50148,14.5565],[120.50139,14.5565],[120.50139,14.55668]]],[[[120.50194,14.55714],[120.50167,14.55659],[120.50175,14.55723],[120.5024,14.55723],[120.50194,14.55714]]],[[[120.50156,14.5574],[120.50175,14.55732],[120.50157,14.55722],[120.50148,14.55686],[120.50138,14.55713],[120.50156,14.5574]]],[[[120.5024,14.55741],[120.50268,14.55733],[120.5024,14.55732],[120.5024,14.55741]]],[[[120.50314,14.55733],[120.50333,14.55742],[120.50333,14.55733],[120.50314,14.55733]]],[[[120.50184,14.5575],[120.50212,14.55741],[120.50184,14.55741],[120.50184,14.5575]]],[[[120.50085,14.56291],[120.50076,14.56264],[120.50076,14.56291],[120.50085,14.56291]]],[[[120.50058,14.56272],[120.50067,14.56309],[120.50067,14.56273],[120.50058,14.56272]]],[[[120.50085,14.56327],[120.50094,14.56309],[120.50085,14.56309],[120.50085,14.56327]]],[[[120.50066,14.56327],[120.50075,14.56345],[120.50076,14.56327],[120.50066,14.56327]]],[[[120.50094,14.56336],[120.50103,14.56354],[120.50103,14.56336],[120.50094,14.56336]]],[[[120.50103,14.56354],[120.50112,14.56372],[120.50112,14.56354],[120.50103,14.56354]]],[[[120.50085,14.56354],[120.49964,14.56374],[120.50112,14.56409],[120.50084,14.56381],[120.50085,14.56354]]],[[[120.50316,14.56411],[120.50325,14.56393],[120.50316,14.56393],[120.50316,14.56411]]],[[[120.50316,14.56429],[120.50334,14.56438],[120.50334,14.56429],[120.50316,14.56429]]],[[[120.50733,14.53118],[120.50752,14.53127],[120.50752,14.53118],[120.50733,14.53118]]],[[[120.50508,14.53368],[120.50444,14.53295],[120.50434,14.53313],[120.50517,14.53386],[120.50526,14.53368],[120.50508,14.53368]]],[[[120.50581,14.53423],[120.50563,14.53414],[120.50563,14.53432],[120.50572,14.53432],[120.50581,14.53423]]],[[[120.50637,14.5346],[120.50609,14.5346],[120.50627,14.53478],[120.50637,14.5346]]],[[[120.50664,14.53487],[120.50646,14.53478],[120.50646,14.53487],[120.50664,14.53487]]],[[[120.50683,14.53497],[120.50664,14.53487],[120.50664,14.53496],[120.50683,14.53497]]],[[[120.50496,14.53594],[120.50478,14.53585],[120.50477,14.53594],[120.50496,14.53594]]],[[[120.50496,14.53594],[120.50514,14.53603],[120.50514,14.53594],[120.50496,14.53594]]],[[[120.50762,14.53895],[120.5078,14.53904],[120.5078,14.53895],[120.50762,14.53895]]],[[[120.50611,14.54047],[120.5063,14.54038],[120.50612,14.54038],[120.50611,14.54047]]],[[[120.50482,14.54055],[120.50509,14.54046],[120.50482,14.54046],[120.50482,14.54055]]],[[[120.5063,14.54065],[120.50602,14.54056],[120.50602,14.54065],[120.5063,14.54065]]],[[[120.50481,14.54073],[120.50435,14.54063],[120.50435,14.54072],[120.50481,14.54073]]],[[[120.50633,14.54607],[120.50587,14.54598],[120.50587,14.54607],[120.50633,14.54607]]],[[[120.50596,14.54616],[120.50577,14.54616],[120.50559,14.54606],[120.50568,14.54625],[120.50596,14.54616]]],[[[120.50549,14.54615],[120.50531,14.54624],[120.50549,14.54624],[120.50549,14.54615]]],[[[120.50624,14.54616],[120.50642,14.54625],[120.50642,14.54616],[120.50624,14.54616]]],[[[120.5067,14.54626],[120.50651,14.54617],[120.50651,14.54626],[120.5067,14.54626]]],[[[120.50494,14.54633],[120.50521,14.54624],[120.50494,14.54624],[120.50494,14.54633]]],[[[120.50549,14.54624],[120.50568,14.54634],[120.50568,14.54625],[120.50549,14.54624]]],[[[120.5054,14.54642],[120.50521,14.54633],[120.50521,14.54642],[120.5054,14.54642]]],[[[120.50456,14.54642],[120.50512,14.54651],[120.50512,14.54642],[120.50456,14.54642]]],[[[120.50761,14.54744],[120.50771,14.54726],[120.50761,14.54726],[120.50761,14.54744]]],[[[120.50771,14.54744],[120.50778,14.54925],[120.5078,14.54744],[120.50771,14.54744]]],[[[120.50695,14.54897],[120.50677,14.54816],[120.50659,14.54797],[120.50676,14.54897],[120.50713,14.54942],[120.50638,14.54996],[120.50564,14.55004],[120.50388,14.5493],[120.50324,14.54866],[120.5037,14.54939],[120.50554,14.55022],[120.50638,14.55014],[120.50694,14.54969],[120.50768,14.5497],[120.50768,14.54943],[120.50731,14.54943],[120.50695,14.54897]],[[120.5074,14.54952],[120.5075,14.54961],[120.5074,14.54961],[120.5074,14.54952]]],[[[120.50389,14.55653],[120.50471,14.5578],[120.50462,14.55834],[120.50508,14.55844],[120.50508,14.55807],[120.50426,14.55689],[120.50399,14.55617],[120.50389,14.55653]]],[[[120.50665,14.55881],[120.50683,14.55891],[120.50684,14.55882],[120.50665,14.55881]]],[[[120.50431,14.56069],[120.5044,14.56096],[120.50459,14.56096],[120.5045,14.56069],[120.50431,14.56069]]],[[[120.50458,14.56114],[120.50477,14.56132],[120.50486,14.56132],[120.50468,14.56096],[120.50458,14.56114]]],[[[120.50513,14.56178],[120.50578,14.56215],[120.50486,14.56132],[120.50513,14.56178]]],[[[120.50429,14.5624],[120.50438,14.56258],[120.50457,14.56259],[120.50448,14.5624],[120.50429,14.5624]]],[[[120.51039,14.52299],[120.5103,14.52326],[120.51048,14.52326],[120.51058,14.5229],[120.51114,14.52245],[120.51114,14.52227],[120.51039,14.52299]]],[[[120.50968,14.52885],[120.50921,14.52894],[120.50968,14.52894],[120.50968,14.52885]]],[[[120.51023,14.52895],[120.51042,14.52904],[120.51042,14.52895],[120.51023,14.52895]]],[[[120.50993,14.53066],[120.50975,14.53057],[120.50975,14.53066],[120.50993,14.53066]]],[[[120.5103,14.53085],[120.51049,14.53094],[120.51049,14.53085],[120.5103,14.53085]]],[[[120.50834,14.53182],[120.5088,14.53246],[120.51009,14.5331],[120.51037,14.53356],[120.51083,14.53383],[120.51009,14.53292],[120.50936,14.53264],[120.50825,14.53155],[120.50752,14.53127],[120.50834,14.53182]]],[[[120.5095,14.53671],[120.50931,14.53662],[120.50931,14.53671],[120.5095,14.53671]]],[[[120.50977,14.5368],[120.50959,14.53689],[120.50977,14.53689],[120.50977,14.5368]]],[[[120.51032,14.53726],[120.51014,14.53717],[120.51014,14.53726],[120.51032,14.53726]]],[[[120.51051,14.53735],[120.51032,14.53726],[120.51032,14.53735],[120.51051,14.53735]]],[[[120.51014,14.53735],[120.51032,14.53744],[120.51032,14.53735],[120.51014,14.53735]]],[[[120.50799,14.53895],[120.5078,14.53886],[120.5078,14.53895],[120.50799,14.53895]]],[[[120.50808,14.53904],[120.50789,14.53913],[120.50808,14.53914],[120.50808,14.53904]]],[[[120.50835,14.53923],[120.50817,14.53914],[120.50817,14.53923],[120.50835,14.53923]]],[[[120.50845,14.53923],[120.50863,14.53932],[120.50863,14.53923],[120.50845,14.53923]]],[[[120.50909,14.53933],[120.50891,14.53923],[120.50891,14.53932],[120.50909,14.53933]]],[[[120.50872,14.53932],[120.50891,14.53942],[120.50891,14.53932],[120.50872,14.53932]]],[[[120.50946,14.53942],[120.50928,14.53933],[120.50928,14.53942],[120.50946,14.53942]]],[[[120.50919,14.53942],[120.50891,14.53951],[120.50919,14.53951],[120.50919,14.53942]]],[[[120.50974,14.53942],[120.50956,14.53951],[120.50974,14.53951],[120.50974,14.53942]]],[[[120.50928,14.53951],[120.50946,14.5396],[120.50946,14.53951],[120.50928,14.53951]]],[[[120.50983,14.53952],[120.51002,14.53961],[120.51002,14.53952],[120.50983,14.53952]]],[[[120.50956,14.5396],[120.50974,14.53969],[120.50974,14.5396],[120.50956,14.5396]]],[[[120.50983,14.5397],[120.51002,14.53979],[120.51002,14.5397],[120.50983,14.5397]]],[[[120.50874,14.54592],[120.50828,14.546],[120.50874,14.54601],[120.50874,14.54592]]],[[[120.50789,14.5479],[120.50798,14.54754],[120.50789,14.54753],[120.50789,14.5479]]],[[[120.50777,14.54952],[120.50787,14.54934],[120.50778,14.54934],[120.50777,14.54952]]],[[[120.50942,14.55126],[120.50961,14.55117],[120.50943,14.55116],[120.50942,14.55126]]],[[[120.50979,14.55144],[120.50998,14.55153],[120.50998,14.55144],[120.50979,14.55144]]],[[[120.50916,14.55839],[120.509,14.55568],[120.50882,14.55522],[120.50879,14.55811],[120.50943,14.55893],[120.50953,14.55875],[120.50916,14.55839]]],[[[120.51035,14.56003],[120.5098,14.55912],[120.50943,14.55893],[120.51007,14.55993],[120.51007,14.56012],[120.5096,14.5602],[120.51016,14.56021],[120.5109,14.56049],[120.5109,14.56003],[120.51035,14.56003]]],[[[120.50933,14.56002],[120.50914,14.55992],[120.50914,14.56002],[120.50933,14.56002]]],[[[120.51025,14.56057],[120.51006,14.56048],[120.51006,14.56057],[120.51025,14.56057]]],[[[120.51034,14.56057],[120.51053,14.56066],[120.51053,14.56057],[120.51034,14.56057]]],[[[120.50809,14.56317],[120.50827,14.56353],[120.50845,14.56362],[120.50818,14.56281],[120.50809,14.56317]]],[[[120.51122,14.56455],[120.5115,14.56438],[120.51067,14.56437],[120.50984,14.564],[120.5091,14.56399],[120.50854,14.56435],[120.5078,14.56425],[120.50696,14.56442],[120.50678,14.56406],[120.50585,14.56368],[120.50457,14.56259],[120.50484,14.56304],[120.50503,14.56304],[120.50585,14.56386],[120.50668,14.56423],[120.50686,14.5646],[120.50863,14.56453],[120.50909,14.56426],[120.50993,14.56427],[120.51039,14.56455],[120.51122,14.56455]],[[120.50993,14.56427],[120.51002,14.56418],[120.51002,14.56427],[120.50993,14.56427]],[[120.51058,14.56446],[120.51048,14.56437],[120.51058,14.56437],[120.51058,14.56446]]],[[[120.51198,14.52147],[120.51142,14.52192],[120.51151,14.5221],[120.51189,14.52165],[120.51208,14.52165],[120.51198,14.52147]]],[[[120.51116,14.52914],[120.51143,14.52923],[120.51143,14.52914],[120.51116,14.52914]]],[[[120.51162,14.52933],[120.51227,14.52924],[120.51162,14.52924],[120.51162,14.52933]]],[[[120.51273,14.52943],[120.51356,14.52953],[120.51356,14.52944],[120.51273,14.52943]]],[[[120.51073,14.53392],[120.51082,14.53411],[120.51082,14.53392],[120.51073,14.53392]]],[[[120.51267,14.53458],[120.51286,14.53467],[120.51286,14.53458],[120.51267,14.53458]]],[[[120.51313,14.53476],[120.51304,14.53467],[120.51286,14.53467],[120.51295,14.53485],[120.51313,14.53476]]],[[[120.51082,14.53429],[120.5109,14.53537],[120.51101,14.5342],[120.51082,14.53429]]],[[[120.51099,14.53546],[120.51099,14.53618],[120.51109,14.53546],[120.51099,14.53546]]],[[[120.51117,14.53619],[120.51099,14.53618],[120.51098,14.53646],[120.51107,14.53646],[120.51117,14.53619]]],[[[120.51107,14.53664],[120.51117,14.53646],[120.51107,14.53646],[120.51107,14.53664]]],[[[120.51117,14.53664],[120.51116,14.53682],[120.51135,14.53691],[120.51135,14.53673],[120.51117,14.53664]]],[[[120.51115,14.53763],[120.51134,14.53772],[120.51134,14.53763],[120.51115,14.53763]]],[[[120.51143,14.53773],[120.51199,14.53791],[120.51143,14.538],[120.51235,14.5381],[120.51208,14.53755],[120.51199,14.53773],[120.51143,14.53773]]],[[[120.51115,14.53781],[120.51134,14.53791],[120.51134,14.53781],[120.51115,14.53781]]],[[[120.51272,14.53819],[120.51291,14.53828],[120.51291,14.53819],[120.51272,14.53819]]],[[[120.51176,14.5417],[120.51185,14.54152],[120.51176,14.54152],[120.51176,14.5417]]],[[[120.51203,14.54198],[120.51212,14.54216],[120.51213,14.54198],[120.51203,14.54198]]],[[[120.51194,14.54243],[120.51185,14.5418],[120.51184,14.54243],[120.51194,14.54243]]],[[[120.51193,14.54261],[120.51202,14.54306],[120.51203,14.54261],[120.51193,14.54261]]],[[[120.51174,14.54297],[120.51184,14.54279],[120.51175,14.54279],[120.51174,14.54297]]],[[[120.51156,14.54315],[120.51174,14.54324],[120.51174,14.54315],[120.51156,14.54315]]],[[[120.51177,14.54884],[120.51123,14.54703],[120.51013,14.54638],[120.5104,14.54675],[120.51105,14.54703],[120.51122,14.54793],[120.51159,14.54875],[120.51149,14.54893],[120.51094,14.54874],[120.51057,14.54883],[120.51149,14.54902],[120.51232,14.54957],[120.5126,14.54948],[120.51204,14.54921],[120.51177,14.54884]]],[[[120.51398,14.55049],[120.51288,14.54949],[120.5125,14.54957],[120.51297,14.54976],[120.51324,14.55012],[120.51343,14.55012],[120.51342,14.55039],[120.51388,14.55067],[120.51398,14.55049]]],[[[120.51109,14.55209],[120.51127,14.552],[120.51109,14.552],[120.51109,14.55209]]],[[[120.51108,14.55218],[120.51127,14.55227],[120.51127,14.55218],[120.51108,14.55218]]],[[[120.51329,14.55428],[120.51338,14.55446],[120.51338,14.55428],[120.51329,14.55428]]],[[[120.5131,14.55473],[120.51319,14.55437],[120.5131,14.55437],[120.5131,14.55473]]],[[[120.51226,14.55463],[120.51254,14.5549],[120.51254,14.55472],[120.51226,14.55463]]],[[[120.51281,14.555],[120.51272,14.5549],[120.51254,14.5549],[120.51263,14.55508],[120.51281,14.555]]],[[[120.513,14.55518],[120.51309,14.555],[120.513,14.555],[120.513,14.55518]]],[[[120.51319,14.555],[120.51328,14.55518],[120.51328,14.555],[120.51319,14.555]]],[[[120.51086,14.55552],[120.51105,14.55561],[120.51105,14.55552],[120.51086,14.55552]]],[[[120.51114,14.55579],[120.51132,14.5557],[120.51114,14.5557],[120.51114,14.55579]]],[[[120.51132,14.55579],[120.51178,14.55634],[120.51196,14.55634],[120.51151,14.55579],[120.51132,14.55579]]],[[[120.51308,14.55599],[120.51317,14.55617],[120.51317,14.55599],[120.51308,14.55599]]],[[[120.51215,14.55634],[120.51196,14.55643],[120.51215,14.55652],[120.51215,14.55634]]],[[[120.51297,14.55798],[120.51242,14.55671],[120.51215,14.55652],[120.51278,14.55798],[120.51306,14.55825],[120.51343,14.55825],[120.51343,14.55789],[120.51324,14.55816],[120.51297,14.55798]]],[[[120.51111,14.5585],[120.51083,14.55859],[120.5111,14.55859],[120.51111,14.5585]]],[[[120.5111,14.55859],[120.51147,14.55868],[120.51148,14.55859],[120.5111,14.55859]]],[[[120.51175,14.55869],[120.51147,14.55878],[120.51175,14.55878],[120.51175,14.55869]]],[[[120.51203,14.55887],[120.51194,14.55878],[120.51175,14.55878],[120.51184,14.55896],[120.51203,14.55887]]],[[[120.51192,14.56059],[120.51173,14.56068],[120.51192,14.56068],[120.51192,14.56059]]],[[[120.51219,14.56068],[120.51192,14.56077],[120.51219,14.56077],[120.51219,14.56068]]],[[[120.51062,14.56075],[120.51136,14.56076],[120.51062,14.56066],[120.51062,14.56075]]],[[[120.51256,14.56086],[120.51219,14.56077],[120.51219,14.56086],[120.51256,14.56086]]],[[[120.51154,14.56094],[120.51136,14.56085],[120.51136,14.56094],[120.51154,14.56094]]],[[[120.51312,14.56096],[120.51266,14.56087],[120.51266,14.56096],[120.51312,14.56096]]],[[[120.5133,14.56096],[120.51349,14.56106],[120.51349,14.56096],[120.5133,14.56096]]],[[[120.51182,14.56095],[120.51154,14.56094],[120.51154,14.56103],[120.51191,14.56113],[120.51182,14.56095]]],[[[120.5121,14.56122],[120.51191,14.56113],[120.51191,14.56122],[120.5121,14.56122]]],[[[120.51237,14.56131],[120.51312,14.56123],[120.51237,14.56122],[120.51237,14.56131]]],[[[120.51349,14.56133],[120.51311,14.56141],[120.51348,14.56142],[120.51349,14.56133]]],[[[120.51079,14.56202],[120.51097,14.56211],[120.51097,14.56202],[120.51079,14.56202]]],[[[120.51097,14.5622],[120.51125,14.56212],[120.51097,14.56211],[120.51097,14.5622]]],[[[120.51125,14.5623],[120.51144,14.56221],[120.51125,14.56221],[120.51125,14.5623]]],[[[120.51143,14.5623],[120.51162,14.56239],[120.51162,14.5623],[120.51143,14.5623]]],[[[120.5118,14.56248],[120.51162,14.56239],[120.51162,14.56248],[120.5118,14.56248]]],[[[120.5118,14.56248],[120.51199,14.56276],[120.51217,14.56276],[120.51199,14.56248],[120.5118,14.56248]]],[[[120.51262,14.56367],[120.51281,14.56376],[120.51281,14.56367],[120.51262,14.56367]]],[[[120.51244,14.56375],[120.51262,14.56385],[120.51262,14.56376],[120.51244,14.56375]]],[[[120.51262,14.56385],[120.51281,14.56394],[120.51281,14.56385],[120.51262,14.56385]]],[[[120.51206,14.5642],[120.51262,14.56403],[120.51262,14.56394],[120.51207,14.56393],[120.51216,14.56411],[120.51206,14.5642]],[[120.51225,14.56393],[120.51234,14.56402],[120.51225,14.56402],[120.51225,14.56393]]],[[[120.51188,14.56402],[120.51206,14.56411],[120.51206,14.56402],[120.51188,14.56402]]],[[[120.51188,14.56411],[120.5116,14.5642],[120.51178,14.56429],[120.51197,14.56429],[120.51188,14.56411]]],[[[120.51178,14.56438],[120.5116,14.5642],[120.51132,14.56419],[120.5115,14.56438],[120.51178,14.56438]]],[[[120.51333,14.56684],[120.51342,14.56711],[120.51342,14.56684],[120.51333,14.56684]]],[[[120.51342,14.56741],[120.51351,14.56738],[120.51342,14.56711],[120.51342,14.56741]]],[[[120.51516,14.5197],[120.51506,14.51988],[120.51516,14.51988],[120.51516,14.5197]]],[[[120.51421,14.52149],[120.51438,14.52249],[120.51457,14.52258],[120.51439,14.52159],[120.51421,14.52149]]],[[[120.51466,14.52276],[120.51456,14.52303],[120.51466,14.52303],[120.51466,14.52276]]],[[[120.51461,14.5271],[120.51442,14.52719],[120.51461,14.52719],[120.51461,14.5271]]],[[[120.5147,14.52719],[120.51489,14.52728],[120.51489,14.52719],[120.5147,14.52719]]],[[[120.51489,14.52728],[120.51507,14.52737],[120.51507,14.52728],[120.51489,14.52728]]],[[[120.51507,14.52747],[120.51526,14.52738],[120.51507,14.52737],[120.51507,14.52747]]],[[[120.51375,14.52953],[120.51393,14.52962],[120.51393,14.52953],[120.51375,14.52953]]],[[[120.51419,14.53143],[120.51429,14.53125],[120.5141,14.53125],[120.51419,14.53143]]],[[[120.51483,14.53225],[120.51502,14.53216],[120.51428,14.53143],[120.51428,14.53161],[120.51483,14.53225]]],[[[120.51473,14.53261],[120.51371,14.5326],[120.51298,14.53223],[120.51168,14.53204],[120.51095,14.53113],[120.51058,14.53103],[120.51131,14.53167],[120.51159,14.53213],[120.51186,14.53222],[120.51316,14.53241],[120.5139,14.53278],[120.51464,14.53279],[120.5152,14.53253],[120.51566,14.53262],[120.51612,14.53299],[120.51629,14.53443],[120.51648,14.53453],[120.51649,14.53362],[120.51603,14.53262],[120.5152,14.53225],[120.51502,14.53225],[120.51511,14.53243],[120.51473,14.53261]]],[[[120.51601,14.53479],[120.516,14.53597],[120.51609,14.53597],[120.51619,14.53489],[120.51601,14.53479]]],[[[120.51664,14.53679],[120.51618,14.53588],[120.51608,14.53642],[120.51626,14.53678],[120.51562,14.53669],[120.51498,14.53578],[120.51396,14.53558],[120.5135,14.53531],[120.51332,14.53485],[120.51313,14.53485],[120.5135,14.53549],[120.51488,14.53596],[120.51561,14.53687],[120.51599,14.53687],[120.51681,14.53742],[120.51691,14.53724],[120.51682,14.5367],[120.51664,14.53679]],[[120.51682,14.53724],[120.51672,14.53715],[120.51682,14.53715],[120.51682,14.53724]]],[[[120.51392,14.53902],[120.51402,14.53884],[120.51392,14.53884],[120.51392,14.53902]]],[[[120.51428,14.54001],[120.51437,14.5402],[120.51437,14.54002],[120.51428,14.54001]]],[[[120.515,14.54165],[120.5151,14.54183],[120.5151,14.54165],[120.515,14.54165]]],[[[120.51509,14.54228],[120.51518,14.54264],[120.51518,14.54228],[120.51509,14.54228]]],[[[120.5149,14.54273],[120.515,14.54237],[120.5149,14.54237],[120.5149,14.54273]]],[[[120.51616,14.546],[120.51598,14.5459],[120.51598,14.54599],[120.51616,14.546]]],[[[120.51546,14.5506],[120.51537,14.55078],[120.51546,14.55078],[120.51546,14.5506]]],[[[120.51546,14.55087],[120.51564,14.55132],[120.51462,14.55122],[120.51434,14.55104],[120.51435,14.55086],[120.51416,14.55094],[120.51416,14.55112],[120.51462,14.55149],[120.51591,14.55178],[120.51601,14.55151],[120.51582,14.55141],[120.51564,14.55087],[120.51546,14.55087]],[[120.51462,14.5514],[120.51471,14.55131],[120.51471,14.5514],[120.51462,14.5514]]],[[[120.5161,14.55187],[120.51591,14.55178],[120.51591,14.55187],[120.5161,14.55187]]],[[[120.51444,14.5589],[120.51481,14.55899],[120.51481,14.5589],[120.51444,14.5589]]],[[[120.51434,14.55917],[120.51407,14.55907],[120.51407,14.55916],[120.51434,14.55917]]],[[[120.51905,14.56166],[120.51942,14.56175],[120.51896,14.5612],[120.51924,14.56094],[120.51924,14.56057],[120.51851,14.56002],[120.51841,14.5602],[120.51906,14.56057],[120.51906,14.56084],[120.51804,14.56056],[120.51841,14.56084],[120.51831,14.56111],[120.5185,14.5612],[120.51849,14.56138],[120.51804,14.56092],[120.51794,14.5611],[120.51812,14.56119],[120.51849,14.5621],[120.51886,14.56211],[120.51922,14.56238],[120.51885,14.56256],[120.5183,14.56255],[120.51774,14.56209],[120.51765,14.56182],[120.51719,14.56164],[120.51701,14.56136],[120.51636,14.56118],[120.51507,14.56044],[120.51479,14.56044],[120.5147,14.56026],[120.51313,14.55979],[120.51221,14.55896],[120.51203,14.55896],[120.51285,14.55978],[120.51387,14.56007],[120.51636,14.56136],[120.51692,14.56145],[120.5171,14.56173],[120.51682,14.56181],[120.517,14.562],[120.51672,14.56199],[120.51672,14.56217],[120.51691,14.56227],[120.51691,14.56245],[120.51746,14.56236],[120.51747,14.562],[120.51783,14.56246],[120.5182,14.56264],[120.51913,14.56265],[120.5195,14.56238],[120.51978,14.56239],[120.51914,14.56202],[120.51905,14.56166]],[[120.51747,14.562],[120.51737,14.56191],[120.51747,14.56191],[120.51747,14.562]],[[120.51737,14.56191],[120.51728,14.56182],[120.51738,14.56182],[120.51737,14.56191]]],[[[120.51386,14.56124],[120.51414,14.56115],[120.51386,14.56115],[120.51386,14.56124]]],[[[120.51451,14.56134],[120.51414,14.56124],[120.51413,14.56133],[120.51451,14.56134]]],[[[120.5146,14.56134],[120.51478,14.56143],[120.51478,14.56134],[120.5146,14.56134]]],[[[120.51515,14.56143],[120.51497,14.56152],[120.51515,14.56152],[120.51515,14.56143]]],[[[120.51395,14.5616],[120.51376,14.56142],[120.51348,14.56142],[120.51367,14.5616],[120.51395,14.5616]]],[[[120.51525,14.56153],[120.51552,14.56162],[120.51552,14.56153],[120.51525,14.56153]]],[[[120.51422,14.56161],[120.51395,14.56169],[120.51422,14.5617],[120.51422,14.56161]]],[[[120.5158,14.56171],[120.51562,14.56162],[120.51561,14.56171],[120.5158,14.56171]]],[[[120.51589,14.56171],[120.51617,14.56181],[120.51617,14.56172],[120.51589,14.56171]]],[[[120.51496,14.56179],[120.51515,14.56189],[120.51515,14.5618],[120.51496,14.56179]]],[[[120.51524,14.56189],[120.51552,14.56198],[120.51552,14.56189],[120.51524,14.56189]]],[[[120.5157,14.56198],[120.51589,14.56207],[120.51589,14.56198],[120.5157,14.56198]]],[[[120.51616,14.56271],[120.51579,14.56262],[120.51579,14.56271],[120.51616,14.56271]]],[[[120.5157,14.5628],[120.51551,14.5627],[120.51551,14.56279],[120.5157,14.5628]]],[[[120.51579,14.5628],[120.51607,14.56289],[120.51607,14.5628],[120.51579,14.5628]]],[[[120.51569,14.56298],[120.51551,14.56288],[120.51551,14.56297],[120.51569,14.56298]]],[[[120.51411,14.56332],[120.51495,14.56324],[120.51411,14.56323],[120.51411,14.56332]]],[[[120.5143,14.5635],[120.51458,14.56342],[120.5143,14.56341],[120.5143,14.5635]]],[[[120.51467,14.56351],[120.51495,14.56342],[120.51467,14.56342],[120.51467,14.56351]]],[[[120.5174,14.51855],[120.51731,14.51827],[120.5173,14.51855],[120.5174,14.51855]]],[[[120.51766,14.5284],[120.51747,14.5283],[120.51747,14.52839],[120.51766,14.5284]]],[[[120.51793,14.5284],[120.5183,14.52849],[120.51831,14.5284],[120.51793,14.5284]]],[[[120.51644,14.52983],[120.51709,14.52938],[120.51802,14.52948],[120.5182,14.52931],[120.51913,14.52913],[120.51913,14.52895],[120.51867,14.52895],[120.51792,14.5293],[120.51709,14.5292],[120.51559,14.53036],[120.51606,14.53028],[120.51644,14.52983]]],[[[120.51638,14.53453],[120.5162,14.53452],[120.5162,14.53461],[120.51638,14.53471],[120.51638,14.53453]]],[[[120.51629,14.53471],[120.5161,14.5347],[120.5161,14.53479],[120.51629,14.53489],[120.51629,14.53471]]],[[[120.51702,14.53544],[120.51711,14.53571],[120.51711,14.53544],[120.51702,14.53544]]],[[[120.51682,14.5367],[120.51701,14.53652],[120.51702,14.53571],[120.51682,14.5367]]],[[[120.517,14.53742],[120.51691,14.53724],[120.51691,14.53742],[120.517,14.53742]]],[[[120.51691,14.53751],[120.51681,14.53796],[120.5169,14.53796],[120.51691,14.53751]]],[[[120.51709,14.53751],[120.51699,14.53806],[120.51709,14.53806],[120.51709,14.53751]]],[[[120.51699,14.53842],[120.5169,14.53814],[120.5169,14.53842],[120.51699,14.53842]]],[[[120.51717,14.53842],[120.51708,14.53815],[120.51708,14.53842],[120.51717,14.53842]]],[[[120.51708,14.5386],[120.51717,14.53878],[120.51717,14.5386],[120.51708,14.5386]]],[[[120.5179,14.53987],[120.51799,14.53969],[120.5179,14.53969],[120.5179,14.53987]]],[[[120.5178,14.54014],[120.5179,14.53996],[120.51781,14.53996],[120.5178,14.54014]]],[[[120.51799,14.53996],[120.51808,14.54014],[120.51808,14.53996],[120.51799,14.53996]]],[[[120.51789,14.5405],[120.51799,14.54032],[120.51789,14.54032],[120.51789,14.5405]]],[[[120.51817,14.5406],[120.51808,14.54033],[120.51808,14.5406],[120.51817,14.5406]]],[[[120.51817,14.54069],[120.51826,14.54087],[120.51826,14.54069],[120.51817,14.54069]]],[[[120.51728,14.54529],[120.51738,14.54511],[120.51728,14.54511],[120.51728,14.54529]]],[[[120.51718,14.54583],[120.51672,14.54591],[120.51728,14.54592],[120.51728,14.54565],[120.51718,14.54583]]],[[[120.51746,14.54574],[120.51755,14.54592],[120.51756,14.54574],[120.51746,14.54574]]],[[[120.5169,14.54609],[120.51709,14.54619],[120.51709,14.5461],[120.5169,14.54609]]],[[[120.51838,14.54629],[120.5182,14.5462],[120.5182,14.54629],[120.51838,14.54629]]],[[[120.51724,14.54908],[120.51715,14.5489],[120.51715,14.54908],[120.51724,14.54908]]],[[[120.51724,14.54926],[120.51733,14.54908],[120.51724,14.54908],[120.51724,14.54926]]],[[[120.5177,14.54981],[120.51815,14.55026],[120.51843,14.55027],[120.51779,14.54972],[120.5177,14.54981]]],[[[120.51711,14.55269],[120.5172,14.55287],[120.5172,14.55269],[120.51711,14.55269]]],[[[120.51766,14.55333],[120.51757,14.55315],[120.51756,14.55333],[120.51766,14.55333]]],[[[120.51775,14.55351],[120.51766,14.55333],[120.51765,14.55351],[120.51775,14.55351]]],[[[120.51765,14.55387],[120.51756,14.5536],[120.51756,14.55387],[120.51765,14.55387]]],[[[120.51784,14.5536],[120.51774,14.55405],[120.51783,14.55405],[120.51784,14.5536]]],[[[120.51783,14.55478],[120.51773,14.55532],[120.51782,14.55532],[120.51783,14.55478]]],[[[120.51755,14.55496],[120.51763,14.55532],[120.51764,14.55496],[120.51755,14.55496]]],[[[120.51763,14.55559],[120.51773,14.55541],[120.51763,14.55541],[120.51763,14.55559]]],[[[120.51782,14.55559],[120.51791,14.55541],[120.51782,14.55541],[120.51782,14.55559]]],[[[120.51781,14.55595],[120.51772,14.55568],[120.51772,14.55595],[120.51781,14.55595]]],[[[120.5179,14.55604],[120.518,14.55568],[120.51791,14.55568],[120.5179,14.55604]]],[[[120.51799,14.55641],[120.51809,14.55614],[120.518,14.55613],[120.51799,14.55641]]],[[[120.51781,14.55622],[120.5179,14.5564],[120.5179,14.55622],[120.51781,14.55622]]],[[[120.5164,14.55792],[120.51612,14.55765],[120.51612,14.55783],[120.5164,14.55792]]],[[[120.5164,14.55792],[120.51658,14.55802],[120.51658,14.55793],[120.5164,14.55792]]],[[[120.51695,14.55874],[120.51703,14.55965],[120.51721,14.55983],[120.51749,14.55983],[120.51703,14.55938],[120.51704,14.55856],[120.51695,14.55829],[120.51658,14.55802],[120.51695,14.55874]]],[[[120.51721,14.5601],[120.51702,14.56019],[120.51721,14.56019],[120.51721,14.5601]]],[[[120.5173,14.56028],[120.51758,14.5602],[120.5173,14.56019],[120.5173,14.56028]]],[[[120.51758,14.56029],[120.51776,14.56038],[120.51776,14.56029],[120.51758,14.56029]]],[[[120.51711,14.56046],[120.51693,14.56037],[120.51693,14.56046],[120.51711,14.56046]]],[[[120.51795,14.56047],[120.51776,14.56038],[120.51776,14.56047],[120.51795,14.56047]]],[[[120.51711,14.56055],[120.51739,14.56046],[120.51711,14.56046],[120.51711,14.56055]]],[[[120.51739,14.56064],[120.51767,14.56056],[120.51739,14.56055],[120.51739,14.56064]]],[[[120.51682,14.56181],[120.51636,14.56172],[120.51636,14.56181],[120.51682,14.56181]]],[[[120.51589,14.56216],[120.51635,14.56226],[120.51644,14.56262],[120.5169,14.56254],[120.51654,14.56217],[120.51589,14.56216]]],[[[120.51718,14.56263],[120.51755,14.56272],[120.51755,14.56263],[120.51718,14.56263]]],[[[120.51672,14.56281],[120.51699,14.56272],[120.51672,14.56272],[120.51672,14.56281]]],[[[120.51724,14.56543],[120.51659,14.56551],[120.51761,14.56562],[120.51826,14.56589],[120.51798,14.56562],[120.51724,14.56543]]],[[[120.51742,14.56652],[120.51769,14.56661],[120.51769,14.56652],[120.51742,14.56652]]],[[[120.51909,14.51649],[120.51937,14.5164],[120.51909,14.5164],[120.51909,14.51649]]],[[[120.51983,14.5164],[120.52002,14.5165],[120.52002,14.51641],[120.51983,14.5164]]],[[[120.52094,14.51642],[120.52076,14.5165],[120.52094,14.51651],[120.52094,14.51642]]],[[[120.51899,14.51685],[120.51881,14.51675],[120.51881,14.51684],[120.51899,14.51685]]],[[[120.5201,14.51677],[120.52029,14.51686],[120.52029,14.51677],[120.5201,14.51677]]],[[[120.52075,14.51687],[120.52103,14.51678],[120.52075,14.51677],[120.52075,14.51687]]],[[[120.51983,14.52499],[120.51844,14.52497],[120.51806,14.52533],[120.51788,14.52533],[120.51787,14.52551],[120.51853,14.52506],[120.51983,14.52508],[120.52029,14.52544],[120.52075,14.52554],[120.51983,14.52499]]],[[[120.52047,14.5259],[120.52028,14.5258],[120.52028,14.52589],[120.52047,14.5259]]],[[[120.51981,14.52616],[120.52,14.52625],[120.52,14.52616],[120.51981,14.52616]]],[[[120.51914,14.52832],[120.51877,14.52823],[120.51831,14.5284],[120.51895,14.52841],[120.51923,14.52868],[120.51923,14.52904],[120.5195,14.52923],[120.5196,14.52887],[120.51914,14.52832]],[[120.5195,14.52905],[120.51941,14.52896],[120.51951,14.52896],[120.5195,14.52905]]],[[[120.51908,14.5341],[120.51917,14.53428],[120.51917,14.5341],[120.51908,14.5341]]],[[[120.51926,14.53429],[120.51916,14.53465],[120.51926,14.53465],[120.51926,14.53429]]],[[[120.51926,14.53465],[120.51934,14.5351],[120.51935,14.53465],[120.51926,14.53465]]],[[[120.51943,14.53528],[120.51934,14.5351],[120.51934,14.53528],[120.51943,14.53528]]],[[[120.51998,14.53592],[120.52062,14.53683],[120.52062,14.53701],[120.52108,14.53738],[120.52126,14.53792],[120.52126,14.53765],[120.52164,14.5372],[120.52202,14.53621],[120.52213,14.53495],[120.52183,14.5363],[120.52127,14.53738],[120.52081,14.53701],[120.52008,14.53583],[120.51953,14.53537],[120.51952,14.53555],[120.51998,14.53592]]],[[[120.52074,14.54306],[120.52083,14.54288],[120.52074,14.54288],[120.52074,14.54306]]],[[[120.52046,14.54342],[120.52037,14.54315],[120.52027,14.54342],[120.52046,14.54342]]],[[[120.52074,14.54315],[120.52064,14.5436],[120.52073,14.54361],[120.52074,14.54315]]],[[[120.51906,14.54359],[120.51896,14.54413],[120.51906,14.54413],[120.51906,14.54359]]],[[[120.51915,14.54449],[120.51906,14.54422],[120.51905,14.54449],[120.51915,14.54449]]],[[[120.52091,14.54451],[120.52082,14.54433],[120.52082,14.54451],[120.52091,14.54451]]],[[[120.52109,14.54524],[120.52109,14.54469],[120.52091,14.54451],[120.5209,14.5455],[120.52109,14.54524]]],[[[120.51915,14.54458],[120.51896,14.54458],[120.51905,14.54512],[120.51923,14.54558],[120.5195,14.54576],[120.51914,14.54503],[120.51915,14.54458]]],[[[120.5196,14.54576],[120.52015,14.54586],[120.52015,14.54577],[120.5196,14.54576]]],[[[120.52089,14.54623],[120.5208,14.54577],[120.5208,14.54623],[120.52089,14.54623]]],[[[120.52061,14.54595],[120.5207,14.54614],[120.52071,14.54595],[120.52061,14.54595]]],[[[120.52098,14.54641],[120.52089,14.54623],[120.52089,14.54641],[120.52098,14.54641]]],[[[120.51866,14.54638],[120.51848,14.54629],[120.51848,14.54638],[120.51866,14.54638]]],[[[120.51903,14.54639],[120.51885,14.54648],[120.51903,14.54648],[120.51903,14.54639]]],[[[120.51912,14.54648],[120.51931,14.54657],[120.51931,14.54648],[120.51912,14.54648]]],[[[120.51931,14.54657],[120.51949,14.54666],[120.51949,14.54657],[120.51931,14.54657]]],[[[120.51968,14.54676],[120.51986,14.54685],[120.51986,14.54676],[120.51968,14.54676]]],[[[120.52005,14.54694],[120.51986,14.54685],[120.51986,14.54694],[120.52005,14.54694]]],[[[120.52005,14.54703],[120.52023,14.54694],[120.52005,14.54694],[120.52005,14.54703]]],[[[120.51977,14.54721],[120.51995,14.5473],[120.51995,14.54721],[120.51977,14.54721]]],[[[120.5188,14.55054],[120.51908,14.55054],[120.51871,14.55036],[120.5188,14.55054]]],[[[120.52157,14.55193],[120.52037,14.55146],[120.51991,14.5511],[120.51991,14.55128],[120.52046,14.55173],[120.52073,14.55174],[120.52166,14.55229],[120.52157,14.55193]]],[[[120.51959,14.55416],[120.51968,14.55453],[120.51969,14.55416],[120.51959,14.55416]]],[[[120.52048,14.55779],[120.52069,14.55589],[120.52032,14.55553],[120.52024,14.55489],[120.52005,14.55489],[120.52023,14.55562],[120.5205,14.55598],[120.5203,14.55778],[120.52002,14.55778],[120.52029,14.55806],[120.52048,14.55779]]],[[[120.52039,14.55815],[120.52048,14.55833],[120.52048,14.55815],[120.52039,14.55815]]],[[[120.52006,14.56212],[120.5196,14.56193],[120.51978,14.5623],[120.52006,14.5623],[120.52006,14.56212]]],[[[120.51931,14.56283],[120.51968,14.56293],[120.51968,14.56284],[120.51931,14.56283]]],[[[120.51894,14.56292],[120.51912,14.56301],[120.51913,14.56292],[120.51894,14.56292]]],[[[120.5188,14.5668],[120.5188,14.56707],[120.51935,14.56762],[120.51972,14.56772],[120.52055,14.56872],[120.52073,14.56863],[120.52027,14.56826],[120.51991,14.56763],[120.51954,14.56753],[120.51899,14.56708],[120.51844,14.5659],[120.51826,14.56589],[120.51853,14.56662],[120.5188,14.5668]]],[[[120.52119,14.56873],[120.52082,14.56863],[120.52073,14.56881],[120.52092,14.56872],[120.52119,14.56873]]],[[[120.52196,14.51634],[120.52215,14.51643],[120.52215,14.51634],[120.52196,14.51634]]],[[[120.52326,14.51671],[120.5227,14.51661],[120.5227,14.5167],[120.52326,14.51671]]],[[[120.52233,14.5167],[120.52205,14.5167],[120.52195,14.51724],[120.52212,14.5186],[120.52214,14.51697],[120.52233,14.5167]]],[[[120.52251,14.5252],[120.52354,14.52493],[120.5228,14.52484],[120.52251,14.5252]],[[120.5228,14.52493],[120.52289,14.52502],[120.5228,14.52502],[120.5228,14.52493]]],[[[120.52242,14.52519],[120.52242,14.52547],[120.52261,14.52529],[120.52242,14.52519]]],[[[120.52223,14.52537],[120.52196,14.52546],[120.52195,14.52564],[120.52223,14.52564],[120.52223,14.52537]]],[[[120.52075,14.52554],[120.52065,14.52581],[120.52195,14.52573],[120.52186,14.52555],[120.52075,14.52554]]],[[[120.52312,14.529],[120.52331,14.52909],[120.52331,14.529],[120.52312,14.529]]],[[[120.52312,14.52918],[120.5233,14.52927],[120.52331,14.52918],[120.52312,14.52918]]],[[[120.52279,14.53423],[120.5225,14.53441],[120.52269,14.53441],[120.52279,14.53423]]],[[[120.52144,14.5381],[120.52145,14.53783],[120.52135,14.53783],[120.52126,14.53828],[120.52144,14.5381]]],[[[120.52154,14.53819],[120.52135,14.53846],[120.52199,14.53901],[120.52227,14.53883],[120.52181,14.53865],[120.52154,14.53819]]],[[[120.52207,14.53992],[120.52216,14.5401],[120.52217,14.53992],[120.52207,14.53992]]],[[[120.52235,14.54019],[120.52226,14.53992],[120.52226,14.54019],[120.52235,14.54019]]],[[[120.52243,14.541],[120.52234,14.54073],[120.52234,14.541],[120.52243,14.541]]],[[[120.52215,14.54109],[120.52225,14.54073],[120.52216,14.54073],[120.52215,14.54109]]],[[[120.52132,14.54108],[120.52141,14.5409],[120.52132,14.5409],[120.52132,14.54108]]],[[[120.52243,14.54155],[120.52308,14.54146],[120.52243,14.54137],[120.52243,14.54155]]],[[[120.52215,14.54136],[120.52224,14.54163],[120.52224,14.54136],[120.52215,14.54136]]],[[[120.52279,14.54173],[120.52242,14.54164],[120.52242,14.54173],[120.52279,14.54173]]],[[[120.52137,14.54461],[120.52146,14.54506],[120.52146,14.54461],[120.52137,14.54461]]],[[[120.52117,14.5456],[120.52127,14.54542],[120.52118,14.54542],[120.52117,14.5456]]],[[[120.52117,14.54587],[120.52126,14.54623],[120.52126,14.54587],[120.52117,14.54587]]],[[[120.52126,14.54632],[120.52135,14.5465],[120.52135,14.54632],[120.52126,14.54632]]],[[[120.52171,14.54714],[120.5218,14.5475],[120.5219,14.5475],[120.5219,14.54714],[120.52144,14.54696],[120.52153,14.54714],[120.52171,14.54714]]],[[[120.52226,14.54787],[120.52236,14.54769],[120.52226,14.54769],[120.52226,14.54787]]],[[[120.52133,14.54786],[120.5216,14.54913],[120.5217,14.54877],[120.52152,14.54831],[120.52189,14.54841],[120.52225,14.54913],[120.52216,14.54841],[120.52198,14.54832],[120.52199,14.5475],[120.5218,14.54804],[120.52133,14.54786]]],[[[120.52123,14.54894],[120.52114,14.54867],[120.52114,14.54894],[120.52123,14.54894]]],[[[120.52244,14.54895],[120.52253,14.54914],[120.52253,14.54896],[120.52244,14.54895]]],[[[120.52123,14.5493],[120.52132,14.54912],[120.52123,14.54912],[120.52123,14.5493]]],[[[120.52169,14.54922],[120.52178,14.5494],[120.52178,14.54922],[120.52169,14.54922]]],[[[120.52206,14.54949],[120.52178,14.54949],[120.52215,14.54967],[120.52215,14.54931],[120.52206,14.54949]]],[[[120.52289,14.54968],[120.52308,14.54977],[120.52308,14.54968],[120.52289,14.54968]]],[[[120.52326,14.54987],[120.52308,14.54977],[120.52307,14.54986],[120.52326,14.54987]]],[[[120.52205,14.55012],[120.52224,14.55022],[120.52224,14.55013],[120.52205,14.55012]]],[[[120.52242,14.55031],[120.52224,14.55022],[120.52223,14.55031],[120.52242,14.55031]]],[[[120.52251,14.55031],[120.5227,14.5504],[120.5227,14.55031],[120.52251,14.55031]]],[[[120.5227,14.5504],[120.52297,14.55068],[120.52307,14.55068],[120.52298,14.55041],[120.5227,14.5504]]],[[[120.52203,14.55184],[120.52286,14.55203],[120.52296,14.55185],[120.52203,14.55184]]],[[[120.52275,14.55411],[120.52294,14.55402],[120.52275,14.55402],[120.52275,14.55411]]],[[[120.52241,14.55952],[120.52206,14.55735],[120.52197,14.55735],[120.52196,14.55816],[120.52223,14.55916],[120.52213,14.55961],[120.52278,14.55971],[120.52278,14.55953],[120.52241,14.55952]]],[[[120.52316,14.55845],[120.52326,14.55863],[120.52326,14.55845],[120.52316,14.55845]]],[[[120.52316,14.55872],[120.52306,14.55908],[120.52316,14.55908],[120.52316,14.55872]]],[[[120.52297,14.55926],[120.52306,14.55908],[120.52297,14.55908],[120.52297,14.55926]]],[[[120.52288,14.55926],[120.52297,14.55944],[120.52297,14.55926],[120.52288,14.55926]]],[[[120.52167,14.5597],[120.52195,14.55961],[120.52167,14.55961],[120.52167,14.5597]]],[[[120.52157,14.55979],[120.5225,14.55998],[120.5225,14.5598],[120.52157,14.55979]]],[[[120.52259,14.56007],[120.52268,14.56025],[120.52268,14.56007],[120.52259,14.56007]]],[[[120.52286,14.56115],[120.52295,14.56061],[120.52286,14.56061],[120.52286,14.56115]]],[[[120.52267,14.56115],[120.52258,14.56133],[120.52267,14.56133],[120.52267,14.56115]]],[[[120.51968,14.56275],[120.52042,14.56312],[120.52126,14.56303],[120.52144,14.56322],[120.52228,14.56323],[120.52181,14.56304],[120.52219,14.56304],[120.52284,14.56269],[120.52377,14.56279],[120.52404,14.5627],[120.52405,14.56243],[120.52377,14.56198],[120.52294,14.56188],[120.52238,14.56205],[120.52135,14.56295],[120.52061,14.56303],[120.52061,14.56267],[120.52043,14.56266],[120.52043,14.56285],[120.51968,14.56275]],[[120.52043,14.56285],[120.52052,14.56294],[120.52042,14.56294],[120.52043,14.56285]],[[120.52284,14.5626],[120.52265,14.56269],[120.5221,14.56268],[120.52219,14.5625],[120.52284,14.5626]]],[[[120.52284,14.56287],[120.52311,14.56296],[120.52311,14.56287],[120.52284,14.56287]]],[[[120.52256,14.56305],[120.52237,14.56314],[120.52256,14.56314],[120.52256,14.56305]]],[[[120.52114,14.56547],[120.52151,14.56557],[120.52151,14.56548],[120.52114,14.56547]]],[[[120.52175,14.56882],[120.52138,14.56873],[120.52119,14.56891],[120.52156,14.56891],[120.52175,14.56882]]],[[[120.52194,14.56882],[120.52166,14.569],[120.52184,14.569],[120.52221,14.56955],[120.52239,14.56946],[120.52194,14.56882]]],[[[120.5223,14.56955],[120.52248,14.56964],[120.52258,14.56946],[120.52239,14.56946],[120.5223,14.56955]]],[[[120.52276,14.56965],[120.52258,14.56955],[120.52258,14.56964],[120.52276,14.56965]]],[[[120.52381,14.51735],[120.52371,14.51816],[120.52389,14.51843],[120.52381,14.51735]]],[[[120.52398,14.51843],[120.52388,14.51907],[120.52397,14.51907],[120.52398,14.51843]]],[[[120.52336,14.52403],[120.52346,14.52385],[120.52336,14.52385],[120.52336,14.52403]]],[[[120.52363,14.5253],[120.52381,14.5253],[120.52391,14.52512],[120.52372,14.52512],[120.52363,14.5253]]],[[[120.5239,14.5253],[120.52409,14.52521],[120.52391,14.52521],[120.5239,14.5253]]],[[[120.52427,14.52539],[120.52409,14.5253],[120.52409,14.52539],[120.52427,14.52539]]],[[[120.52455,14.52549],[120.52437,14.5254],[120.52437,14.52549],[120.52455,14.52549]]],[[[120.52418,14.52548],[120.52437,14.52558],[120.52437,14.52549],[120.52418,14.52548]]],[[[120.52492,14.52549],[120.52464,14.52558],[120.52492,14.52558],[120.52492,14.52549]]],[[[120.52446,14.52558],[120.52464,14.52567],[120.52464,14.52558],[120.52446,14.52558]]],[[[120.52388,14.52783],[120.52397,14.52765],[120.52388,14.52765],[120.52388,14.52783]]],[[[120.52406,14.52774],[120.52415,14.52792],[120.52416,14.52774],[120.52406,14.52774]]],[[[120.52396,14.52828],[120.52405,14.52855],[120.52406,14.52828],[120.52396,14.52828]]],[[[120.52449,14.53127],[120.52542,14.53119],[120.52579,14.53083],[120.52654,14.53057],[120.52701,14.52967],[120.52776,14.52914],[120.52767,14.52886],[120.52673,14.52967],[120.52626,14.53047],[120.52533,14.53083],[120.52523,14.53101],[120.5244,14.53109],[120.52412,14.53136],[120.523,14.53152],[120.52262,14.53242],[120.52234,14.53242],[120.52197,14.53269],[120.52271,14.53251],[120.52319,14.53162],[120.52393,14.53144],[120.52411,14.53145],[120.52411,14.53226],[120.52421,14.53163],[120.52449,14.53127]]],[[[120.52363,14.53298],[120.52401,14.53244],[120.52401,14.53226],[120.52364,14.53261],[120.52363,14.53298]]],[[[120.52363,14.53325],[120.52354,14.53343],[120.52363,14.53343],[120.52363,14.53325]]],[[[120.52453,14.53552],[120.52463,14.53534],[120.52454,14.53533],[120.52453,14.53552]]],[[[120.52435,14.53542],[120.52444,14.5356],[120.52444,14.53542],[120.52435,14.53542]]],[[[120.52453,14.53588],[120.52444,14.5356],[120.52444,14.53588],[120.52453,14.53588]]],[[[120.52425,14.53578],[120.52434,14.53597],[120.52434,14.53578],[120.52425,14.53578]]],[[[120.52415,14.53678],[120.52424,14.53687],[120.52433,14.53669],[120.52444,14.53597],[120.52434,14.53633],[120.52416,14.53614],[120.52415,14.53678]],[[120.52415,14.53651],[120.52424,14.5366],[120.52415,14.5366],[120.52415,14.53651]]],[[[120.52405,14.53705],[120.52415,14.53687],[120.52405,14.53687],[120.52405,14.53705]]],[[[120.52396,14.53705],[120.52405,14.53723],[120.52405,14.53705],[120.52396,14.53705]]],[[[120.52338,14.53894],[120.52449,14.53895],[120.52505,14.53922],[120.52626,14.53906],[120.52486,14.53904],[120.5244,14.53877],[120.52338,14.53876],[120.52292,14.53857],[120.52283,14.53839],[120.52283,14.53875],[120.52338,14.53894]]],[[[120.52484,14.54103],[120.52466,14.54094],[120.52466,14.54103],[120.52484,14.54103]]],[[[120.52447,14.54103],[120.52466,14.54112],[120.52466,14.54103],[120.52447,14.54103]]],[[[120.52447,14.54112],[120.52428,14.5412],[120.52447,14.54121],[120.52447,14.54112]]],[[[120.5241,14.5412],[120.52428,14.54129],[120.52428,14.5412],[120.5241,14.5412]]],[[[120.52373,14.54138],[120.524,14.54129],[120.52373,14.54129],[120.52373,14.54138]]],[[[120.52326,14.54137],[120.52363,14.54147],[120.52363,14.54138],[120.52326,14.54137]]],[[[120.524,14.54147],[120.52419,14.54138],[120.524,14.54138],[120.524,14.54147]]],[[[120.52382,14.54156],[120.52363,14.54147],[120.52363,14.54156],[120.52382,14.54156]]],[[[120.52344,14.54165],[120.52307,14.54155],[120.52307,14.54164],[120.52344,14.54165]]],[[[120.52449,14.54789],[120.52458,14.54771],[120.52449,14.54771],[120.52449,14.54789]]],[[[120.52468,14.54771],[120.52477,14.54789],[120.52477,14.54771],[120.52468,14.54771]]],[[[120.52429,14.54897],[120.52411,14.54888],[120.5241,14.54897],[120.52429,14.54897]]],[[[120.52494,14.54898],[120.52447,14.54907],[120.52494,14.54907],[120.52494,14.54898]]],[[[120.52392,14.54897],[120.52401,14.54924],[120.52429,14.54915],[120.52429,14.54906],[120.52392,14.54897]]],[[[120.5241,14.5496],[120.52399,14.55051],[120.52409,14.55051],[120.5241,14.5496]]],[[[120.52427,14.55051],[120.52419,14.54988],[120.52418,14.55051],[120.52427,14.55051]]],[[[120.52372,14.5505],[120.52381,14.55059],[120.52399,14.5506],[120.5239,14.55042],[120.52372,14.5505]]],[[[120.52307,14.55068],[120.52369,14.55249],[120.52397,14.55285],[120.52388,14.55222],[120.5237,14.55204],[120.5238,14.55114],[120.52325,14.55095],[120.52325,14.55077],[120.52307,14.55068]]],[[[120.52324,14.55185],[120.52342,14.55195],[120.52342,14.55186],[120.52324,14.55185]]],[[[120.52434,14.55286],[120.52425,14.55259],[120.52425,14.55286],[120.52434,14.55286]]],[[[120.5235,14.55312],[120.52313,14.55321],[120.5235,14.55321],[120.5235,14.55312]]],[[[120.52387,14.55349],[120.52396,14.55331],[120.52387,14.55331],[120.52387,14.55349]]],[[[120.52396,14.55385],[120.52405,14.55358],[120.52396,14.55358],[120.52396,14.55385]]],[[[120.52336,14.55791],[120.52345,14.55818],[120.52345,14.55791],[120.52336,14.55791]]],[[[120.52335,14.55845],[120.52326,14.55818],[120.52326,14.55845],[120.52335,14.55845]]],[[[120.52441,14.56289],[120.5233,14.56297],[120.52423,14.56298],[120.52478,14.56352],[120.52469,14.56316],[120.52441,14.56289]]],[[[120.52649,14.56779],[120.52539,14.56696],[120.52446,14.56677],[120.52299,14.56549],[120.52151,14.56539],[120.52262,14.56549],[120.52354,14.56622],[120.52373,14.56622],[120.52428,14.56686],[120.52585,14.56742],[120.52631,14.56788],[120.52649,14.56779]]],[[[120.52332,14.56911],[120.52351,14.5692],[120.52351,14.56911],[120.52332,14.56911]]],[[[120.52397,14.56921],[120.52379,14.56911],[120.52379,14.5692],[120.52397,14.56921]]],[[[120.52379,14.5693],[120.52351,14.5692],[120.52351,14.56929],[120.52379,14.5693]]],[[[120.52323,14.56938],[120.52341,14.56929],[120.52323,14.56929],[120.52323,14.56938]]],[[[120.52601,14.52803],[120.52582,14.52812],[120.52582,14.5283],[120.52601,14.52821],[120.52601,14.52803]]],[[[120.52575,14.53435],[120.52566,14.53408],[120.52566,14.53435],[120.52575,14.53435]]],[[[120.52705,14.5341],[120.52705,14.53437],[120.52724,14.5341],[120.52705,14.5341]]],[[[120.52556,14.53507],[120.52537,14.53489],[120.5251,14.53489],[120.52528,14.53507],[120.52556,14.53507]]],[[[120.52454,14.53524],[120.52528,14.53516],[120.52528,14.53507],[120.52472,14.53498],[120.52454,14.53524]]],[[[120.52708,14.54015],[120.5268,14.53997],[120.52662,14.53996],[120.52671,14.54015],[120.52708,14.54015]]],[[[120.52721,14.54521],[120.52712,14.54503],[120.52711,14.54521],[120.52721,14.54521]]],[[[120.52563,14.54555],[120.52572,14.54519],[120.52554,14.54501],[120.52563,14.54555]]],[[[120.52702,14.54539],[120.52711,14.54521],[120.52702,14.54521],[120.52702,14.54539]]],[[[120.52581,14.54601],[120.5259,14.54574],[120.52572,14.54556],[120.52581,14.54601]]],[[[120.52609,14.54592],[120.52627,14.54601],[120.52627,14.54592],[120.52609,14.54592]]],[[[120.5259,14.54601],[120.52608,14.5461],[120.52609,14.54601],[120.5259,14.54601]]],[[[120.52552,14.54655],[120.52561,14.54673],[120.52562,14.54655],[120.52552,14.54655]]],[[[120.52513,14.54835],[120.52504,14.54862],[120.52513,14.54862],[120.52513,14.54835]]],[[[120.5269,14.54792],[120.52661,14.54918],[120.5266,14.55017],[120.52678,14.54999],[120.52689,14.54828],[120.52756,14.54711],[120.52728,14.54729],[120.52718,14.54765],[120.5269,14.54792]]],[[[120.52687,14.55036],[120.52669,14.55017],[120.52669,14.55044],[120.52687,14.55036]]],[[[120.52715,14.55081],[120.52696,14.55045],[120.52678,14.55045],[120.52705,14.55099],[120.52715,14.55081]]],[[[120.52724,14.55099],[120.52705,14.55117],[120.52704,14.55189],[120.52723,14.55181],[120.52724,14.55099]]],[[[120.52695,14.5518],[120.52676,14.55189],[120.52695,14.55189],[120.52695,14.5518]]],[[[120.52667,14.55207],[120.52685,14.55198],[120.52658,14.55189],[120.52667,14.55207]]],[[[120.52639,14.55198],[120.52648,14.55216],[120.52667,14.55216],[120.52658,14.55198],[120.52639,14.55198]]],[[[120.52648,14.55225],[120.5263,14.55207],[120.52629,14.55225],[120.52648,14.55225]]],[[[120.52592,14.55279],[120.52583,14.55251],[120.52582,14.55278],[120.52592,14.55279]]],[[[120.526,14.55324],[120.5261,14.55306],[120.52601,14.55306],[120.526,14.55324]]],[[[120.52619,14.55324],[120.52628,14.55333],[120.52628,14.55315],[120.52619,14.55324]]],[[[120.52665,14.55361],[120.52656,14.55379],[120.52683,14.55406],[120.52693,14.5537],[120.52665,14.55361]]],[[[120.52479,14.55431],[120.52497,14.5544],[120.52497,14.55431],[120.52479,14.55431]]],[[[120.52729,14.5547],[120.52775,14.55479],[120.52729,14.55425],[120.52813,14.55416],[120.52813,14.55398],[120.52729,14.55406],[120.52636,14.55469],[120.52543,14.55486],[120.52599,14.55486],[120.52608,14.55505],[120.52626,14.55505],[120.52729,14.5547]]],[[[120.52478,14.55476],[120.52506,14.55467],[120.52478,14.55467],[120.52478,14.55476]]],[[[120.5271,14.55506],[120.52691,14.55496],[120.52691,14.55505],[120.5271,14.55506]]],[[[120.52626,14.55514],[120.52673,14.55505],[120.52626,14.55505],[120.52626,14.55514]]],[[[120.52505,14.5638],[120.52533,14.56398],[120.52533,14.5638],[120.52505,14.5638]]],[[[120.52625,14.56417],[120.52598,14.56399],[120.52598,14.56417],[120.52625,14.56417]]],[[[120.52635,14.56417],[120.52662,14.56427],[120.52663,14.56418],[120.52635,14.56417]]],[[[120.52643,14.5649],[120.52633,14.56571],[120.52642,14.56571],[120.52643,14.5649]]],[[[120.52651,14.56589],[120.52642,14.56571],[120.52642,14.56589],[120.52651,14.56589]]],[[[120.5264,14.56797],[120.52658,14.56797],[120.52668,14.56779],[120.52649,14.56779],[120.5264,14.56797]]],[[[120.52668,14.56788],[120.52677,14.56806],[120.52695,14.56788],[120.52668,14.56788]]],[[[120.52686,14.56815],[120.52704,14.56816],[120.52714,14.56798],[120.52695,14.56797],[120.52686,14.56815]]],[[[120.52732,14.56807],[120.52714,14.56807],[120.52704,14.56825],[120.52732,14.56825],[120.52732,14.56807]]],[[[120.5301,14.52708],[120.52926,14.52762],[120.52907,14.52788],[120.52935,14.52798],[120.52991,14.52753],[120.53009,14.52771],[120.5301,14.52708]]],[[[120.52888,14.52797],[120.52897,14.52806],[120.52916,14.52807],[120.52907,14.52788],[120.52888,14.52797]]],[[[120.52823,14.52797],[120.52897,14.52815],[120.52888,14.52797],[120.52823,14.52797]]],[[[120.52767,14.52832],[120.52767,14.52886],[120.52785,14.52896],[120.52795,14.52832],[120.52879,14.52815],[120.52795,14.52805],[120.52767,14.52832]]],[[[120.52863,14.53375],[120.52789,14.53383],[120.52863,14.53384],[120.52863,14.53375]]],[[[120.52752,14.53383],[120.52789,14.53392],[120.52789,14.53383],[120.52752,14.53383]]],[[[120.52724,14.53401],[120.52742,14.5341],[120.52752,14.53392],[120.52724,14.53401]]],[[[120.52677,14.53464],[120.52537,14.53489],[120.52695,14.53491],[120.5275,14.53528],[120.5288,14.53565],[120.53028,14.53585],[120.53,14.53566],[120.52935,14.53566],[120.52751,14.5351],[120.52686,14.53473],[120.52696,14.53437],[120.52677,14.53445],[120.52677,14.53464]]],[[[120.52802,14.53871],[120.52728,14.53907],[120.52895,14.53881],[120.52932,14.53855],[120.52876,14.53872],[120.52802,14.53871]]],[[[120.52958,14.54036],[120.52866,14.5399],[120.52699,14.53988],[120.52708,14.54006],[120.52866,14.54008],[120.52949,14.54054],[120.53041,14.54046],[120.53079,14.5401],[120.53032,14.54036],[120.52958,14.54036]]],[[[120.52871,14.54342],[120.52863,14.5427],[120.52862,14.54342],[120.52871,14.54342]]],[[[120.52833,14.54405],[120.53094,14.54299],[120.53132,14.54263],[120.52936,14.54352],[120.52871,14.5436],[120.52796,14.54413],[120.52824,14.54423],[120.52833,14.54405]]],[[[120.52796,14.54413],[120.52768,14.54422],[120.52768,14.54431],[120.52805,14.54432],[120.52796,14.54413]]],[[[120.52822,14.54603],[120.52812,14.54621],[120.52822,14.54621],[120.52822,14.54603]]],[[[120.52803,14.54648],[120.52812,14.54639],[120.52812,14.54621],[120.52794,14.5463],[120.52803,14.54648]]],[[[120.52784,14.54666],[120.52794,14.54648],[120.52784,14.54648],[120.52784,14.54666]]],[[[120.52775,14.54684],[120.52784,14.54666],[120.52775,14.54666],[120.52775,14.54684]]],[[[120.52756,14.54711],[120.52774,14.54702],[120.52775,14.54684],[120.52756,14.54693],[120.52756,14.54711]]],[[[120.52881,14.55146],[120.52862,14.55146],[120.52862,14.55191],[120.5288,14.55173],[120.52881,14.55146]]],[[[120.52843,14.55191],[120.52861,14.55218],[120.52862,14.55191],[120.52843,14.55191]]],[[[120.52834,14.55218],[120.52852,14.55254],[120.52852,14.55218],[120.52834,14.55218]]],[[[120.52824,14.55254],[120.52842,14.55281],[120.52842,14.55254],[120.52824,14.55254]]],[[[120.52814,14.55281],[120.52832,14.55317],[120.52833,14.55281],[120.52814,14.55281]]],[[[120.52823,14.55353],[120.52823,14.55317],[120.52805,14.55308],[120.52804,14.55335],[120.52786,14.55353],[120.52823,14.55353]]],[[[120.52822,14.55416],[120.52812,14.55443],[120.52822,14.55444],[120.52822,14.55416]]],[[[120.52775,14.55479],[120.52793,14.55488],[120.52794,14.55479],[120.52775,14.55479]]],[[[120.52728,14.55506],[120.52784,14.55524],[120.52793,14.55552],[120.52784,14.55506],[120.52719,14.55488],[120.52728,14.55506]]],[[[120.52792,14.55642],[120.52783,14.55615],[120.52782,14.55642],[120.52792,14.55642]]],[[[120.52829,14.55624],[120.52838,14.55642],[120.52838,14.55624],[120.52829,14.55624]]],[[[120.52782,14.55696],[120.52791,14.55669],[120.52782,14.55669],[120.52782,14.55696]]],[[[120.5299,14.56168],[120.52852,14.56085],[120.52696,14.5593],[120.52668,14.55885],[120.5265,14.55884],[120.52833,14.56094],[120.52916,14.56131],[120.52962,14.56177],[120.5299,14.56168]]],[[[120.52883,14.56628],[120.52892,14.5661],[120.52883,14.5661],[120.52883,14.56628]]],[[[120.52809,14.56618],[120.52771,14.56627],[120.52809,14.56627],[120.52809,14.56618]]],[[[120.52836,14.56627],[120.52855,14.56636],[120.52855,14.56627],[120.52836,14.56627]]],[[[120.52863,14.56718],[120.52799,14.56681],[120.52835,14.56718],[120.52844,14.56754],[120.52863,14.56718]]],[[[120.52825,14.56826],[120.52834,14.56808],[120.52825,14.56808],[120.52825,14.56826]]],[[[120.52769,14.56816],[120.52732,14.56834],[120.52769,14.56843],[120.52769,14.56816]]],[[[120.52824,14.56871],[120.52834,14.56844],[120.52825,14.56844],[120.52824,14.56871]]],[[[120.52926,14.56908],[120.52907,14.56917],[120.52926,14.56917],[120.52926,14.56908]]],[[[120.52934,14.5699],[120.52944,14.56972],[120.52925,14.56971],[120.52934,14.5699]]],[[[120.52952,14.57062],[120.52943,14.57035],[120.52943,14.57062],[120.52952,14.57062]]],[[[120.52942,14.57098],[120.52933,14.57071],[120.52933,14.57098],[120.52942,14.57098]]],[[[120.52914,14.57152],[120.52924,14.57134],[120.52914,14.57134],[120.52914,14.57152]]],[[[120.53066,14.50947],[120.53094,14.50938],[120.53067,14.50941],[120.53066,14.50947]]],[[[120.53085,14.50965],[120.53066,14.50974],[120.53085,14.50974],[120.53085,14.50965]]],[[[120.53199,14.51518],[120.53153,14.51508],[120.53153,14.51517],[120.53199,14.51518]]],[[[120.53127,14.5214],[120.53118,14.52113],[120.53118,14.5214],[120.53127,14.5214]]],[[[120.53089,14.52239],[120.53099,14.52221],[120.53089,14.52221],[120.53089,14.52239]]],[[[120.53005,14.52347],[120.52995,14.52392],[120.53004,14.52392],[120.53005,14.52347]]],[[[120.53189,14.52448],[120.53171,14.52439],[120.5317,14.52448],[120.53189,14.52448]]],[[[120.53152,14.52448],[120.5317,14.52457],[120.5317,14.52448],[120.53152,14.52448]]],[[[120.53049,14.52519],[120.53059,14.52501],[120.53049,14.52501],[120.53049,14.52519]]],[[[120.5303,14.52546],[120.5304,14.52528],[120.5303,14.52528],[120.5303,14.52546]]],[[[120.53049,14.52537],[120.53058,14.52555],[120.53058,14.52537],[120.53049,14.52537]]],[[[120.5303,14.52546],[120.5302,14.526],[120.5303,14.526],[120.5303,14.52546]]],[[[120.53049,14.52555],[120.53039,14.52609],[120.53048,14.52609],[120.53049,14.52555]]],[[[120.5301,14.52663],[120.5302,14.52636],[120.53011,14.52636],[120.5301,14.52663]]],[[[120.53029,14.52663],[120.53038,14.52645],[120.53029,14.52645],[120.53029,14.52663]]],[[[120.53028,14.52781],[120.53019,14.52726],[120.53009,14.52817],[120.53028,14.52781]]],[[[120.53144,14.53161],[120.53035,14.52952],[120.53046,14.52835],[120.53027,14.52799],[120.53017,14.52907],[120.52932,14.53015],[120.52922,14.53114],[120.5296,14.52997],[120.52998,14.52952],[120.53016,14.52952],[120.53053,14.53043],[120.53071,14.53052],[120.53089,14.53107],[120.53125,14.53152],[120.53134,14.53243],[120.53152,14.5327],[120.53162,14.53234],[120.53144,14.53161]],[[120.53027,14.52871],[120.53036,14.52898],[120.53026,14.52898],[120.53027,14.52871]]],[[[120.5317,14.53297],[120.53179,14.53315],[120.5318,14.53297],[120.5317,14.53297]]],[[[120.53207,14.53343],[120.53179,14.53315],[120.53206,14.53379],[120.53207,14.53343]]],[[[120.53215,14.53406],[120.53206,14.53379],[120.53206,14.53406],[120.53215,14.53406]]],[[[120.53081,14.54678],[120.53014,14.5484],[120.53003,14.54949],[120.52919,14.55047],[120.52919,14.55065],[120.52891,14.55083],[120.52872,14.55119],[120.52881,14.55146],[120.5289,14.55146],[120.529,14.55101],[120.53022,14.5494],[120.53042,14.54786],[120.53099,14.5467],[120.53081,14.54678]]],[[[120.53216,14.55023],[120.53198,14.55014],[120.53206,14.5505],[120.53216,14.5505],[120.53216,14.55023]]],[[[120.53188,14.5505],[120.53169,14.55095],[120.53187,14.55104],[120.53206,14.55059],[120.53188,14.5505]]],[[[120.5314,14.55149],[120.53178,14.55113],[120.53169,14.55095],[120.53131,14.55131],[120.5314,14.55149]]],[[[120.53131,14.55149],[120.53122,14.55167],[120.5314,14.55185],[120.5314,14.55158],[120.53131,14.55149]]],[[[120.53121,14.5523],[120.53122,14.55176],[120.53112,14.55176],[120.53121,14.5523]]],[[[120.53102,14.55275],[120.53112,14.55221],[120.53102,14.55221],[120.53102,14.55275]]],[[[120.53111,14.55275],[120.5312,14.5532],[120.5312,14.55275],[120.53111,14.55275]]],[[[120.5311,14.55347],[120.53101,14.5532],[120.53101,14.55347],[120.5311,14.55347]]],[[[120.5312,14.55329],[120.53129,14.55356],[120.53129,14.55329],[120.5312,14.55329]]],[[[120.53119,14.55383],[120.5311,14.55356],[120.5311,14.55383],[120.53119,14.55383]]],[[[120.53129,14.55375],[120.53138,14.55402],[120.53138,14.55375],[120.53129,14.55375]]],[[[120.53128,14.55429],[120.53119,14.55402],[120.53119,14.55429],[120.53128,14.55429]]],[[[120.53147,14.5542],[120.53137,14.55438],[120.53146,14.55438],[120.53147,14.5542]]],[[[120.53128,14.55438],[120.53137,14.55456],[120.53137,14.55438],[120.53128,14.55438]]],[[[120.53164,14.55519],[120.53174,14.55501],[120.53164,14.55501],[120.53164,14.55519]]],[[[120.53192,14.55511],[120.53182,14.55556],[120.53192,14.55556],[120.53192,14.55511]]],[[[120.53164,14.55556],[120.53173,14.55574],[120.53173,14.55556],[120.53164,14.55556]]],[[[120.53172,14.55637],[120.53182,14.55583],[120.53173,14.55583],[120.53172,14.55637]]],[[[120.53163,14.55637],[120.53172,14.55655],[120.53172,14.55637],[120.53163,14.55637]]],[[[120.53199,14.55701],[120.53209,14.55683],[120.53199,14.55682],[120.53199,14.55701]]],[[[120.53199,14.55737],[120.53208,14.55719],[120.53199,14.55719],[120.53199,14.55737]]],[[[120.53134,14.55736],[120.53162,14.55745],[120.53162,14.55736],[120.53134,14.55736]]],[[[120.5298,14.56186],[120.52999,14.56186],[120.53008,14.56168],[120.5299,14.56168],[120.5298,14.56186]]],[[[120.53008,14.56195],[120.53027,14.56196],[120.53036,14.56178],[120.53008,14.56177],[120.53008,14.56195]]],[[[120.53027,14.56196],[120.53045,14.56205],[120.53055,14.56187],[120.53036,14.56187],[120.53027,14.56196]]],[[[120.53109,14.56269],[120.53109,14.56341],[120.53119,14.56269],[120.53109,14.56269]]],[[[120.53071,14.5635],[120.5309,14.56341],[120.53071,14.56341],[120.53071,14.5635]]],[[[120.53173,14.56378],[120.53154,14.56387],[120.53173,14.56387],[120.53173,14.56378]]],[[[120.53173,14.56387],[120.53164,14.56405],[120.53219,14.56396],[120.53219,14.56387],[120.53173,14.56387]]],[[[120.53208,14.56604],[120.53189,14.56613],[120.53208,14.56613],[120.53208,14.56604]]],[[[120.53127,14.57163],[120.53155,14.57155],[120.53127,14.57154],[120.53127,14.57163]]],[[[120.53071,14.5719],[120.5309,14.57199],[120.5309,14.5719],[120.53071,14.5719]]],[[[120.53366,14.51492],[120.53311,14.51483],[120.53311,14.51492],[120.53366,14.51492]]],[[[120.53246,14.51491],[120.53264,14.515],[120.53264,14.51491],[120.53246,14.51491]]],[[[120.53376,14.51492],[120.53376,14.5151],[120.53496,14.51503],[120.53496,14.51494],[120.53376,14.51492]]],[[[120.53218,14.515],[120.53236,14.51509],[120.53237,14.515],[120.53218,14.515]]],[[[120.53309,14.51627],[120.53328,14.51636],[120.53328,14.51627],[120.53309,14.51627]]],[[[120.53467,14.51629],[120.5343,14.51638],[120.53467,14.51638],[120.53467,14.51629]]],[[[120.53283,14.52332],[120.53265,14.52322],[120.53264,14.52331],[120.53283,14.52332]]],[[[120.53302,14.52332],[120.5332,14.52341],[120.5332,14.52332],[120.53302,14.52332]]],[[[120.53392,14.52568],[120.5341,14.52577],[120.5341,14.52568],[120.53392,14.52568]]],[[[120.53232,14.52729],[120.53226,14.52448],[120.53208,14.52421],[120.53198,14.52448],[120.53216,14.52539],[120.53214,14.52701],[120.5325,14.52801],[120.53258,14.52882],[120.53259,14.52792],[120.53232,14.52729]]],[[[120.5344,14.53201],[120.53431,14.53173],[120.53431,14.532],[120.5344,14.53201]]],[[[120.53332,14.54609],[120.53322,14.54627],[120.53332,14.54627],[120.53332,14.54609]]],[[[120.53284,14.54735],[120.53254,14.54906],[120.53217,14.54969],[120.53226,14.54987],[120.53283,14.5487],[120.53293,14.54735],[120.53322,14.54672],[120.53322,14.54627],[120.53284,14.54735]]],[[[120.53207,14.54987],[120.53225,14.55014],[120.53226,14.54987],[120.53207,14.54987]]],[[[120.53438,14.55035],[120.53437,14.55206],[120.53455,14.55215],[120.53458,14.54981],[120.53438,14.55035]]],[[[120.53427,14.55233],[120.53445,14.5526],[120.53446,14.55224],[120.53427,14.55233]]],[[[120.53426,14.55296],[120.53436,14.55278],[120.53417,14.55278],[120.53426,14.55296]]],[[[120.53407,14.55323],[120.53416,14.5536],[120.53426,14.5536],[120.53426,14.55323],[120.53407,14.55323]]],[[[120.53397,14.55404],[120.53406,14.55441],[120.53415,14.55441],[120.53416,14.55414],[120.53397,14.55404]]],[[[120.53397,14.55468],[120.53396,14.55495],[120.53406,14.55495],[120.53397,14.55468]]],[[[120.53377,14.55549],[120.53387,14.55531],[120.53368,14.55522],[120.53368,14.5554],[120.53377,14.55549]]],[[[120.53349,14.55603],[120.53358,14.55576],[120.53349,14.55576],[120.53349,14.55603]]],[[[120.53358,14.55612],[120.53367,14.5563],[120.53386,14.55621],[120.53377,14.55558],[120.53358,14.55612]]],[[[120.5346,14.55604],[120.53451,14.55586],[120.53441,14.55604],[120.5346,14.55604]]],[[[120.53423,14.55603],[120.53441,14.55613],[120.53441,14.55604],[120.53423,14.55603]]],[[[120.53385,14.55657],[120.53423,14.55613],[120.53386,14.55621],[120.53385,14.55657]]],[[[120.53338,14.55729],[120.53347,14.55711],[120.53338,14.55711],[120.53338,14.55729]]],[[[120.53217,14.55737],[120.53227,14.5571],[120.53218,14.5571],[120.53217,14.55737]]],[[[120.53319,14.55729],[120.53329,14.55747],[120.53329,14.55729],[120.53319,14.55729]]],[[[120.5331,14.55756],[120.53309,14.55819],[120.53328,14.55837],[120.53355,14.55829],[120.53337,14.55801],[120.53338,14.55747],[120.53328,14.55792],[120.5331,14.55756]]],[[[120.53365,14.55838],[120.53374,14.55856],[120.53374,14.55838],[120.53365,14.55838]]],[[[120.53238,14.56406],[120.53266,14.56397],[120.53238,14.56397],[120.53238,14.56406]]],[[[120.53228,14.56415],[120.5321,14.56405],[120.5321,14.56414],[120.53228,14.56415]]],[[[120.53284,14.56406],[120.53312,14.56415],[120.53312,14.56406],[120.53284,14.56406]]],[[[120.53284,14.56424],[120.53256,14.56415],[120.53256,14.56424],[120.53284,14.56424]]],[[[120.53395,14.56416],[120.53293,14.56433],[120.53386,14.56443],[120.53395,14.5647],[120.53414,14.56444],[120.53395,14.56416]]],[[[120.53423,14.56444],[120.53413,14.56471],[120.53423,14.56471],[120.53423,14.56444]]],[[[120.53403,14.56534],[120.53413,14.56498],[120.53404,14.56498],[120.53403,14.56534]]],[[[120.5343,14.56606],[120.53384,14.56633],[120.53244,14.56632],[120.53374,14.56651],[120.53449,14.56607],[120.5344,14.56579],[120.5343,14.56606]]],[[[120.53226,14.56613],[120.53245,14.56622],[120.53245,14.56613],[120.53226,14.56613]]],[[[120.53297,14.56876],[120.53316,14.56885],[120.53316,14.56876],[120.53297,14.56876]]],[[[120.53362,14.56886],[120.53325,14.56894],[120.53362,14.56895],[120.53362,14.56886]]],[[[120.53362,14.56904],[120.5339,14.56895],[120.53362,14.56895],[120.53362,14.56904]]],[[[120.5339,14.56913],[120.53455,14.56905],[120.5339,14.56904],[120.5339,14.56913]]],[[[120.53333,14.57057],[120.53342,14.57075],[120.53342,14.57057],[120.53333,14.57057]]],[[[120.53341,14.57102],[120.53351,14.57084],[120.53341,14.57084],[120.53341,14.57102]]],[[[120.53442,14.57176],[120.53424,14.57166],[120.53424,14.57175],[120.53442,14.57176]]],[[[120.53668,14.51044],[120.53622,14.51034],[120.53622,14.51043],[120.53668,14.51044]]],[[[120.53581,14.51404],[120.53572,14.51377],[120.53571,14.51404],[120.53581,14.51404]]],[[[120.53571,14.51449],[120.5358,14.51431],[120.53571,14.51431],[120.53571,14.51449]]],[[[120.53571,14.51476],[120.53552,14.51467],[120.53552,14.51476],[120.53571,14.51476]]],[[[120.53534,14.51476],[120.53552,14.51485],[120.53552,14.51476],[120.53534,14.51476]]],[[[120.53515,14.51494],[120.53496,14.51485],[120.53496,14.51494],[120.53515,14.51494]]],[[[120.53608,14.51486],[120.53617,14.51504],[120.53617,14.51486],[120.53608,14.51486]]],[[[120.53514,14.51575],[120.53532,14.51584],[120.53532,14.51575],[120.53514,14.51575]]],[[[120.53694,14.52029],[120.53713,14.5202],[120.53694,14.5202],[120.53694,14.52029]]],[[[120.53648,14.52019],[120.53657,14.52037],[120.53667,14.52019],[120.53648,14.52019]]],[[[120.53648,14.52037],[120.53638,14.52091],[120.53647,14.52092],[120.53648,14.52037]]],[[[120.53666,14.52038],[120.53675,14.5211],[120.53676,14.52056],[120.53694,14.52038],[120.53666,14.52038]]],[[[120.53647,14.5211],[120.53656,14.52128],[120.53656,14.5211],[120.53647,14.5211]]],[[[120.53665,14.52128],[120.53675,14.52146],[120.53675,14.52128],[120.53665,14.52128]]],[[[120.53498,14.52171],[120.5348,14.52162],[120.5348,14.52171],[120.53498,14.52171]]],[[[120.53554,14.52163],[120.53517,14.52171],[120.53554,14.52172],[120.53554,14.52163]]],[[[120.53628,14.52173],[120.536,14.52163],[120.536,14.52172],[120.53628,14.52173]]],[[[120.53516,14.5219],[120.53489,14.5218],[120.53489,14.52189],[120.53516,14.5219]]],[[[120.53553,14.52199],[120.53628,14.52191],[120.53553,14.5219],[120.53553,14.52199]]],[[[120.53701,14.52309],[120.53719,14.52336],[120.53719,14.52318],[120.53701,14.52309]]],[[[120.53634,14.52453],[120.53709,14.52354],[120.537,14.52327],[120.53616,14.52444],[120.53504,14.52497],[120.53476,14.52532],[120.53615,14.52462],[120.53643,14.52516],[120.53634,14.52453]]],[[[120.53652,14.52534],[120.53643,14.52516],[120.53642,14.52534],[120.53652,14.52534]]],[[[120.53457,14.52532],[120.53475,14.52541],[120.53476,14.52532],[120.53457,14.52532]]],[[[120.5376,14.52779],[120.53639,14.52868],[120.53517,14.52985],[120.53488,14.53066],[120.53441,14.53128],[120.53441,14.53173],[120.53535,14.52994],[120.53695,14.52851],[120.53788,14.52798],[120.53797,14.52771],[120.5376,14.52779]]],[[[120.53681,14.53221],[120.53606,14.53311],[120.53503,14.53364],[120.53485,14.53391],[120.53643,14.53302],[120.53643,14.53284],[120.537,14.5323],[120.53738,14.53159],[120.53728,14.5314],[120.537,14.53167],[120.53681,14.53221]]],[[[120.53485,14.53391],[120.53447,14.53408],[120.53447,14.53427],[120.53466,14.53418],[120.53485,14.53391]]],[[[120.53673,14.53944],[120.53545,14.53771],[120.53654,14.53971],[120.53422,14.53977],[120.53691,14.53989],[120.5371,14.54007],[120.53737,14.53999],[120.53673,14.53944]]],[[[120.53743,14.54306],[120.53605,14.54268],[120.53382,14.54266],[120.53447,14.54285],[120.53623,14.54296],[120.53688,14.54323],[120.53678,14.54359],[120.53808,14.54298],[120.53818,14.5428],[120.53799,14.5427],[120.53743,14.54306]]],[[[120.53655,14.54703],[120.53719,14.54821],[120.53737,14.54902],[120.53755,14.54902],[120.53747,14.54839],[120.53683,14.54712],[120.53601,14.5463],[120.53582,14.54629],[120.53655,14.54703]]],[[[120.53458,14.54981],[120.53467,14.54935],[120.53458,14.54935],[120.53458,14.54981]]],[[[120.53705,14.5529],[120.53695,14.55308],[120.53704,14.55308],[120.53705,14.5529]]],[[[120.5347,14.55568],[120.5346,14.55586],[120.53469,14.55586],[120.5347,14.55568]]],[[[120.53597,14.55795],[120.53606,14.55813],[120.53606,14.55795],[120.53597,14.55795]]],[[[120.53615,14.55831],[120.53606,14.55813],[120.53606,14.55831],[120.53615,14.55831]]],[[[120.53615,14.55831],[120.53624,14.5585],[120.53624,14.55831],[120.53615,14.55831]]],[[[120.53624,14.55877],[120.53633,14.5585],[120.53624,14.5585],[120.53624,14.55877]]],[[[120.53642,14.55895],[120.53633,14.55877],[120.53633,14.55895],[120.53642,14.55895]]],[[[120.53669,14.55949],[120.53669,14.55995],[120.53678,14.55995],[120.53669,14.55949]]],[[[120.53645,14.56509],[120.53654,14.56491],[120.53645,14.56491],[120.53645,14.56509]]],[[[120.53662,14.56654],[120.53654,14.56518],[120.53653,14.56636],[120.53634,14.56681],[120.53662,14.56654]]],[[[120.53513,14.56652],[120.53532,14.56662],[120.53532,14.56653],[120.53513,14.56652]]],[[[120.5355,14.56653],[120.53569,14.56662],[120.53569,14.56653],[120.5355,14.56653]]],[[[120.53569,14.56662],[120.53587,14.56671],[120.53587,14.56662],[120.53569,14.56662]]],[[[120.53559,14.5668],[120.53541,14.56671],[120.53541,14.5668],[120.53559,14.5668]]],[[[120.53559,14.5668],[120.53614,14.56726],[120.53624,14.56708],[120.53716,14.56799],[120.53707,14.56763],[120.53661,14.56735],[120.53633,14.5669],[120.53615,14.5669],[120.53606,14.56671],[120.53587,14.56671],[120.53596,14.56689],[120.53559,14.5668]]],[[[120.53697,14.56817],[120.53688,14.56799],[120.53688,14.56817],[120.53697,14.56817]]],[[[120.53697,14.56835],[120.53706,14.56817],[120.53697,14.56817],[120.53697,14.56835]]],[[[120.53715,14.56853],[120.53706,14.56835],[120.53706,14.56853],[120.53715,14.56853]]],[[[120.53566,14.56951],[120.53593,14.56978],[120.53732,14.56971],[120.53733,14.56944],[120.53705,14.56962],[120.53602,14.5697],[120.53557,14.56933],[120.53455,14.56914],[120.53473,14.56932],[120.53566,14.56951]]],[[[120.53526,14.57158],[120.53489,14.57149],[120.53489,14.57158],[120.53526,14.57158]]],[[[120.53545,14.5715],[120.53563,14.57159],[120.53563,14.5715],[120.53545,14.5715]]],[[[120.53619,14.57178],[120.536,14.57168],[120.536,14.57177],[120.53619,14.57178]]],[[[120.53461,14.57212],[120.53553,14.57222],[120.53553,14.57213],[120.53461,14.57212]]],[[[120.53752,14.51054],[120.53733,14.51044],[120.53733,14.51054],[120.53752,14.51054]]],[[[120.5387,14.51209],[120.53842,14.51217],[120.5387,14.51218],[120.5387,14.51209]]],[[[120.53926,14.52031],[120.53898,14.5204],[120.53926,14.5204],[120.53926,14.52031]]],[[[120.5387,14.52058],[120.53898,14.52049],[120.5387,14.52049],[120.5387,14.52058]]],[[[120.53888,14.52112],[120.53926,14.52076],[120.53917,14.52058],[120.53889,14.52067],[120.5386,14.52121],[120.53888,14.52112]],[[120.53879,14.52094],[120.53888,14.52103],[120.53879,14.52103],[120.53879,14.52094]]],[[[120.5386,14.52121],[120.53842,14.5213],[120.53841,14.52148],[120.53869,14.52148],[120.5386,14.52121]]],[[[120.53832,14.52148],[120.53841,14.52166],[120.53841,14.52148],[120.53832,14.52148]]],[[[120.53813,14.52175],[120.53822,14.52193],[120.53823,14.52175],[120.53813,14.52175]]],[[[120.53831,14.52211],[120.53822,14.52193],[120.53822,14.52211],[120.53831,14.52211]]],[[[120.53813,14.52193],[120.53719,14.52282],[120.53728,14.523],[120.53822,14.5222],[120.53813,14.52193]]],[[[120.5371,14.52291],[120.53728,14.52318],[120.53728,14.523],[120.5371,14.52291]]],[[[120.53984,14.52673],[120.539,14.52681],[120.53984,14.52682],[120.53984,14.52673]]],[[[120.53882,14.5269],[120.53891,14.52699],[120.53919,14.527],[120.539,14.52681],[120.53882,14.5269]]],[[[120.53872,14.52699],[120.53891,14.52708],[120.53891,14.52699],[120.53872,14.52699]]],[[[120.53863,14.52699],[120.53844,14.52726],[120.53872,14.52717],[120.53863,14.52699]]],[[[120.53917,14.52898],[120.53926,14.52889],[120.53926,14.5288],[120.53908,14.5288],[120.53917,14.52898]]],[[[120.53917,14.52898],[120.53926,14.52917],[120.53926,14.52899],[120.53917,14.52898]]],[[[120.53907,14.52971],[120.53916,14.52916],[120.53898,14.52898],[120.53907,14.52971]]],[[[120.53898,14.52943],[120.53888,14.52979],[120.53897,14.5298],[120.53898,14.52943]]],[[[120.53878,14.52997],[120.53888,14.52979],[120.53879,14.52979],[120.53878,14.52997]]],[[[120.53841,14.5306],[120.53822,14.53042],[120.53822,14.5306],[120.53841,14.5306]]],[[[120.53747,14.53132],[120.53775,14.53096],[120.53803,14.53087],[120.53794,14.53069],[120.53738,14.53113],[120.53747,14.53132]]],[[[120.53729,14.53122],[120.53747,14.5315],[120.53747,14.53132],[120.53729,14.53122]]],[[[120.53832,14.53801],[120.5386,14.53792],[120.53833,14.53792],[120.53832,14.53801]]],[[[120.53907,14.53802],[120.5386,14.5381],[120.53907,14.53811],[120.53907,14.53802]]],[[[120.53874,14.54226],[120.53893,14.54235],[120.53893,14.54226],[120.53874,14.54226]]],[[[120.5392,14.54226],[120.53893,14.54235],[120.53892,14.54244],[120.53929,14.54254],[120.5392,14.54226]]],[[[120.53865,14.54253],[120.53883,14.54244],[120.53855,14.54235],[120.53865,14.54253]]],[[[120.53864,14.54262],[120.53846,14.54244],[120.53846,14.54262],[120.53864,14.54262]]],[[[120.53818,14.54271],[120.53836,14.5428],[120.53836,14.54271],[120.53818,14.54271]]],[[[120.53873,14.54352],[120.53891,14.54353],[120.5392,14.54308],[120.5392,14.54254],[120.53873,14.54352]]],[[[120.53863,14.54389],[120.53872,14.5438],[120.53873,14.54362],[120.53854,14.5437],[120.53863,14.54389]]],[[[120.53746,14.54947],[120.53764,14.54939],[120.53765,14.54902],[120.53746,14.54911],[120.53746,14.54947]]],[[[120.53773,14.54975],[120.53773,14.54939],[120.53755,14.54947],[120.53754,14.54984],[120.53773,14.54975]]],[[[120.53782,14.55011],[120.53782,14.54975],[120.53773,14.54975],[120.53763,14.55029],[120.53782,14.55011]]],[[[120.53781,14.55083],[120.53782,14.55011],[120.53772,14.55083],[120.53781,14.55083]]],[[[120.53791,14.55065],[120.5379,14.5511],[120.538,14.55065],[120.53791,14.55065]]],[[[120.53845,14.55183],[120.53854,14.55201],[120.53854,14.55183],[120.53845,14.55183]]],[[[120.53854,14.5522],[120.53863,14.55202],[120.53854,14.55201],[120.53854,14.5522]]],[[[120.53882,14.5522],[120.53873,14.55202],[120.53872,14.5522],[120.53882,14.5522]]],[[[120.53872,14.55247],[120.53863,14.5522],[120.53863,14.55247],[120.53872,14.55247]]],[[[120.53891,14.55238],[120.53881,14.55256],[120.5389,14.55256],[120.53891,14.55238]]],[[[120.53872,14.55274],[120.53881,14.55256],[120.53872,14.55256],[120.53872,14.55274]]],[[[120.53899,14.55283],[120.5389,14.55265],[120.5389,14.55283],[120.53899,14.55283]]],[[[120.5389,14.5531],[120.53881,14.55283],[120.53881,14.5531],[120.5389,14.5531]]],[[[120.53909,14.55301],[120.53899,14.55319],[120.53908,14.5532],[120.53909,14.55301]]],[[[120.5389,14.55319],[120.53899,14.55337],[120.53899,14.55319],[120.5389,14.55319]]],[[[120.5374,14.55417],[120.53777,14.55472],[120.53775,14.55643],[120.53802,14.55698],[120.53819,14.55815],[120.5383,14.55716],[120.53793,14.55653],[120.53795,14.55481],[120.5375,14.55417],[120.53723,14.55318],[120.53704,14.55308],[120.5374,14.55417]]],[[[120.53773,14.55833],[120.53754,14.55815],[120.53754,14.55833],[120.53773,14.55833]]],[[[120.53801,14.55842],[120.53791,14.55896],[120.538,14.55897],[120.53801,14.55842]]],[[[120.53809,14.55951],[120.53809,14.55888],[120.53799,14.55951],[120.53809,14.55951]]],[[[120.53827,14.55951],[120.53818,14.55969],[120.53827,14.55969],[120.53827,14.55951]]],[[[120.53761,14.56032],[120.5378,14.56059],[120.53826,14.56023],[120.53818,14.55969],[120.53808,14.56005],[120.53761,14.56032]]],[[[120.53715,14.56817],[120.53725,14.56799],[120.53716,14.56799],[120.53715,14.56817]]],[[[120.53734,14.56835],[120.53725,14.56817],[120.53725,14.56835],[120.53734,14.56835]]],[[[120.53743,14.56881],[120.53734,14.56853],[120.53733,14.56881],[120.53743,14.56881]]],[[[120.53901,14.56855],[120.53891,14.56891],[120.539,14.56891],[120.53901,14.56855]]],[[[120.53724,14.56871],[120.53714,14.56917],[120.53724,14.56917],[120.53724,14.56871]]],[[[120.53882,14.56891],[120.5389,14.56936],[120.53891,14.56891],[120.53882,14.56891]]],[[[120.53742,14.56953],[120.53751,14.56926],[120.53742,14.56926],[120.53742,14.56953]]],[[[120.53834,14.56999],[120.53862,14.57017],[120.53881,14.56982],[120.53881,14.56936],[120.53862,14.5699],[120.53834,14.56999]]],[[[120.53868,14.57316],[120.53886,14.57307],[120.53868,14.57307],[120.53868,14.57316]]],[[[120.53812,14.57333],[120.5383,14.57342],[120.5383,14.57333],[120.53812,14.57333]]],[[[120.53793,14.57342],[120.53812,14.57351],[120.53812,14.57342],[120.53793,14.57342]]],[[[120.53793,14.57351],[120.53747,14.5736],[120.53793,14.5736],[120.53793,14.57351]]],[[[120.53895,14.5737],[120.53876,14.57361],[120.53876,14.5737],[120.53895,14.5737]]],[[[120.53982,14.51174],[120.54,14.51183],[120.54001,14.51175],[120.53982,14.51174]]],[[[120.5412,14.51283],[120.54111,14.51256],[120.54111,14.51283],[120.5412,14.51283]]],[[[120.54101,14.5131],[120.54092,14.51328],[120.54101,14.51328],[120.54101,14.5131]]],[[[120.54082,14.51328],[120.54091,14.51346],[120.54092,14.51328],[120.54082,14.51328]]],[[[120.54073,14.51364],[120.54082,14.51346],[120.54073,14.51346],[120.54073,14.51364]]],[[[120.54063,14.51382],[120.54073,14.51364],[120.54063,14.51364],[120.54063,14.51382]]],[[[120.54054,14.51382],[120.54063,14.514],[120.54063,14.51382],[120.54054,14.51382]]],[[[120.53963,14.5205],[120.53991,14.52041],[120.53963,14.52041],[120.53963,14.5205]]],[[[120.54019,14.5205],[120.54148,14.52061],[120.54149,14.52052],[120.54019,14.5205]]],[[[120.54186,14.52052],[120.54223,14.52061],[120.54223,14.52052],[120.54186,14.52052]]],[[[120.53991,14.52068],[120.53972,14.52077],[120.53991,14.52077],[120.53991,14.52068]]],[[[120.54065,14.52078],[120.54018,14.52086],[120.54065,14.52087],[120.54065,14.52078]]],[[[120.54102,14.52078],[120.5413,14.52088],[120.5413,14.52079],[120.54102,14.52078]]],[[[120.54195,14.52079],[120.54232,14.52089],[120.54232,14.5208],[120.54195,14.52079]]],[[[120.54222,14.52152],[120.54232,14.52098],[120.54222,14.52098],[120.54222,14.52152]]],[[[120.54212,14.52152],[120.54221,14.52188],[120.54222,14.52152],[120.54212,14.52152]]],[[[120.54202,14.52206],[120.54212,14.52188],[120.54203,14.52188],[120.54202,14.52206]]],[[[120.54072,14.52295],[120.5411,14.52214],[120.54185,14.52088],[120.54148,14.52088],[120.54157,14.52106],[120.54072,14.52241],[120.54053,14.52331],[120.54071,14.52322],[120.54072,14.52295]]],[[[120.54263,14.5264],[120.54235,14.52622],[120.54207,14.52649],[120.54235,14.52658],[120.54244,14.5264],[120.54263,14.5264]]],[[[120.54188,14.52648],[120.54197,14.52666],[120.54216,14.52667],[120.54207,14.52649],[120.54188,14.52648]]],[[[120.54179,14.52666],[120.54197,14.52676],[120.54197,14.52666],[120.54179,14.52666]]],[[[120.54151,14.52675],[120.5416,14.52684],[120.54179,14.52684],[120.5417,14.52666],[120.54151,14.52675]]],[[[120.54123,14.52675],[120.54142,14.52684],[120.54142,14.52675],[120.54123,14.52675]]],[[[120.53993,14.52682],[120.54049,14.52692],[120.54049,14.52683],[120.53993,14.52682]]],[[[120.54077,14.52692],[120.54104,14.52684],[120.54077,14.52683],[120.54077,14.52692]]],[[[120.54142,14.52684],[120.5416,14.52693],[120.5416,14.52684],[120.54142,14.52684]]],[[[120.53993,14.52691],[120.53947,14.527],[120.53993,14.527],[120.53993,14.52691]]],[[[120.54132,14.52693],[120.54104,14.52702],[120.54132,14.52702],[120.54132,14.52693]]],[[[120.5403,14.5271],[120.54095,14.52702],[120.5403,14.52701],[120.5403,14.5271]]],[[[120.54159,14.52802],[120.54177,14.52811],[120.54177,14.52802],[120.54159,14.52802]]],[[[120.54103,14.52828],[120.54131,14.52819],[120.54103,14.52819],[120.54103,14.52828]]],[[[120.54057,14.52828],[120.54093,14.52837],[120.54094,14.52828],[120.54057,14.52828]]],[[[120.54149,14.52838],[120.54131,14.52828],[120.54131,14.52837],[120.54149,14.52838]]],[[[120.5401,14.52845],[120.54038,14.52836],[120.5401,14.52836],[120.5401,14.52845]]],[[[120.54121,14.52837],[120.54093,14.52846],[120.54121,14.52846],[120.54121,14.52837]]],[[[120.54001,14.52845],[120.53982,14.52854],[120.54001,14.52854],[120.54001,14.52845]]],[[[120.54075,14.52855],[120.54038,14.52845],[120.54038,14.52855],[120.54075,14.52855]]],[[[120.53954,14.52854],[120.53973,14.52863],[120.53973,14.52854],[120.53954,14.52854]]],[[[120.54028,14.52854],[120.54,14.52863],[120.54028,14.52863],[120.54028,14.52854]]],[[[120.53991,14.52872],[120.53973,14.52863],[120.53973,14.52872],[120.53991,14.52872]]],[[[120.53963,14.52881],[120.53945,14.52872],[120.53945,14.52881],[120.53963,14.52881]]],[[[120.54239,14.5311],[120.54163,14.53217],[120.54173,14.53235],[120.54229,14.53164],[120.54248,14.53128],[120.54239,14.5311]]],[[[120.54079,14.53289],[120.53929,14.53414],[120.53929,14.53432],[120.53967,14.53396],[120.53985,14.53396],[120.54051,14.53324],[120.54135,14.5328],[120.54173,14.53235],[120.54079,14.53289]]],[[[120.54217,14.53453],[120.54235,14.53462],[120.54235,14.53453],[120.54217,14.53453]]],[[[120.54198,14.53462],[120.54216,14.53471],[120.54216,14.53462],[120.54198,14.53462]]],[[[120.5422,14.53995],[120.54027,14.53821],[120.53907,14.53811],[120.54017,14.53839],[120.54072,14.53903],[120.54091,14.53903],[120.54192,14.53994],[120.54192,14.54013],[120.54228,14.54049],[120.54247,14.54049],[120.54256,14.54031],[120.54229,14.54022],[120.5422,14.53995]]],[[[120.54181,14.54166],[120.54162,14.54175],[120.54181,14.54175],[120.54181,14.54166]]],[[[120.53977,14.54173],[120.54014,14.54182],[120.54014,14.54173],[120.53977,14.54173]]],[[[120.54209,14.54175],[120.54227,14.54185],[120.54227,14.54176],[120.54209,14.54175]]],[[[120.54069,14.54192],[120.54051,14.54183],[120.54051,14.54192],[120.54069,14.54192]]],[[[120.54153,14.54184],[120.54171,14.54193],[120.54171,14.54184],[120.54153,14.54184]]],[[[120.54236,14.54194],[120.54264,14.54185],[120.54236,14.54185],[120.54236,14.54194]]],[[[120.54199,14.54193],[120.54218,14.54203],[120.54218,14.54193],[120.54199,14.54193]]],[[[120.5393,14.54227],[120.53995,14.54191],[120.53949,14.54182],[120.53948,14.54209],[120.5393,14.54227]]],[[[120.54186,14.545],[120.54205,14.5451],[120.54205,14.54501],[120.54186,14.545]]],[[[120.54223,14.5451],[120.54205,14.54519],[120.54223,14.54519],[120.54223,14.5451]]],[[[120.54251,14.54528],[120.54242,14.54519],[120.54223,14.54519],[120.54232,14.54537],[120.54251,14.54528]]],[[[120.54102,14.5459],[120.5412,14.54599],[120.5412,14.5459],[120.54102,14.5459]]],[[[120.5412,14.54608],[120.54129,14.54617],[120.54148,14.54617],[120.54139,14.54599],[120.5412,14.54608]]],[[[120.54167,14.54618],[120.54148,14.54626],[120.54166,14.54627],[120.54167,14.54618]]],[[[120.54194,14.54636],[120.54185,14.54627],[120.54166,14.54627],[120.54176,14.54645],[120.54194,14.54636]]],[[[120.54237,14.54962],[120.54072,14.54779],[120.53971,14.54724],[120.53989,14.54751],[120.54063,14.54788],[120.54255,14.54998],[120.54301,14.55026],[120.5432,14.55017],[120.54255,14.54962],[120.54237,14.54962]]],[[[120.54132,14.55195],[120.54141,14.55214],[120.54142,14.55195],[120.54132,14.55195]]],[[[120.54149,14.55349],[120.54231,14.55495],[120.5424,14.55549],[120.5425,14.55495],[120.54195,14.55386],[120.54158,14.55349],[120.54141,14.55214],[120.54149,14.55349]]],[[[120.53963,14.5541],[120.53972,14.55429],[120.53972,14.55411],[120.53963,14.5541]]],[[[120.53981,14.55456],[120.53972,14.55429],[120.53972,14.55456],[120.53981,14.55456]]],[[[120.54,14.55447],[120.5399,14.55465],[120.53999,14.55465],[120.54,14.55447]]],[[[120.53981,14.55483],[120.5399,14.55465],[120.53981,14.55465],[120.53981,14.55483]]],[[[120.54063,14.55547],[120.54082,14.55556],[120.54082,14.55547],[120.54063,14.55547]]],[[[120.54175,14.55566],[120.54138,14.55557],[120.54137,14.55566],[120.54175,14.55566]]],[[[120.541,14.55574],[120.54063,14.55565],[120.54063,14.55574],[120.541,14.55574]]],[[[120.54193,14.55566],[120.54212,14.55576],[120.54212,14.55567],[120.54193,14.55566]]],[[[120.54156,14.55575],[120.54184,14.55584],[120.54184,14.55575],[120.54156,14.55575]]],[[[120.54211,14.55585],[120.5423,14.55576],[120.54212,14.55576],[120.54211,14.55585]]],[[[120.54193,14.55585],[120.54211,14.55594],[120.54211,14.55585],[120.54193,14.55585]]],[[[120.54211,14.55603],[120.5423,14.55594],[120.54211,14.55594],[120.54211,14.55603]]],[[[120.53977,14.55808],[120.53987,14.55772],[120.53978,14.55772],[120.53977,14.55808]]],[[[120.5419,14.55883],[120.54179,14.55973],[120.54189,14.55973],[120.5419,14.55883]]],[[[120.53983,14.56124],[120.53977,14.55817],[120.53968,14.55817],[120.53965,14.56088],[120.53983,14.56142],[120.5402,14.56143],[120.53983,14.56124]]],[[[120.5417,14.56009],[120.54179,14.55973],[120.5417,14.55973],[120.5417,14.56009]]],[[[120.5416,14.5609],[120.54169,14.56027],[120.5416,14.56027],[120.5416,14.5609]]],[[[120.54178,14.5609],[120.54168,14.56117],[120.54178,14.56117],[120.54178,14.5609]]],[[[120.54215,14.56145],[120.54233,14.56154],[120.54233,14.56145],[120.54215,14.56145]]],[[[120.54251,14.51194],[120.54288,14.51204],[120.54288,14.51195],[120.54251,14.51194]]],[[[120.54462,14.51341],[120.54453,14.51314],[120.54453,14.51341],[120.54462,14.51341]]],[[[120.54506,14.51622],[120.54515,14.5164],[120.54515,14.51622],[120.54506,14.51622]]],[[[120.54344,14.51981],[120.54261,14.51926],[120.54261,14.51944],[120.54307,14.5199],[120.54344,14.51981]]],[[[120.54381,14.51964],[120.54409,14.51973],[120.54409,14.51964],[120.54381,14.51964]]],[[[120.54446,14.51973],[120.54428,14.51982],[120.54446,14.51982],[120.54446,14.51973]]],[[[120.54372,14.51991],[120.54353,14.52],[120.54372,14.52],[120.54372,14.51991]]],[[[120.544,14.51991],[120.54418,14.52],[120.54418,14.51991],[120.544,14.51991]]],[[[120.54529,14.5201],[120.54548,14.5202],[120.54548,14.52011],[120.54529,14.5201]]],[[[120.54501,14.52028],[120.5452,14.52037],[120.5452,14.52028],[120.54501,14.52028]]],[[[120.545,14.52128],[120.54472,14.52145],[120.54415,14.52244],[120.54434,14.52244],[120.54491,14.52146],[120.54547,14.52101],[120.54566,14.52056],[120.54547,14.52056],[120.545,14.52128]]],[[[120.54424,14.5228],[120.54415,14.52253],[120.54415,14.5228],[120.54424,14.5228]]],[[[120.54415,14.52298],[120.54405,14.52316],[120.54415,14.52316],[120.54415,14.52298]]],[[[120.54396,14.52334],[120.54405,14.52316],[120.54396,14.52316],[120.54396,14.52334]]],[[[120.54476,14.52588],[120.54495,14.52597],[120.54495,14.52588],[120.54476,14.52588]]],[[[120.54244,14.52613],[120.54272,14.52622],[120.54272,14.52613],[120.54244,14.52613]]],[[[120.54392,14.52641],[120.54411,14.52642],[120.54411,14.52633],[120.54393,14.52632],[120.54392,14.52641]]],[[[120.54365,14.5265],[120.54392,14.52641],[120.54365,14.52641],[120.54365,14.5265]]],[[[120.5429,14.52722],[120.54364,14.52659],[120.54355,14.52632],[120.54393,14.52614],[120.54291,14.52604],[120.54318,14.52623],[120.54272,14.52631],[120.54318,14.52632],[120.54318,14.5265],[120.54271,14.52685],[120.54262,14.52721],[120.5429,14.52722]]],[[[120.54483,14.52868],[120.54427,14.52859],[120.54427,14.52868],[120.54483,14.52868]]],[[[120.54482,14.52886],[120.54418,14.52877],[120.54418,14.52886],[120.54482,14.52886]]],[[[120.54399,14.52885],[120.54417,14.52895],[120.54418,14.52886],[120.54399,14.52885]]],[[[120.54352,14.5293],[120.54362,14.52912],[120.54352,14.52912],[120.54352,14.5293]]],[[[120.54343,14.52948],[120.54352,14.5293],[120.54343,14.5293],[120.54343,14.52948]]],[[[120.54361,14.52966],[120.54352,14.52948],[120.54352,14.52966],[120.54361,14.52966]]],[[[120.54333,14.52975],[120.54352,14.52966],[120.54333,14.52957],[120.54333,14.52975]]],[[[120.54276,14.53092],[120.54258,14.53074],[120.54258,14.53092],[120.54276,14.53092]]],[[[120.54675,14.53069],[120.54591,14.5314],[120.54516,14.53167],[120.54404,14.53292],[120.54273,14.53399],[120.54273,14.53417],[120.54235,14.53453],[120.54254,14.53453],[120.5431,14.53381],[120.54329,14.53382],[120.54394,14.5331],[120.54413,14.5331],[120.54413,14.53292],[120.54479,14.53239],[120.54507,14.53194],[120.54563,14.53176],[120.54666,14.53096],[120.54712,14.53078],[120.54675,14.53069]]],[[[120.5429,14.53562],[120.54596,14.53511],[120.54596,14.53502],[120.54559,14.53492],[120.54448,14.53527],[120.54308,14.53544],[120.5429,14.53562]]],[[[120.54271,14.53562],[120.54289,14.53571],[120.5429,14.53562],[120.54271,14.53562]]],[[[120.54397,14.53888],[120.54416,14.53897],[120.54416,14.53888],[120.54397,14.53888]]],[[[120.54434,14.53907],[120.54416,14.53897],[120.54416,14.53906],[120.54434,14.53907]]],[[[120.54434,14.53907],[120.54563,14.53998],[120.54636,14.54071],[120.54627,14.54089],[120.54664,14.54081],[120.54563,14.5398],[120.54517,14.53962],[120.54471,14.53916],[120.54434,14.53907]]],[[[120.54275,14.5405],[120.54256,14.5404],[120.54256,14.54049],[120.54275,14.5405]]],[[[120.54293,14.54059],[120.54275,14.5405],[120.54275,14.54059],[120.54293,14.54059]]],[[[120.54293,14.54059],[120.54312,14.54068],[120.54312,14.54059],[120.54293,14.54059]]],[[[120.5433,14.54068],[120.54312,14.54077],[120.5433,14.54077],[120.5433,14.54068]]],[[[120.54349,14.54086],[120.5433,14.54077],[120.5433,14.54086],[120.54349,14.54086]]],[[[120.54367,14.54096],[120.54349,14.54086],[120.54349,14.54095],[120.54367,14.54096]]],[[[120.54404,14.54105],[120.54367,14.54096],[120.54358,14.54114],[120.54395,14.54132],[120.54404,14.54105]]],[[[120.54254,14.54221],[120.54282,14.54212],[120.54254,14.54212],[120.54254,14.54221]]],[[[120.54334,14.54601],[120.54333,14.54619],[120.54352,14.54629],[120.54342,14.54647],[120.54194,14.54654],[120.5424,14.54673],[120.54305,14.54673],[120.54389,14.54647],[120.54361,14.54638],[120.54361,14.54611],[120.54325,14.54565],[120.54251,14.54537],[120.54334,14.54601]]],[[[120.54389,14.54656],[120.54444,14.54657],[120.54444,14.54648],[120.54389,14.54656]]],[[[120.54453,14.54675],[120.545,14.54657],[120.54463,14.54657],[120.54453,14.54675]]],[[[120.545,14.54684],[120.54537,14.54685],[120.54565,14.54667],[120.54528,14.54667],[120.545,14.54684]]],[[[120.5432,14.55026],[120.54338,14.55017],[120.5432,14.55017],[120.5432,14.55026]]],[[[120.54375,14.55044],[120.54357,14.55035],[120.54356,14.55053],[120.54366,14.55053],[120.54375,14.55044]]],[[[120.54375,14.55044],[120.54375,14.55062],[120.54394,14.55054],[120.54394,14.55045],[120.54375,14.55044]]],[[[120.54421,14.55054],[120.54403,14.55063],[120.54421,14.55063],[120.54421,14.55054]]],[[[120.5444,14.55072],[120.54421,14.55063],[120.54421,14.55081],[120.5443,14.55081],[120.5444,14.55072]]],[[[120.54458,14.55081],[120.5444,14.55072],[120.5444,14.5509],[120.54449,14.5509],[120.54458,14.55081]]],[[[120.54495,14.551],[120.54477,14.55091],[120.54477,14.551],[120.54495,14.551]]],[[[120.54495,14.55109],[120.54551,14.55109],[120.54551,14.551],[120.54495,14.55109]]],[[[120.54248,14.55603],[120.54267,14.55594],[120.54248,14.55594],[120.54248,14.55603]]],[[[120.54341,14.55604],[120.54406,14.55596],[120.54341,14.55595],[120.54341,14.55604]]],[[[120.5448,14.55606],[120.54462,14.55596],[120.54462,14.55605],[120.5448,14.55606]]],[[[120.54322,14.55613],[120.54276,14.55603],[120.54276,14.55612],[120.54322,14.55613]]],[[[120.54425,14.55605],[120.54443,14.55614],[120.54443,14.55605],[120.54425,14.55605]]],[[[120.54248,14.55612],[120.54267,14.55621],[120.54267,14.55612],[120.54248,14.55612]]],[[[120.54341,14.55613],[120.54397,14.55623],[120.54397,14.55614],[120.54341,14.55613]]],[[[120.54462,14.55614],[120.5448,14.55624],[120.5448,14.55615],[120.54462,14.55614]]],[[[120.54276,14.55631],[120.54322,14.55622],[120.54276,14.55622],[120.54276,14.55631]]],[[[120.54415,14.55632],[120.54443,14.55623],[120.54415,14.55623],[120.54415,14.55632]]],[[[120.54442,14.56545],[120.54471,14.56482],[120.54471,14.56455],[120.54536,14.5641],[120.54555,14.56356],[120.54462,14.56446],[120.54423,14.56545],[120.54395,14.56562],[120.5434,14.56562],[120.54414,14.56572],[120.54442,14.56545]]],[[[120.5426,14.57094],[120.54269,14.57112],[120.54269,14.57094],[120.5426,14.57094]]],[[[120.54278,14.57121],[120.54268,14.57139],[120.54278,14.57139],[120.54278,14.57121]]],[[[120.54287,14.57157],[120.54278,14.57139],[120.54278,14.57157],[120.54287,14.57157]]],[[[120.54296,14.57167],[120.54286,14.5723],[120.54276,14.57266],[120.54295,14.57239],[120.54296,14.57167]]],[[[120.54518,14.57241],[120.54527,14.57214],[120.54518,14.57214],[120.54518,14.57241]]],[[[120.54258,14.57266],[120.54276,14.57275],[120.54276,14.57266],[120.54258,14.57266]]],[[[120.5436,14.57294],[120.54313,14.57302],[120.54359,14.57303],[120.5436,14.57294]]],[[[120.54527,14.57259],[120.54517,14.5735],[120.54526,14.5735],[120.54527,14.57259]]],[[[120.54507,14.57368],[120.54507,14.57386],[120.54517,14.5735],[120.54507,14.57368]]],[[[120.54623,14.51099],[120.54678,14.51091],[120.54623,14.5109],[120.54623,14.51099]]],[[[120.54557,14.51216],[120.54564,14.51406],[120.54566,14.51216],[120.54557,14.51216]]],[[[120.54664,14.51596],[120.54682,14.51606],[120.54682,14.51596],[120.54664,14.51596]]],[[[120.54691,14.51615],[120.54719,14.51606],[120.54691,14.51606],[120.54691,14.51615]]],[[[120.54761,14.52013],[120.5478,14.52013],[120.5478,14.52004],[120.54752,14.51995],[120.54761,14.52013]]],[[[120.54826,14.52023],[120.54844,14.52032],[120.54844,14.52023],[120.54826,14.52023]]],[[[120.54761,14.52049],[120.54742,14.5204],[120.54742,14.52049],[120.54761,14.52049]]],[[[120.54566,14.52047],[120.54584,14.52056],[120.54584,14.52047],[120.54566,14.52047]]],[[[120.54667,14.52102],[120.5463,14.52093],[120.5463,14.52102],[120.54667,14.52102]]],[[[120.5477,14.52076],[120.54759,14.52157],[120.54656,14.52256],[120.54675,14.52256],[120.54787,14.5214],[120.54788,14.52058],[120.54733,14.52067],[120.5477,14.52076]]],[[[120.54745,14.52627],[120.54699,14.52636],[120.54745,14.52636],[120.54745,14.52627]]],[[[120.54615,14.52662],[120.54596,14.52653],[120.54596,14.52662],[120.54615,14.52662]]],[[[120.54624,14.52653],[120.54652,14.52662],[120.54652,14.52653],[120.54624,14.52653]]],[[[120.54689,14.52654],[120.54708,14.52663],[120.54708,14.52654],[120.54689,14.52654]]],[[[120.54745,14.52654],[120.54763,14.52663],[120.54763,14.52654],[120.54745,14.52654]]],[[[120.54642,14.52671],[120.54661,14.5268],[120.54661,14.52671],[120.54642,14.52671]]],[[[120.54659,14.52861],[120.54696,14.5287],[120.54659,14.52879],[120.54714,14.5288],[120.54733,14.52898],[120.54761,14.52889],[120.54724,14.52853],[120.54659,14.52861]]],[[[120.54659,14.5287],[120.54529,14.5286],[120.54483,14.52877],[120.5452,14.52878],[120.5451,14.52896],[120.54603,14.52897],[120.5464,14.52888],[120.54612,14.5287],[120.54659,14.5287]],[[120.54603,14.52888],[120.54585,14.52878],[120.54603,14.52879],[120.54603,14.52888]]],[[[120.54788,14.52908],[120.5477,14.52898],[120.5477,14.52907],[120.54788,14.52908]]],[[[120.54807,14.52917],[120.54835,14.52908],[120.54807,14.52908],[120.54807,14.52917]]],[[[120.5477,14.52925],[120.54797,14.52917],[120.5477,14.52916],[120.5477,14.52925]]],[[[120.54825,14.52926],[120.54844,14.52935],[120.54844,14.52926],[120.54825,14.52926]]],[[[120.54759,14.53052],[120.54824,14.53043],[120.54759,14.53043],[120.54759,14.53052]]],[[[120.54712,14.53078],[120.54796,14.53061],[120.54703,14.5306],[120.54712,14.53078]],[[120.54731,14.53061],[120.5474,14.5307],[120.54731,14.5307],[120.54731,14.53061]]],[[[120.54782,14.53459],[120.54754,14.53458],[120.54736,14.53449],[120.54745,14.53467],[120.54782,14.53459]]],[[[120.54736,14.53467],[120.54717,14.53467],[120.54699,14.53458],[120.54708,14.53476],[120.54736,14.53467]]],[[[120.5468,14.53467],[120.5468,14.53485],[120.54708,14.53485],[120.54708,14.53476],[120.5468,14.53467]]],[[[120.54671,14.53494],[120.54643,14.53475],[120.54643,14.53493],[120.54671,14.53494]]],[[[120.54615,14.53484],[120.54615,14.53502],[120.54643,14.53502],[120.54643,14.53493],[120.54615,14.53484]]],[[[120.54676,14.53819],[120.54695,14.53828],[120.54695,14.53819],[120.54676,14.53819]]],[[[120.54833,14.5392],[120.54741,14.53847],[120.54704,14.53837],[120.54851,14.53947],[120.54953,14.53948],[120.54953,14.5393],[120.54833,14.5392]]],[[[120.5472,14.54072],[120.54738,14.54081],[120.54738,14.54072],[120.5472,14.54072]]],[[[120.54571,14.5408],[120.54553,14.54089],[120.54571,14.54089],[120.54571,14.5408]]],[[[120.54682,14.54108],[120.54664,14.54099],[120.54664,14.54108],[120.54682,14.54108]]],[[[120.54689,14.54361],[120.54707,14.5437],[120.54707,14.54361],[120.54689,14.54361]]],[[[120.54602,14.54685],[120.54583,14.54676],[120.54583,14.54685],[120.54602,14.54685]]],[[[120.54565,14.54685],[120.54583,14.54694],[120.54583,14.54685],[120.54565,14.54685]]],[[[120.54675,14.54749],[120.54657,14.5474],[120.54657,14.54749],[120.54675,14.54749]]],[[[120.54721,14.54759],[120.54684,14.54749],[120.54684,14.54759],[120.54721,14.54759]]],[[[120.54666,14.54758],[120.54684,14.54768],[120.54684,14.54759],[120.54666,14.54758]]],[[[120.54721,14.54768],[120.54758,14.54777],[120.54758,14.54768],[120.54721,14.54768]]],[[[120.54804,14.54805],[120.54814,14.54823],[120.54814,14.54805],[120.54804,14.54805]]],[[[120.54532,14.55127],[120.5469,14.55111],[120.5456,14.5511],[120.54532,14.55127]]],[[[120.54727,14.5512],[120.54578,14.55137],[120.54708,14.55138],[120.54727,14.5512]]],[[[120.54745,14.55139],[120.54727,14.55129],[120.54727,14.55138],[120.54745,14.55139]]],[[[120.54727,14.55138],[120.54708,14.55147],[120.54726,14.55147],[120.54727,14.55138]]],[[[120.54769,14.55455],[120.54779,14.55473],[120.54779,14.55455],[120.54769,14.55455]]],[[[120.54797,14.55519],[120.54741,14.55509],[120.54741,14.55518],[120.54797,14.55519]]],[[[120.54685,14.55508],[120.54481,14.55506],[120.54444,14.55524],[120.54685,14.55526],[120.54694,14.55545],[120.54722,14.55527],[120.54685,14.55508]]],[[[120.5475,14.55536],[120.54778,14.55527],[120.5475,14.55527],[120.5475,14.55536]]],[[[120.54676,14.55553],[120.54694,14.55563],[120.54694,14.55554],[120.54676,14.55553]]],[[[120.54675,14.55571],[120.54694,14.55581],[120.54694,14.55572],[120.54675,14.55571]]],[[[120.547,14.55825],[120.55109,14.55802],[120.55174,14.55775],[120.55146,14.55748],[120.551,14.55748],[120.55119,14.55757],[120.55118,14.55775],[120.54868,14.55808],[120.54608,14.55806],[120.54525,14.55787],[120.54589,14.55815],[120.547,14.55825]]],[[[120.54551,14.55932],[120.54579,14.55923],[120.54551,14.55923],[120.54551,14.55932]]],[[[120.54616,14.55941],[120.54579,14.55941],[120.54616,14.5595],[120.54616,14.55941]]],[[[120.54615,14.55959],[120.54634,14.55951],[120.54616,14.5595],[120.54615,14.55959]]],[[[120.54662,14.55969],[120.54653,14.5596],[120.54634,14.5596],[120.54643,14.55978],[120.54662,14.55969]]],[[[120.54662,14.55987],[120.54736,14.55988],[120.54662,14.55978],[120.54662,14.55987]]],[[[120.54754,14.55997],[120.54736,14.56006],[120.54754,14.56006],[120.54754,14.55997]]],[[[120.54782,14.56015],[120.54754,14.56015],[120.54782,14.56033],[120.54782,14.56015]]],[[[120.54781,14.56051],[120.548,14.56043],[120.54782,14.56033],[120.54781,14.56051]]],[[[120.548,14.56079],[120.54809,14.56061],[120.548,14.56061],[120.548,14.56079]]],[[[120.54845,14.56188],[120.54826,14.56169],[120.54818,14.56106],[120.54808,14.56169],[120.54835,14.56224],[120.54834,14.56323],[120.54853,14.56323],[120.54845,14.56188]]],[[[120.54668,14.5624],[120.54676,14.5633],[120.54686,14.5633],[120.54686,14.56258],[120.54668,14.5624]]],[[[120.54834,14.56368],[120.54852,14.56359],[120.54834,14.56359],[120.54834,14.56368]]],[[[120.55196,14.57104],[120.54882,14.57046],[120.54668,14.57044],[120.54558,14.56925],[120.54438,14.56915],[120.54364,14.56869],[120.54281,14.56868],[120.54235,14.56832],[120.54115,14.56785],[120.54106,14.56749],[120.54069,14.56722],[120.54114,14.56803],[120.54235,14.5685],[120.54281,14.56886],[120.54373,14.56896],[120.54428,14.56933],[120.5454,14.56943],[120.54668,14.57071],[120.54891,14.57073],[120.55011,14.57093],[120.55057,14.5712],[120.55196,14.57131],[120.55178,14.57122],[120.55196,14.57104]]],[[[120.54882,14.51129],[120.54827,14.51119],[120.54826,14.51128],[120.54882,14.51129]]],[[[120.54965,14.51139],[120.54947,14.51129],[120.54947,14.51138],[120.54965,14.51139]]],[[[120.54881,14.51246],[120.54872,14.51219],[120.54872,14.51246],[120.54881,14.51246]]],[[[120.54854,14.51987],[120.54891,14.51996],[120.54891,14.51987],[120.54854,14.51987]]],[[[120.54854,14.52023],[120.54882,14.52014],[120.54854,14.52014],[120.54854,14.52023]]],[[[120.54965,14.52033],[120.54983,14.52042],[120.54983,14.52033],[120.54965,14.52033]]],[[[120.54965,14.5206],[120.54983,14.52069],[120.54983,14.5206],[120.54965,14.5206]]],[[[120.5497,14.52385],[120.55027,14.52251],[120.55093,14.52179],[120.55113,14.52071],[120.55094,14.52071],[120.55084,14.52152],[120.55056,14.52206],[120.55028,14.52223],[120.54999,14.52286],[120.54952,14.52331],[120.54971,14.52349],[120.5497,14.52385]]],[[[120.54924,14.52349],[120.54943,14.52358],[120.54952,14.5234],[120.54924,14.52349]]],[[[120.54956,14.52846],[120.54919,14.52828],[120.54919,14.52846],[120.54881,14.52881],[120.54956,14.52846]]],[[[120.54844,14.52917],[120.54862,14.52926],[120.54862,14.52917],[120.54844,14.52917]]],[[[120.55057,14.52974],[120.55149,14.52984],[120.55187,14.52948],[120.55159,14.5293],[120.55057,14.52974]]],[[[120.55056,14.52983],[120.55075,14.52992],[120.55075,14.52983],[120.55056,14.52983]]],[[[120.55038,14.52991],[120.55056,14.53001],[120.55056,14.52992],[120.55038,14.52991]]],[[[120.55019,14.53],[120.55038,14.5301],[120.55038,14.53001],[120.55019,14.53]]],[[[120.54945,14.53027],[120.54898,14.53035],[120.54945,14.53036],[120.54945,14.53027]]],[[[120.54972,14.53027],[120.54991,14.53036],[120.54991,14.53027],[120.54972,14.53027]]],[[[120.54972,14.53045],[120.54945,14.53036],[120.54944,14.53045],[120.54972,14.53045]]],[[[120.54852,14.53044],[120.54879,14.53053],[120.54926,14.53054],[120.54889,14.53035],[120.54852,14.53044]]],[[[120.54879,14.53062],[120.54824,14.53052],[120.54824,14.53062],[120.54879,14.53062]]],[[[120.55091,14.53182],[120.5511,14.53191],[120.5511,14.53182],[120.55091,14.53182]]],[[[120.55082,14.532],[120.55054,14.5319],[120.55054,14.53199],[120.55082,14.532]]],[[[120.54949,14.53451],[120.54782,14.53441],[120.54782,14.5345],[120.54949,14.53451]]],[[[120.54977,14.53452],[120.54958,14.5346],[120.54977,14.53461],[120.54977,14.53452]]],[[[120.54958,14.53469],[120.54931,14.5346],[120.5493,14.53469],[120.54958,14.53469]]],[[[120.54977,14.53461],[120.54995,14.5347],[120.54995,14.53461],[120.54977,14.53461]]],[[[120.55004,14.53497],[120.55171,14.53481],[120.54995,14.5347],[120.55004,14.53497]]],[[[120.54948,14.53569],[120.54966,14.53578],[120.55041,14.53497],[120.55014,14.53497],[120.54995,14.53533],[120.54948,14.53569]]],[[[120.55018,14.53931],[120.55,14.53922],[120.55,14.53931],[120.55018,14.53931]]],[[[120.55101,14.54013],[120.5511,14.53995],[120.55101,14.53995],[120.55101,14.54013]]],[[[120.54943,14.54011],[120.54915,14.5402],[120.54943,14.5402],[120.54943,14.54011]]],[[[120.55147,14.54032],[120.55119,14.5404],[120.55147,14.54041],[120.55147,14.54032]]],[[[120.55119,14.54058],[120.55137,14.54068],[120.55137,14.54059],[120.55119,14.54058]]],[[[120.55511,14.54641],[120.55383,14.54531],[120.55374,14.54495],[120.55328,14.5444],[120.55162,14.54357],[120.55032,14.54329],[120.5494,14.54328],[120.54874,14.54363],[120.54716,14.5437],[120.54837,14.54381],[120.54921,14.54363],[120.54939,14.54346],[120.55032,14.54347],[120.5518,14.54384],[120.55309,14.54449],[120.55355,14.54494],[120.55382,14.54558],[120.55447,14.54613],[120.55446,14.54631],[120.55279,14.54692],[120.55279,14.54711],[120.55334,14.54702],[120.55344,14.54684],[120.55437,14.54649],[120.55511,14.54641]]],[[[120.55159,14.54646],[120.55121,14.54655],[120.55159,14.54655],[120.55159,14.54646]]],[[[120.55119,14.54917],[120.55174,14.54908],[120.55119,14.54908],[120.55119,14.54917]]],[[[120.55137,14.54935],[120.55118,14.54926],[120.55118,14.54935],[120.55137,14.54935]]],[[[120.55146,14.54935],[120.55174,14.54926],[120.55146,14.54926],[120.55146,14.54935]]],[[[120.55035,14.54961],[120.55016,14.54952],[120.55016,14.54961],[120.55035,14.54961]]],[[[120.55062,14.5497],[120.55044,14.54961],[120.55044,14.5497],[120.55062,14.5497]]],[[[120.54997,14.54979],[120.54951,14.54987],[120.54997,14.54988],[120.54997,14.54979]]],[[[120.54894,14.55077],[120.54913,14.55086],[120.54913,14.55077],[120.54894,14.55077]]],[[[120.54959,14.55096],[120.5494,14.55104],[120.54959,14.55105],[120.54959,14.55096]]],[[[120.54959,14.55105],[120.54977,14.55114],[120.54977,14.55105],[120.54959,14.55105]]],[[[120.54977,14.55114],[120.54996,14.55123],[120.54996,14.55114],[120.54977,14.55114]]],[[[120.54996,14.55132],[120.55014,14.55123],[120.54996,14.55123],[120.54996,14.55132]]],[[[120.55042,14.55133],[120.55014,14.55141],[120.55042,14.55142],[120.55042,14.55133]]],[[[120.54883,14.55285],[120.54873,14.55303],[120.54882,14.55303],[120.54883,14.55285]]],[[[120.54864,14.55302],[120.54873,14.55321],[120.54873,14.55303],[120.54864,14.55302]]],[[[120.54882,14.55303],[120.54891,14.55321],[120.54892,14.55303],[120.54882,14.55303]]],[[[120.54873,14.55339],[120.54882,14.55321],[120.54873,14.55321],[120.54873,14.55339]]],[[[120.54901,14.55339],[120.54891,14.55321],[120.54891,14.55339],[120.54901,14.55339]]],[[[120.54882,14.55339],[120.54891,14.55357],[120.54891,14.55339],[120.54882,14.55339]]],[[[120.549,14.55357],[120.54946,14.55385],[120.54901,14.55339],[120.549,14.55357]]],[[[120.54983,14.55412],[120.54965,14.55412],[120.55002,14.55421],[120.54983,14.55412]]],[[[120.55002,14.55421],[120.55039,14.55431],[120.55039,14.55422],[120.55002,14.55421]]],[[[120.55011,14.55449],[120.55039,14.5544],[120.55011,14.55439],[120.55011,14.55449]]],[[[120.55066,14.55449],[120.55048,14.55458],[120.55113,14.55459],[120.55085,14.55431],[120.55039,14.55431],[120.55066,14.55449]]],[[[120.55075,14.55458],[120.55094,14.55467],[120.55094,14.55458],[120.55075,14.55458]]],[[[120.55131,14.55459],[120.55112,14.55468],[120.55131,14.55468],[120.55131,14.55459]]],[[[120.55094,14.55467],[120.55112,14.55477],[120.55112,14.55468],[120.55094,14.55467]]],[[[120.55149,14.55477],[120.55131,14.55468],[120.55131,14.55477],[120.55149,14.55477]]],[[[120.55149,14.55477],[120.55168,14.55486],[120.55168,14.55477],[120.55149,14.55477]]],[[[120.54861,14.55564],[120.54889,14.55574],[120.54889,14.55565],[120.54861,14.55564]]],[[[120.55091,14.55729],[120.55119,14.55721],[120.55091,14.5572],[120.55091,14.55729]]],[[[120.55128,14.55739],[120.55156,14.5573],[120.55128,14.5573],[120.55128,14.55739]]],[[[120.55091,14.55738],[120.55072,14.55747],[120.55091,14.55748],[120.55091,14.55738]]],[[[120.55036,14.56515],[120.55064,14.56506],[120.55036,14.56506],[120.55036,14.56515]]],[[[120.55138,14.56516],[120.55166,14.56507],[120.55138,14.56507],[120.55138,14.56516]]],[[[120.54841,14.57362],[120.54869,14.57353],[120.54841,14.57353],[120.54841,14.57362]]],[[[120.54897,14.57363],[120.54869,14.57371],[120.54897,14.57372],[120.54897,14.57363]]],[[[120.54897,14.57381],[120.54924,14.57372],[120.54897,14.57372],[120.54897,14.57381]]],[[[120.5498,14.57409],[120.55108,14.57546],[120.55136,14.57562],[120.55182,14.57568],[120.55136,14.57546],[120.55099,14.575],[120.55081,14.575],[120.55008,14.57409],[120.54924,14.57381],[120.5498,14.57409]]],[[[120.55436,14.51388],[120.55408,14.51378],[120.55408,14.51387],[120.55436,14.51388]]],[[[120.55351,14.51468],[120.55305,14.51477],[120.55351,14.51477],[120.55351,14.51468]]],[[[120.55296,14.51476],[120.55258,14.51485],[120.55295,14.51485],[120.55296,14.51476]]],[[[120.55183,14.51593],[120.55146,14.51583],[120.55146,14.51592],[120.55183,14.51593]]],[[[120.55192,14.51602],[120.5522,14.51593],[120.55192,14.51593],[120.55192,14.51602]]],[[[120.55276,14.51612],[120.55229,14.51602],[120.55229,14.51611],[120.55257,14.51621],[120.55276,14.51612]]],[[[120.55257,14.51621],[120.55275,14.5163],[120.55275,14.51621],[120.55257,14.51621]]],[[[120.55581,14.51687],[120.55424,14.51613],[120.55276,14.51612],[120.55433,14.51631],[120.5559,14.51705],[120.5571,14.51698],[120.5572,14.5168],[120.55581,14.51687]]],[[[120.5616,14.52145],[120.56123,14.52117],[120.56031,14.52098],[120.55957,14.52043],[120.55883,14.52016],[120.55616,14.51814],[120.55542,14.51804],[120.55515,14.51786],[120.55422,14.51785],[120.55403,14.51803],[120.55246,14.51801],[120.55218,14.51792],[120.55135,14.51701],[120.55089,14.51673],[120.54932,14.51671],[120.5484,14.51607],[120.54728,14.51615],[120.54849,14.51625],[120.54941,14.5169],[120.55061,14.51682],[120.55154,14.51737],[120.55199,14.51801],[120.55245,14.51819],[120.55412,14.51821],[120.55431,14.51803],[120.55505,14.51804],[120.55607,14.51832],[120.55745,14.51942],[120.55809,14.5197],[120.55874,14.52034],[120.55966,14.52071],[120.55975,14.52089],[120.56049,14.52126],[120.56132,14.52145],[120.56169,14.5219],[120.56215,14.522],[120.56224,14.52218],[120.56243,14.52209],[120.56224,14.52182],[120.5616,14.52163],[120.5616,14.52145]]],[[[120.55391,14.52047],[120.55345,14.52037],[120.55345,14.52046],[120.55391,14.52047]]],[[[120.55187,14.52044],[120.55206,14.52054],[120.55206,14.52045],[120.55187,14.52044]]],[[[120.55419,14.52047],[120.55438,14.52056],[120.55438,14.52047],[120.55419,14.52047]]],[[[120.55233,14.52063],[120.55215,14.52054],[120.55215,14.52063],[120.55233,14.52063]]],[[[120.55271,14.52063],[120.55252,14.52054],[120.55252,14.52063],[120.55271,14.52063]]],[[[120.55456,14.52065],[120.55475,14.52056],[120.55456,14.52056],[120.55456,14.52065]]],[[[120.55428,14.52074],[120.55409,14.52083],[120.55428,14.52083],[120.55428,14.52074]]],[[[120.55502,14.52075],[120.55521,14.52084],[120.55521,14.52075],[120.55502,14.52075]]],[[[120.55261,14.5209],[120.55289,14.52082],[120.55261,14.52081],[120.55261,14.5209]]],[[[120.55456,14.52083],[120.55437,14.52092],[120.55456,14.52092],[120.55456,14.52083]]],[[[120.55456,14.52092],[120.55474,14.52102],[120.55474,14.52093],[120.55456,14.52092]]],[[[120.55548,14.52093],[120.55567,14.52103],[120.55567,14.52094],[120.55548,14.52093]]],[[[120.55474,14.52102],[120.55493,14.52111],[120.55493,14.52102],[120.55474,14.52102]]],[[[120.55511,14.5212],[120.55493,14.52111],[120.55493,14.5212],[120.55511,14.5212]]],[[[120.55473,14.53014],[120.55492,14.53023],[120.55492,14.53014],[120.55473,14.53014]]],[[[120.55445,14.5305],[120.55482,14.53059],[120.55482,14.5305],[120.55445,14.5305]]],[[[120.55193,14.53237],[120.55323,14.53157],[120.55472,14.53159],[120.55472,14.53141],[120.55314,14.53139],[120.55202,14.53219],[120.55156,14.53219],[120.55138,14.53191],[120.55119,14.532],[120.55146,14.53228],[120.55193,14.53237]]],[[[120.55255,14.535],[120.55181,14.53481],[120.55199,14.53499],[120.55134,14.53507],[120.55255,14.53518],[120.55208,14.53508],[120.55255,14.535]]],[[[120.55273,14.535],[120.55301,14.53509],[120.55301,14.535],[120.55273,14.535]]],[[[120.55329,14.53519],[120.55357,14.5351],[120.55329,14.53509],[120.55329,14.53519]]],[[[120.55292,14.53518],[120.5531,14.53527],[120.5531,14.53518],[120.55292,14.53518]]],[[[120.55384,14.53528],[120.55412,14.53519],[120.55384,14.53519],[120.55384,14.53528]]],[[[120.55338,14.53537],[120.55366,14.53528],[120.55338,14.53528],[120.55338,14.53537]]],[[[120.55421,14.53529],[120.5544,14.53538],[120.5544,14.53529],[120.55421,14.53529]]],[[[120.55412,14.53546],[120.55384,14.53537],[120.55384,14.53546],[120.55412,14.53546]]],[[[120.55449,14.53538],[120.55468,14.53547],[120.55468,14.53538],[120.55449,14.53538]]],[[[120.55421,14.53547],[120.5544,14.53556],[120.5544,14.53547],[120.55421,14.53547]]],[[[120.55477,14.53547],[120.55495,14.53556],[120.55495,14.53547],[120.55477,14.53547]]],[[[120.55449,14.53565],[120.55467,14.53556],[120.55449,14.53556],[120.55449,14.53565]]],[[[120.55495,14.53565],[120.55477,14.53574],[120.55495,14.53574],[120.55495,14.53565]]],[[[120.55326,14.53735],[120.55363,14.53745],[120.55363,14.53736],[120.55326,14.53735]]],[[[120.55391,14.53745],[120.5541,14.53754],[120.5541,14.53745],[120.55391,14.53745]]],[[[120.5541,14.53763],[120.55428,14.53754],[120.5541,14.53754],[120.5541,14.53763]]],[[[120.55212,14.54005],[120.55231,14.54014],[120.55231,14.54005],[120.55212,14.54005]]],[[[120.55304,14.54042],[120.55267,14.54033],[120.55267,14.54042],[120.55304,14.54042]]],[[[120.55403,14.54341],[120.55357,14.5435],[120.55403,14.5435],[120.55403,14.54341]]],[[[120.5552,14.5465],[120.55548,14.54641],[120.5552,14.54641],[120.5552,14.5465]]],[[[120.55511,14.5465],[120.55483,14.54658],[120.55511,14.54659],[120.55511,14.5465]]],[[[120.55258,14.54918],[120.55276,14.54909],[120.55258,14.54909],[120.55258,14.54918]]],[[[120.55193,14.54926],[120.55239,14.54918],[120.55193,14.54917],[120.55193,14.54926]]],[[[120.55304,14.54919],[120.55322,14.54928],[120.55323,14.54919],[120.55304,14.54919]]],[[[120.55258,14.54927],[120.55276,14.54936],[120.55276,14.54927],[120.55258,14.54927]]],[[[120.55248,14.54936],[120.55202,14.54945],[120.55248,14.54945],[120.55248,14.54936]]],[[[120.55419,14.55462],[120.55437,14.55462],[120.55437,14.55453],[120.55419,14.55453],[120.55419,14.55462]]],[[[120.55391,14.55471],[120.55419,14.55462],[120.55391,14.55462],[120.55391,14.55471]]],[[[120.55372,14.5547],[120.55391,14.5548],[120.55391,14.55471],[120.55372,14.5547]]],[[[120.55354,14.55479],[120.55372,14.55488],[120.55372,14.55479],[120.55354,14.55479]]],[[[120.554,14.5548],[120.55418,14.55489],[120.55418,14.5548],[120.554,14.5548]]],[[[120.55168,14.55495],[120.55186,14.55487],[120.55168,14.55486],[120.55168,14.55495]]],[[[120.55251,14.55487],[120.55353,14.55497],[120.55353,14.55488],[120.55251,14.55487]]],[[[120.55196,14.55496],[120.55223,14.55505],[120.55223,14.55496],[120.55196,14.55496]]],[[[120.55372,14.55507],[120.55353,14.55497],[120.55353,14.55506],[120.55372,14.55507]]],[[[120.55168,14.55504],[120.55186,14.55514],[120.55186,14.55505],[120.55168,14.55504]]],[[[120.55251,14.55505],[120.55353,14.55515],[120.55353,14.55506],[120.55251,14.55505]]],[[[120.55156,14.55748],[120.55174,14.55739],[120.55156,14.55739],[120.55156,14.55748]]],[[[120.55211,14.55758],[120.55174,14.55748],[120.55174,14.55757],[120.55211,14.55758]]],[[[120.55239,14.55758],[120.55267,14.55767],[120.55267,14.55758],[120.55239,14.55758]]],[[[120.55369,14.55768],[120.5535,14.55777],[120.55369,14.55778],[120.55369,14.55768]]],[[[120.5522,14.55785],[120.55183,14.55776],[120.55183,14.55785],[120.5522,14.55785]]],[[[120.55331,14.55795],[120.55276,14.55786],[120.55276,14.55795],[120.55331,14.55795]]],[[[120.55359,14.55795],[120.55378,14.55805],[120.55378,14.55796],[120.55359,14.55795]]],[[[120.55452,14.55824],[120.5547,14.55833],[120.5547,14.55824],[120.55452,14.55824]]],[[[120.55498,14.55842],[120.55526,14.55833],[120.55498,14.55833],[120.55498,14.55842]]],[[[120.55433,14.55841],[120.55451,14.55851],[120.55452,14.55842],[120.55433,14.55841]]],[[[120.55479,14.55851],[120.55498,14.5586],[120.55498,14.55851],[120.55479,14.55851]]],[[[120.55246,14.5602],[120.55292,14.56012],[120.55246,14.56011],[120.55246,14.5602]]],[[[120.55185,14.56453],[120.55186,14.56399],[120.55176,14.56399],[120.55185,14.56453]]],[[[120.55203,14.56471],[120.55222,14.56463],[120.55204,14.56462],[120.55203,14.56471]]],[[[120.55166,14.56516],[120.55184,14.56525],[120.55184,14.56516],[120.55166,14.56516]]],[[[120.55203,14.56526],[120.55184,14.56534],[120.55203,14.56535],[120.55203,14.56526]]],[[[120.55295,14.56545],[120.55314,14.56536],[120.55295,14.56536],[120.55295,14.56545]]],[[[120.55314,14.56545],[120.55332,14.56554],[120.55332,14.56545],[120.55314,14.56545]]],[[[120.55351,14.56563],[120.55332,14.56554],[120.55332,14.56563],[120.55351,14.56563]]],[[[120.55379,14.56573],[120.55397,14.56582],[120.55397,14.56573],[120.55379,14.56573]]],[[[120.55387,14.56636],[120.55415,14.56663],[120.55405,14.56681],[120.55433,14.56691],[120.55433,14.56655],[120.55387,14.56636]]],[[[120.55451,14.567],[120.55433,14.56691],[120.55433,14.567],[120.55451,14.567]]],[[[120.55535,14.56701],[120.55563,14.5671],[120.55563,14.56701],[120.55535,14.56701]]],[[[120.55171,14.56905],[120.55199,14.56905],[120.55208,14.56887],[120.55171,14.56878],[120.55171,14.56905]]],[[[120.55465,14.57107],[120.55493,14.57116],[120.55493,14.57107],[120.55465,14.57107]]],[[[120.55363,14.57096],[120.55206,14.57095],[120.55206,14.57104],[120.55308,14.57105],[120.5527,14.57123],[120.55372,14.57133],[120.55354,14.57123],[120.55373,14.57115],[120.55363,14.57096]]],[[[120.55224,14.57113],[120.55196,14.57122],[120.55224,14.57122],[120.55224,14.57113]]],[[[120.55373,14.57115],[120.55465,14.57125],[120.55465,14.57116],[120.55373,14.57115]]],[[[120.55484,14.57125],[120.55502,14.57134],[120.55502,14.57125],[120.55484,14.57125]]],[[[120.55382,14.57133],[120.55474,14.57143],[120.55474,14.57134],[120.55382,14.57133]]],[[[120.55342,14.57349],[120.55324,14.57358],[120.55342,14.57358],[120.55342,14.57349]]],[[[120.55342,14.57358],[120.55397,14.57404],[120.55416,14.57404],[120.55379,14.57368],[120.55342,14.57358]]],[[[120.55986,14.51908],[120.55922,14.51844],[120.55904,14.51808],[120.55803,14.51753],[120.55665,14.5158],[120.55564,14.51533],[120.55537,14.51488],[120.55426,14.5146],[120.55351,14.51459],[120.55351,14.51468],[120.55509,14.51488],[120.55554,14.51542],[120.55656,14.51589],[120.55811,14.51789],[120.55876,14.51817],[120.55913,14.51853],[120.55913,14.51871],[120.55995,14.51944],[120.56023,14.51945],[120.56005,14.51936],[120.56023,14.51918],[120.55986,14.51908]]],[[[120.55595,14.52103],[120.55576,14.52112],[120.55595,14.52112],[120.55595,14.52103]]],[[[120.55622,14.5213],[120.55641,14.52121],[120.55622,14.52121],[120.55622,14.5213]]],[[[120.55668,14.5214],[120.55687,14.52149],[120.55687,14.5214],[120.55668,14.5214]]],[[[120.55585,14.52148],[120.55603,14.52157],[120.55603,14.52148],[120.55585,14.52148]]],[[[120.55696,14.52149],[120.55715,14.52158],[120.55715,14.52149],[120.55696,14.52149]]],[[[120.55622,14.52166],[120.55603,14.52157],[120.55603,14.52166],[120.55622,14.52166]]],[[[120.55677,14.52176],[120.55622,14.52166],[120.55631,14.52185],[120.55751,14.5224],[120.55742,14.52213],[120.55686,14.52194],[120.55677,14.52176]]],[[[120.55751,14.52258],[120.5576,14.5224],[120.55751,14.5224],[120.55751,14.52258]]],[[[120.55788,14.52268],[120.55797,14.5225],[120.55788,14.52249],[120.55788,14.52268]]],[[[120.55797,14.52277],[120.55806,14.52295],[120.55806,14.52277],[120.55797,14.52277]]],[[[120.5576,14.52276],[120.55769,14.52303],[120.55769,14.52276],[120.5576,14.52276]]],[[[120.55806,14.52295],[120.55815,14.52313],[120.55815,14.52295],[120.55806,14.52295]]],[[[120.55768,14.52331],[120.55778,14.52304],[120.55769,14.52303],[120.55768,14.52331]]],[[[120.55778,14.52331],[120.55777,14.52376],[120.55796,14.52385],[120.55796,14.52349],[120.55778,14.52331]]],[[[120.55833,14.52376],[120.55897,14.52422],[120.55897,14.52404],[120.55824,14.52322],[120.55833,14.52376]]],[[[120.55869,14.5244],[120.55814,14.52412],[120.55832,14.52449],[120.55674,14.52465],[120.55618,14.52492],[120.55562,14.52545],[120.55488,14.52572],[120.55478,14.5259],[120.55562,14.52563],[120.55609,14.52519],[120.55711,14.52475],[120.55813,14.52485],[120.55832,14.52467],[120.55869,14.52467],[120.55859,14.52485],[120.55906,14.52504],[120.55878,14.52476],[120.55869,14.5244]]],[[[120.55858,14.52621],[120.55877,14.52612],[120.55877,14.52594],[120.55858,14.52603],[120.55858,14.52621]]],[[[120.55811,14.52647],[120.5583,14.52656],[120.5583,14.52647],[120.55811,14.52647]]],[[[120.55574,14.53133],[120.55593,14.53142],[120.55593,14.53133],[120.55574,14.53133]]],[[[120.55574,14.53169],[120.55602,14.5316],[120.55574,14.5316],[120.55574,14.53169]]],[[[120.5562,14.53178],[120.55602,14.53169],[120.55601,14.53178],[120.5562,14.53178]]],[[[120.55795,14.53316],[120.55748,14.53306],[120.55748,14.53315],[120.55795,14.53316]]],[[[120.55729,14.53342],[120.55748,14.53351],[120.55748,14.53342],[120.55729,14.53342]]],[[[120.55785,14.53352],[120.55804,14.53343],[120.55785,14.53343],[120.55785,14.53352]]],[[[120.55831,14.53352],[120.5584,14.53388],[120.55841,14.53352],[120.55831,14.53352]]],[[[120.55812,14.53388],[120.55803,14.53361],[120.55803,14.53388],[120.55812,14.53388]]],[[[120.55821,14.53424],[120.5583,14.53442],[120.55831,14.53424],[120.55821,14.53424]]],[[[120.55858,14.53461],[120.5584,14.53452],[120.55839,14.53461],[120.55858,14.53461]]],[[[120.55895,14.53506],[120.55848,14.53497],[120.5583,14.53488],[120.55848,14.53524],[120.55867,14.53506],[120.55895,14.53506]]],[[[120.55866,14.53542],[120.55857,14.53524],[120.55857,14.53542],[120.55866,14.53542]]],[[[120.55606,14.53621],[120.55624,14.5363],[120.55624,14.53621],[120.55606,14.53621]]],[[[120.55893,14.53615],[120.55903,14.5357],[120.55866,14.53551],[120.55856,14.53614],[120.55736,14.53631],[120.55763,14.5365],[120.55652,14.53666],[120.558,14.53677],[120.55837,14.53659],[120.55828,14.53686],[120.558,14.53695],[120.55911,14.53705],[120.55986,14.53661],[120.55921,14.53615],[120.55893,14.53615]],[[120.55782,14.53632],[120.55791,14.53641],[120.55782,14.53641],[120.55782,14.53632]]],[[[120.55578,14.5363],[120.55596,14.53639],[120.55596,14.5363],[120.55578,14.5363]]],[[[120.55615,14.53648],[120.55596,14.53639],[120.55596,14.53648],[120.55615,14.53648]]],[[[120.55652,14.53648],[120.55726,14.5364],[120.55652,14.53639],[120.55652,14.53648]]],[[[120.55643,14.53648],[120.55624,14.53657],[120.55643,14.53657],[120.55643,14.53648]]],[[[120.55781,14.53695],[120.558,14.53704],[120.558,14.53695],[120.55781,14.53695]]],[[[120.55827,14.53768],[120.55808,14.53749],[120.55864,14.53723],[120.55865,14.53705],[120.55828,14.53704],[120.55781,14.53749],[120.55725,14.53767],[120.5579,14.53776],[120.55827,14.53768]]],[[[120.55706,14.53784],[120.55688,14.53775],[120.55688,14.53784],[120.55706,14.53784]]],[[[120.55762,14.53803],[120.55771,14.53794],[120.55771,14.53776],[120.55752,14.53785],[120.55762,14.53803]]],[[[120.55743,14.53803],[120.55752,14.53821],[120.55752,14.53803],[120.55743,14.53803]]],[[[120.55627,14.54226],[120.55581,14.54235],[120.55627,14.54235],[120.55627,14.54226]]],[[[120.5578,14.54625],[120.55771,14.54607],[120.55706,14.54598],[120.55679,14.54525],[120.55588,14.54443],[120.55541,14.54433],[120.55486,14.5436],[120.55403,14.5435],[120.55486,14.54378],[120.55532,14.54442],[120.55587,14.54461],[120.55652,14.54516],[120.55679,14.54561],[120.55679,14.54597],[120.55651,14.54597],[120.55651,14.54606],[120.55669,14.54615],[120.5565,14.54624],[120.55706,14.54625],[120.55688,14.54606],[120.5578,14.54625]]],[[[120.55623,14.54615],[120.55651,14.54606],[120.55623,14.54606],[120.55623,14.54615]]],[[[120.55613,14.54615],[120.55595,14.54623],[120.55613,14.54624],[120.55613,14.54615]]],[[[120.55576,14.54623],[120.55595,14.54633],[120.55595,14.54623],[120.55576,14.54623]]],[[[120.55641,14.54624],[120.55613,14.54633],[120.55641,14.54633],[120.55641,14.54624]]],[[[120.55706,14.54634],[120.55743,14.54625],[120.55706,14.54625],[120.55706,14.54634]]],[[[120.5578,14.54625],[120.55799,14.54635],[120.55799,14.54626],[120.5578,14.54625]]],[[[120.55558,14.54632],[120.55576,14.54641],[120.55576,14.54632],[120.55558,14.54632]]],[[[120.55595,14.54633],[120.55613,14.54642],[120.55613,14.54633],[120.55595,14.54633]]],[[[120.55752,14.54634],[120.55771,14.54643],[120.55771,14.54634],[120.55752,14.54634]]],[[[120.55799,14.54635],[120.55808,14.54653],[120.55845,14.54653],[120.55799,14.54635]]],[[[120.55576,14.54641],[120.55595,14.54651],[120.55595,14.54642],[120.55576,14.54641]]],[[[120.55789,14.54644],[120.55771,14.54652],[120.55789,14.54653],[120.55789,14.54644]]],[[[120.55557,14.5465],[120.55576,14.54659],[120.55576,14.5465],[120.55557,14.5465]]],[[[120.55854,14.54662],[120.55882,14.54654],[120.55854,14.54653],[120.55854,14.54662]]],[[[120.55817,14.5468],[120.55789,14.54653],[120.55789,14.54689],[120.55817,14.5468]]],[[[120.55669,14.54669],[120.55706,14.54679],[120.55706,14.5467],[120.55669,14.54669]]],[[[120.55724,14.54679],[120.55705,14.54688],[120.55724,14.54688],[120.55724,14.54679]]],[[[120.55826,14.54689],[120.55863,14.5469],[120.55882,14.54699],[120.55872,14.54681],[120.55826,14.54689]]],[[[120.55742,14.54697],[120.55724,14.54688],[120.55724,14.54697],[120.55742,14.54697]]],[[[120.5577,14.54689],[120.55789,14.54698],[120.55789,14.54689],[120.5577,14.54689]]],[[[120.55798,14.54698],[120.55816,14.54707],[120.55817,14.54698],[120.55798,14.54698]]],[[[120.55779,14.54707],[120.55798,14.54716],[120.55798,14.54707],[120.55779,14.54707]]],[[[120.56033,14.55251],[120.55958,14.55305],[120.55902,14.55322],[120.558,14.55321],[120.55672,14.55221],[120.55616,14.55202],[120.55236,14.55216],[120.55097,14.55151],[120.55042,14.55142],[120.55153,14.55188],[120.55199,14.55225],[120.55245,14.55234],[120.55635,14.55229],[120.55736,14.55293],[120.55754,14.55321],[120.55773,14.55321],[120.55791,14.55348],[120.55902,14.55349],[120.55977,14.55323],[120.56005,14.55287],[120.56061,14.55279],[120.56089,14.55261],[120.56033,14.55251]],[[120.56061,14.5527],[120.56042,14.55261],[120.56061,14.55261],[120.56061,14.5527]],[[120.56014,14.55269],[120.56024,14.55278],[120.56014,14.55278],[120.56014,14.55269]]],[[[120.55716,14.55393],[120.55679,14.55383],[120.55679,14.55392],[120.55716,14.55393]]],[[[120.55474,14.55462],[120.55576,14.55482],[120.55714,14.55591],[120.55788,14.55592],[120.55751,14.55574],[120.55844,14.55566],[120.55733,14.55555],[120.55696,14.55537],[120.55641,14.555],[120.55595,14.55437],[120.55567,14.55427],[120.55475,14.55417],[120.55437,14.55444],[120.55456,14.55462],[120.55418,14.5548],[120.55474,14.55462]],[[120.55641,14.55527],[120.5565,14.55518],[120.5565,14.55527],[120.55641,14.55527]],[[120.55641,14.55518],[120.55631,14.55509],[120.55641,14.55509],[120.55641,14.55518]]],[[[120.55798,14.55574],[120.5589,14.55584],[120.5589,14.55575],[120.55798,14.55574]]],[[[120.55823,14.558],[120.55851,14.55792],[120.55823,14.55791],[120.55823,14.558]]],[[[120.55675,14.55808],[120.55637,14.55816],[120.55674,14.55817],[120.55675,14.55808]]],[[[120.55607,14.56069],[120.55941,14.56082],[120.55959,14.56073],[120.55959,14.56055],[120.55774,14.56044],[120.55672,14.56061],[120.55514,14.56059],[120.55422,14.56031],[120.55347,14.56039],[120.55514,14.56086],[120.55588,14.56087],[120.55607,14.56069]]],[[[120.55572,14.5671],[120.5559,14.56719],[120.5559,14.5671],[120.55572,14.5671]]],[[[120.5559,14.56719],[120.55609,14.56729],[120.55609,14.5672],[120.5559,14.56719]]],[[[120.55627,14.56729],[120.55609,14.56738],[120.55627,14.56738],[120.55627,14.56729]]],[[[120.55646,14.56747],[120.55627,14.56738],[120.55627,14.56747],[120.55646,14.56747]]],[[[120.55729,14.56775],[120.55682,14.56784],[120.55729,14.56784],[120.55729,14.56775]]],[[[120.55803,14.56785],[120.55831,14.56776],[120.55803,14.56776],[120.55803,14.56785]]],[[[120.55806,14.57381],[120.55824,14.5739],[120.55824,14.57381],[120.55806,14.57381]]],[[[120.55852,14.57382],[120.55824,14.57399],[120.55898,14.57391],[120.55898,14.57382],[120.55852,14.57382]]],[[[120.55894,14.50986],[120.55922,14.50977],[120.55895,14.50977],[120.55894,14.50986]]],[[[120.55931,14.51004],[120.55922,14.51022],[120.55931,14.51022],[120.55931,14.51004]]],[[[120.55893,14.5113],[120.55912,14.51094],[120.55922,14.51022],[120.55893,14.51085],[120.55893,14.5113]]],[[[120.55911,14.51185],[120.55902,14.51139],[120.55902,14.51185],[120.55911,14.51185]]],[[[120.5592,14.51185],[120.5591,14.51239],[120.55919,14.51239],[120.5592,14.51185]]],[[[120.56028,14.51466],[120.56047,14.51475],[120.56047,14.51466],[120.56028,14.51466]]],[[[120.56056,14.51475],[120.56074,14.51485],[120.56075,14.51475],[120.56056,14.51475]]],[[[120.56102,14.51485],[120.56074,14.51494],[120.56102,14.51494],[120.56102,14.51485]]],[[[120.56111,14.51494],[120.5613,14.51503],[120.5613,14.51494],[120.56111,14.51494]]],[[[120.56158,14.51503],[120.5613,14.51512],[120.56158,14.51512],[120.56158,14.51503]]],[[[120.56158,14.51522],[120.56185,14.51513],[120.56158,14.51512],[120.56158,14.51522]]],[[[120.55915,14.51645],[120.55933,14.51655],[120.55934,14.51646],[120.55915,14.51645]]],[[[120.55943,14.51673],[120.5597,14.51664],[120.55933,14.51655],[120.55943,14.51673]]],[[[120.56284,14.51821],[120.56137,14.5172],[120.56119,14.51693],[120.56035,14.51692],[120.5597,14.51673],[120.56016,14.51701],[120.561,14.51702],[120.56256,14.51812],[120.56256,14.5183],[120.56219,14.51829],[120.56163,14.51865],[120.56089,14.51873],[120.56079,14.51891],[120.56061,14.51891],[120.5607,14.51909],[120.56181,14.51883],[120.56219,14.51856],[120.56284,14.51857],[120.56284,14.51821]],[[120.56163,14.51865],[120.56172,14.51874],[120.56163,14.51874],[120.56163,14.51865]]],[[[120.56042,14.519],[120.56051,14.51918],[120.5607,14.51918],[120.56061,14.519],[120.56042,14.519]]],[[[120.56023,14.51909],[120.56033,14.51927],[120.56051,14.51927],[120.56042,14.51909],[120.56023,14.51909]]],[[[120.55897,14.5244],[120.55907,14.52422],[120.55897,14.52422],[120.55897,14.5244]]],[[[120.55943,14.52486],[120.55962,14.52477],[120.55943,14.52477],[120.55943,14.52486]]],[[[120.55971,14.52486],[120.55989,14.52495],[120.55989,14.52486],[120.55971,14.52486]]],[[[120.55924,14.52513],[120.55906,14.52504],[120.55906,14.52513],[120.55924,14.52513]]],[[[120.55943,14.52513],[120.55961,14.52522],[120.55961,14.52513],[120.55943,14.52513]]],[[[120.55896,14.52522],[120.55905,14.52549],[120.55905,14.52522],[120.55896,14.52522]]],[[[120.55886,14.52567],[120.55896,14.52549],[120.55887,14.52549],[120.55886,14.52567]]],[[[120.55886,14.52594],[120.55877,14.52567],[120.55877,14.52594],[120.55886,14.52594]]],[[[120.56099,14.52614],[120.56118,14.52623],[120.56118,14.52614],[120.56099,14.52614]]],[[[120.56155,14.52624],[120.56191,14.52651],[120.56219,14.52679],[120.56192,14.52633],[120.56155,14.52624]]],[[[120.56108,14.52695],[120.56182,14.52714],[120.56182,14.52696],[120.56145,14.52669],[120.56062,14.52641],[120.56108,14.52695]]],[[[120.5615,14.53075],[120.56122,14.53066],[120.56122,14.53075],[120.5615,14.53075]]],[[[120.55877,14.53461],[120.55914,14.5347],[120.55914,14.53461],[120.55877,14.53461]]],[[[120.56016,14.53471],[120.55978,14.5348],[120.56015,14.53481],[120.56016,14.53471]]],[[[120.5595,14.53507],[120.55932,14.53498],[120.55932,14.53507],[120.5595,14.53507]]],[[[120.56024,14.53517],[120.55987,14.53516],[120.56024,14.53526],[120.56024,14.53517]]],[[[120.56033,14.53535],[120.56042,14.53553],[120.56043,14.53535],[120.56033,14.53535]]],[[[120.56052,14.53571],[120.56042,14.53553],[120.56042,14.53571],[120.56052,14.53571]]],[[[120.56116,14.53572],[120.56098,14.53563],[120.56098,14.53572],[120.56116,14.53572]]],[[[120.56126,14.53581],[120.56144,14.53572],[120.56126,14.53572],[120.56126,14.53581]]],[[[120.56079,14.53617],[120.56153,14.53663],[120.56144,14.53626],[120.56199,14.53618],[120.56301,14.53655],[120.5631,14.53673],[120.5631,14.53646],[120.56264,14.53619],[120.56209,14.536],[120.56135,14.53608],[120.56107,14.5359],[120.5606,14.53607],[120.56052,14.53571],[120.56042,14.53625],[120.56079,14.53617]],[[120.56116,14.53626],[120.56107,14.53617],[120.56116,14.53617],[120.56116,14.53626]]],[[[120.56023,14.53625],[120.56042,14.53634],[120.56042,14.53625],[120.56023,14.53625]]],[[[120.56005,14.53634],[120.56023,14.53643],[120.56023,14.53634],[120.56005,14.53634]]],[[[120.55986,14.53643],[120.56004,14.53652],[120.56004,14.53643],[120.55986,14.53643]]],[[[120.56041,14.53661],[120.56069,14.53671],[120.56069,14.53662],[120.56041,14.53661]]],[[[120.5618,14.53672],[120.56162,14.53681],[120.5618,14.53681],[120.5618,14.53672]]],[[[120.56087,14.5368],[120.56106,14.53689],[120.56106,14.5368],[120.56087,14.5368]]],[[[120.56106,14.53698],[120.56115,14.53707],[120.56134,14.53708],[120.56124,14.53689],[120.56106,14.53698]]],[[[120.56152,14.53717],[120.56134,14.53708],[120.56133,14.53717],[120.56152,14.53717]]],[[[120.55957,14.53715],[120.55976,14.53724],[120.55976,14.53715],[120.55957,14.53715]]],[[[120.56152,14.53717],[120.5617,14.53726],[120.56171,14.53717],[120.56152,14.53717]]],[[[120.55957,14.53733],[120.55929,14.53724],[120.55929,14.53733],[120.55957,14.53733]]],[[[120.55911,14.53741],[120.55892,14.53732],[120.55892,14.53741],[120.55911,14.53741]]],[[[120.55992,14.53959],[120.56084,14.53969],[120.56084,14.5396],[120.55992,14.53959]]],[[[120.56025,14.54285],[120.55988,14.54257],[120.55859,14.5422],[120.55627,14.54217],[120.55627,14.54226],[120.55868,14.54238],[120.5596,14.54266],[120.56043,14.54312],[120.56136,14.54304],[120.56109,14.54286],[120.56025,14.54285]]],[[[120.56164,14.54313],[120.56127,14.54313],[120.56127,14.54322],[120.56164,14.54313]]],[[[120.56182,14.54341],[120.56201,14.54341],[120.5621,14.54323],[120.56155,14.54322],[120.56182,14.54322],[120.56182,14.54341]]],[[[120.56225,14.54648],[120.56169,14.54675],[120.56067,14.54674],[120.55985,14.546],[120.55966,14.546],[120.55975,14.54627],[120.56012,14.54646],[120.56049,14.54691],[120.5616,14.54693],[120.56244,14.54657],[120.56225,14.54648]]],[[[120.55909,14.54699],[120.559,14.54681],[120.559,14.54699],[120.55909,14.54699]]],[[[120.55909,14.54717],[120.55919,14.54699],[120.55909,14.54699],[120.55909,14.54717]]],[[[120.55927,14.54762],[120.55937,14.54744],[120.55927,14.54744],[120.55927,14.54762]]],[[[120.56028,14.54854],[120.56056,14.54863],[120.56056,14.54854],[120.56028,14.54854]]],[[[120.56009,14.5489],[120.56046,14.54899],[120.56046,14.5489],[120.56009,14.5489]]],[[[120.5584,14.55132],[120.55979,14.55088],[120.56045,14.55017],[120.56091,14.55008],[120.56101,14.5499],[120.56045,14.54999],[120.55979,14.5507],[120.55952,14.5507],[120.55896,14.55105],[120.5583,14.55123],[120.55747,14.55122],[120.557,14.5514],[120.55691,14.55158],[120.55765,14.55131],[120.5584,14.55132]]],[[[120.56107,14.55243],[120.56172,14.55235],[120.56108,14.55234],[120.56107,14.55243]]],[[[120.5607,14.55252],[120.56098,14.55243],[120.5607,14.55243],[120.5607,14.55252]]],[[[120.562,14.55253],[120.56172,14.55244],[120.56172,14.55253],[120.562,14.55253]]],[[[120.56098,14.55252],[120.56154,14.55262],[120.56154,14.55253],[120.56098,14.55252]]],[[[120.56178,14.55542],[120.56188,14.55524],[120.56179,14.55524],[120.56178,14.55542]]],[[[120.56086,14.55541],[120.5615,14.55551],[120.56122,14.55569],[120.56159,14.55569],[120.56178,14.5556],[120.56178,14.55542],[120.56086,14.55541]]],[[[120.56048,14.5555],[120.56076,14.55559],[120.56076,14.5555],[120.56048,14.5555]]],[[[120.55872,14.55557],[120.55891,14.55566],[120.55891,14.55557],[120.55872,14.55557]]],[[[120.55983,14.55558],[120.56039,14.55568],[120.56039,14.55559],[120.55983,14.55558]]],[[[120.56057,14.55577],[120.56076,14.55568],[120.56057,14.55568],[120.56057,14.55577]]],[[[120.56048,14.55577],[120.55983,14.55585],[120.56048,14.55586],[120.56048,14.55577]]],[[[120.56093,14.5574],[120.56111,14.55749],[120.56111,14.5574],[120.56093,14.5574]]],[[[120.5613,14.55749],[120.56158,14.55741],[120.5613,14.5574],[120.5613,14.55749]]],[[[120.56055,14.55749],[120.56074,14.55758],[120.56074,14.55749],[120.56055,14.55749]]],[[[120.55972,14.55784],[120.56,14.55775],[120.55972,14.55775],[120.55972,14.55784]]],[[[120.55831,14.56722],[120.55924,14.56732],[120.55924,14.56723],[120.55831,14.56722]]],[[[120.56202,14.56762],[120.56156,14.5677],[120.56202,14.56771],[120.56202,14.56762]]],[[[120.56091,14.5677],[120.56109,14.56779],[120.56109,14.5677],[120.56091,14.5677]]],[[[120.55877,14.56786],[120.55905,14.56777],[120.55877,14.56777],[120.55877,14.56786]]],[[[120.55923,14.56795],[120.55905,14.56786],[120.55905,14.56795],[120.55923,14.56795]]],[[[120.56053,14.56797],[120.56025,14.56787],[120.56025,14.56796],[120.56053,14.56797]]],[[[120.55923,14.56795],[120.55942,14.56804],[120.55942,14.56795],[120.55923,14.56795]]],[[[120.55942,14.56804],[120.5596,14.56814],[120.5596,14.56805],[120.55942,14.56804]]],[[[120.55979,14.56814],[120.5596,14.56823],[120.55979,14.56823],[120.55979,14.56814]]],[[[120.56136,14.56824],[120.56118,14.56815],[120.56118,14.56824],[120.56136,14.56824]]],[[[120.55908,14.57391],[120.55945,14.57401],[120.55945,14.57392],[120.55908,14.57391]]],[[[120.56019,14.5741],[120.55944,14.5741],[120.56019,14.5742],[120.56019,14.5741]]],[[[120.56092,14.57484],[120.56184,14.5753],[120.56267,14.57621],[120.56203,14.57521],[120.5612,14.57493],[120.56046,14.5742],[120.56019,14.5742],[120.56092,14.57484]]],[[[120.56386,14.57731],[120.56368,14.57721],[120.56368,14.57703],[120.56303,14.57703],[120.5622,14.57666],[120.56072,14.57646],[120.56063,14.57628],[120.56035,14.57627],[120.55878,14.57545],[120.55804,14.57535],[120.55675,14.57488],[120.55526,14.57478],[120.55434,14.57404],[120.55416,14.57404],[120.55498,14.57486],[120.55684,14.57506],[120.55924,14.57581],[120.55933,14.57599],[120.5609,14.57673],[120.56192,14.57683],[120.56275,14.5772],[120.56386,14.57731]]],[[[120.56206,14.50456],[120.56225,14.50465],[120.56225,14.50456],[120.56206,14.50456]]],[[[120.56372,14.5053],[120.56391,14.50521],[120.56372,14.50521],[120.56372,14.5053]]],[[[120.56261,14.50529],[120.5628,14.50538],[120.5628,14.50529],[120.56261,14.50529]]],[[[120.56196,14.50537],[120.56224,14.50546],[120.56224,14.50537],[120.56196,14.50537]]],[[[120.56434,14.50829],[120.56555,14.50821],[120.56564,14.50803],[120.56546,14.50794],[120.56518,14.50812],[120.56425,14.50811],[120.5636,14.50846],[120.56332,14.50846],[120.56322,14.50864],[120.56434,14.50829]]],[[[120.56294,14.509],[120.56304,14.50882],[120.56294,14.50881],[120.56294,14.509]]],[[[120.56285,14.50918],[120.56294,14.509],[120.56285,14.50899],[120.56285,14.50918]]],[[[120.56285,14.50927],[120.56275,14.50945],[120.56284,14.50945],[120.56285,14.50927]]],[[[120.56266,14.50944],[120.56275,14.50981],[120.56275,14.50945],[120.56266,14.50944]]],[[[120.56265,14.51062],[120.56256,14.5099],[120.56255,14.51062],[120.56265,14.51062]]],[[[120.56345,14.51343],[120.564,14.51352],[120.56401,14.51334],[120.56345,14.51343]]],[[[120.56234,14.51351],[120.56345,14.51361],[120.56345,14.51352],[120.56234,14.51351]]],[[[120.56558,14.51363],[120.5641,14.51343],[120.56447,14.51371],[120.56558,14.51363]]],[[[120.56185,14.51522],[120.56231,14.51576],[120.5624,14.51577],[120.56241,14.51559],[120.56204,14.51522],[120.56185,14.51522]]],[[[120.56277,14.51649],[120.56368,14.5175],[120.56497,14.51832],[120.56524,14.51914],[120.56441,14.51904],[120.56367,14.51858],[120.5633,14.51858],[120.56348,14.51876],[120.5633,14.51885],[120.56385,14.51894],[120.56477,14.51949],[120.56542,14.51959],[120.56561,14.51977],[120.56579,14.5196],[120.56598,14.51978],[120.56598,14.5196],[120.56543,14.51914],[120.56516,14.51823],[120.56369,14.51732],[120.5624,14.51577],[120.56277,14.51649]],[[120.5657,14.51959],[120.56561,14.5195],[120.5657,14.5195],[120.5657,14.51959]],[[120.56561,14.5195],[120.56552,14.51941],[120.56561,14.51941],[120.56561,14.5195]]],[[[120.56302,14.51866],[120.56284,14.51857],[120.56284,14.51866],[120.56302,14.51866]]],[[[120.56302,14.51875],[120.56321,14.51867],[120.56302,14.51866],[120.56302,14.51875]]],[[[120.56252,14.52209],[120.56233,14.52218],[120.56233,14.52236],[120.56252,14.52227],[120.56252,14.52209]]],[[[120.56269,14.5239],[120.56296,14.52381],[120.56269,14.52381],[120.56269,14.5239]]],[[[120.56435,14.5241],[120.56417,14.52401],[120.56417,14.5241],[120.56435,14.5241]]],[[[120.56472,14.52419],[120.56444,14.52428],[120.56472,14.52428],[120.56472,14.52419]]],[[[120.56228,14.52697],[120.56219,14.52679],[120.56219,14.52697],[120.56228,14.52697]]],[[[120.56246,14.52724],[120.56237,14.52706],[120.56237,14.52724],[120.56246,14.52724]]],[[[120.56181,14.52732],[120.562,14.52724],[120.56182,14.52714],[120.56181,14.52732]]],[[[120.56274,14.52733],[120.56255,14.52742],[120.56274,14.52742],[120.56274,14.52733]]],[[[120.56274,14.52742],[120.56292,14.52752],[120.56293,14.52743],[120.56274,14.52742]]],[[[120.56292,14.52752],[120.56311,14.52761],[120.56311,14.52752],[120.56292,14.52752]]],[[[120.56311,14.5277],[120.56329,14.52761],[120.56311,14.52761],[120.56311,14.5277]]],[[[120.56329,14.5277],[120.56348,14.52779],[120.56348,14.5277],[120.56329,14.5277]]],[[[120.56274,14.52779],[120.56255,14.52787],[120.56273,14.52788],[120.56274,14.52779]]],[[[120.56273,14.52788],[120.56292,14.52797],[120.56292,14.52788],[120.56273,14.52788]]],[[[120.5631,14.52824],[120.56329,14.52824],[120.56347,14.52843],[120.56338,14.52815],[120.56292,14.52797],[120.5631,14.52824]]],[[[120.56421,14.52852],[120.56477,14.52871],[120.5644,14.52834],[120.56375,14.52807],[120.56421,14.52852]]],[[[120.56217,14.52868],[120.56264,14.52851],[120.56264,14.52842],[120.56217,14.5285],[120.56217,14.52868]]],[[[120.56393,14.52879],[120.56374,14.52879],[120.56411,14.52888],[120.56393,14.52879]]],[[[120.56421,14.52897],[120.56439,14.52907],[120.56439,14.52898],[120.56421,14.52897]]],[[[120.56458,14.52916],[120.56439,14.52907],[120.56439,14.52916],[120.56458,14.52916]]],[[[120.56494,14.52952],[120.56476,14.52943],[120.56476,14.52952],[120.56494,14.52952]]],[[[120.56363,14.53069],[120.56187,14.53049],[120.5615,14.53066],[120.56363,14.53069]]],[[[120.56427,14.53169],[120.56391,14.53078],[120.56372,14.53078],[120.56418,14.53159],[120.56417,14.53187],[120.56371,14.53213],[120.56269,14.53203],[120.56176,14.53229],[120.56389,14.53231],[120.56417,14.53205],[120.56445,14.53205],[120.56463,14.53223],[120.56473,14.53205],[120.56427,14.53169]]],[[[120.56218,14.53573],[120.56172,14.53582],[120.56218,14.53582],[120.56218,14.53573]]],[[[120.56228,14.53582],[120.56246,14.53591],[120.56246,14.53582],[120.56228,14.53582]]],[[[120.56246,14.536],[120.56274,14.53592],[120.56246,14.53591],[120.56246,14.536]]],[[[120.56274,14.5361],[120.56311,14.5361],[120.56274,14.53601],[120.56274,14.5361]]],[[[120.56347,14.5371],[120.56338,14.53692],[120.56338,14.5371],[120.56347,14.5371]]],[[[120.5631,14.53727],[120.56301,14.537],[120.563,14.53727],[120.5631,14.53727]]],[[[120.56309,14.53755],[120.563,14.53745],[120.56281,14.53754],[120.56309,14.53755]]],[[[120.56346,14.53791],[120.56338,14.5371],[120.56328,14.5371],[120.56327,14.53782],[120.56346,14.53791]]],[[[120.56217,14.53754],[120.56235,14.53763],[120.56235,14.53754],[120.56217,14.53754]]],[[[120.56188,14.53817],[120.56197,14.53826],[120.56216,14.53826],[120.56207,14.53808],[120.56188,14.53817]]],[[[120.56299,14.53827],[120.5629,14.53809],[120.5629,14.53827],[120.56299,14.53827]]],[[[120.5641,14.53828],[120.56392,14.53819],[120.56392,14.53828],[120.5641,14.53828]]],[[[120.56429,14.53837],[120.5641,14.53828],[120.5641,14.53837],[120.56429,14.53837]]],[[[120.56243,14.53835],[120.56234,14.53826],[120.56216,14.53826],[120.56225,14.53844],[120.56243,14.53835]]],[[[120.56364,14.53873],[120.56382,14.53882],[120.56382,14.53873],[120.56364,14.53873]]],[[[120.56336,14.5389],[120.56317,14.53881],[120.56317,14.5389],[120.56336,14.5389]]],[[[120.56401,14.53882],[120.56419,14.53891],[120.56419,14.53882],[120.56401,14.53882]]],[[[120.56299,14.53836],[120.56308,14.53863],[120.56243,14.53844],[120.56243,14.53862],[120.56196,14.53907],[120.5615,14.53925],[120.56131,14.53951],[120.56224,14.53907],[120.56243,14.53871],[120.56317,14.53881],[120.56327,14.53863],[120.56345,14.53863],[120.56345,14.53845],[120.56327,14.53845],[120.56318,14.53827],[120.56299,14.53836]]],[[[120.56419,14.53891],[120.56437,14.539],[120.56438,14.53891],[120.56419,14.53891]]],[[[120.56456,14.5391],[120.56437,14.539],[120.56437,14.5391],[120.56456,14.5391]]],[[[120.56418,14.54009],[120.56436,14.54018],[120.56436,14.54009],[120.56418,14.54009]]],[[[120.5639,14.54017],[120.56408,14.54027],[120.56408,14.54018],[120.5639,14.54017]]],[[[120.56434,14.5419],[120.56397,14.5418],[120.56397,14.54189],[120.56434,14.5419]]],[[[120.56481,14.5419],[120.56453,14.54181],[120.56453,14.5419],[120.56481,14.5419]]],[[[120.56506,14.54443],[120.56312,14.54378],[120.56247,14.54332],[120.5621,14.54332],[120.5621,14.5435],[120.56247,14.54359],[120.56274,14.54387],[120.56487,14.5447],[120.56617,14.54462],[120.56598,14.54444],[120.56506,14.54443]],[[120.56247,14.54359],[120.56256,14.5435],[120.56256,14.54359],[120.56247,14.54359]],[[120.56275,14.54378],[120.56284,14.54369],[120.56284,14.54378],[120.56275,14.54378]],[[120.56598,14.54453],[120.56506,14.54461],[120.56506,14.54452],[120.56598,14.54453]]],[[[120.56577,14.5467],[120.56439,14.54614],[120.56383,14.54614],[120.56272,14.54649],[120.56299,14.54658],[120.56364,14.54641],[120.56448,14.54641],[120.5654,14.54688],[120.56605,14.54697],[120.56577,14.5467]]],[[[120.5624,14.55037],[120.56258,14.55046],[120.56258,14.55037],[120.5624,14.55037]]],[[[120.56267,14.55046],[120.56286,14.55055],[120.56286,14.55046],[120.56267,14.55046]]],[[[120.56212,14.55055],[120.5623,14.55064],[120.5623,14.55055],[120.56212,14.55055]]],[[[120.56397,14.55056],[120.5636,14.55065],[120.56397,14.55065],[120.56397,14.55056]]],[[[120.5623,14.55064],[120.56248,14.55073],[120.56248,14.55064],[120.5623,14.55064]]],[[[120.56452,14.55075],[120.56425,14.55084],[120.56452,14.55084],[120.56452,14.55075]]],[[[120.56341,14.55092],[120.56322,14.55083],[120.56322,14.55092],[120.56341,14.55092]]],[[[120.56359,14.55092],[120.56387,14.55083],[120.5636,14.55083],[120.56359,14.55092]]],[[[120.56295,14.55073],[120.56248,14.55082],[120.56276,14.55109],[120.56295,14.55073]]],[[[120.56406,14.55102],[120.56387,14.55092],[120.56387,14.55102],[120.56406,14.55102]]],[[[120.56304,14.55119],[120.56276,14.55109],[120.56276,14.55118],[120.56304,14.55119]]],[[[120.56433,14.55138],[120.56406,14.55111],[120.56415,14.55147],[120.56433,14.55138]]],[[[120.56405,14.55165],[120.56415,14.55147],[120.56405,14.55147],[120.56405,14.55165]]],[[[120.56359,14.55164],[120.56377,14.55174],[120.56377,14.55165],[120.56359,14.55164]]],[[[120.56349,14.55173],[120.56321,14.55182],[120.56349,14.55182],[120.56349,14.55173]]],[[[120.56377,14.55183],[120.56396,14.55183],[120.56396,14.55174],[120.56377,14.55174],[120.56377,14.55183]]],[[[120.56293,14.55191],[120.56321,14.55182],[120.56294,14.55182],[120.56293,14.55191]]],[[[120.56349,14.55191],[120.56377,14.55183],[120.56349,14.55182],[120.56349,14.55191]]],[[[120.56266,14.55191],[120.56284,14.552],[120.56284,14.55191],[120.56266,14.55191]]],[[[120.56349,14.55201],[120.56321,14.55191],[120.56321,14.552],[120.56349,14.55201]]],[[[120.56312,14.552],[120.56284,14.55209],[120.56312,14.55209],[120.56312,14.552]]],[[[120.56256,14.55218],[120.56284,14.55209],[120.56256,14.55209],[120.56256,14.55218]]],[[[120.56238,14.55217],[120.56256,14.55227],[120.56256,14.55218],[120.56238,14.55217]]],[[[120.56182,14.55226],[120.562,14.55235],[120.562,14.55226],[120.56182,14.55226]]],[[[120.56219,14.55226],[120.56237,14.55235],[120.56237,14.55226],[120.56219,14.55226]]],[[[120.562,14.55235],[120.56219,14.55244],[120.56219,14.55235],[120.562,14.55235]]],[[[120.5643,14.55418],[120.56449,14.55427],[120.56449,14.55418],[120.5643,14.55418]]],[[[120.56467,14.55437],[120.56486,14.55428],[120.56467,14.55428],[120.56467,14.55437]]],[[[120.56319,14.55444],[120.56374,14.55436],[120.56319,14.55435],[120.56319,14.55444]]],[[[120.5643,14.55445],[120.56458,14.55437],[120.5643,14.55436],[120.5643,14.55445]]],[[[120.56272,14.55444],[120.56291,14.55453],[120.56291,14.55444],[120.56272,14.55444]]],[[[120.56411,14.55454],[120.56393,14.55445],[120.56393,14.55454],[120.56411,14.55454]]],[[[120.56263,14.55462],[120.56244,14.55452],[120.56244,14.55461],[120.56263,14.55462]]],[[[120.56383,14.55463],[120.56337,14.55453],[120.56337,14.55462],[120.56383,14.55463]]],[[[120.56226,14.55461],[120.56244,14.5547],[120.56244,14.55461],[120.56226,14.55461]]],[[[120.56272,14.55462],[120.563,14.55471],[120.563,14.55462],[120.56272,14.55462]]],[[[120.56207,14.5547],[120.56225,14.55479],[120.56225,14.5547],[120.56207,14.5547]]],[[[120.5638,14.55725],[120.56408,14.55716],[120.5638,14.55716],[120.5638,14.55725]]],[[[120.5638,14.55761],[120.56408,14.55752],[120.5638,14.55752],[120.5638,14.55761]]],[[[120.56445,14.55762],[120.56473,14.55771],[120.56473,14.55762],[120.56445,14.55762]]],[[[120.56287,14.55805],[120.56315,14.55796],[120.56287,14.55796],[120.56287,14.55805]]],[[[120.56165,14.5593],[120.56314,14.55887],[120.56323,14.55869],[120.56193,14.55895],[120.56118,14.55966],[120.56081,14.55975],[120.56127,14.55975],[120.56165,14.55948],[120.56165,14.5593]]],[[[120.56719,14.56099],[120.57064,14.55976],[120.57008,14.55966],[120.56897,14.56019],[120.5672,14.56063],[120.56617,14.56143],[120.56487,14.56187],[120.56357,14.56185],[120.56301,14.56158],[120.56283,14.56121],[120.56246,14.56121],[120.56218,14.56175],[120.56208,14.56238],[120.56152,14.56246],[120.56115,14.56219],[120.55958,14.56217],[120.55864,14.56262],[120.5605,14.56236],[120.56143,14.56264],[120.56133,14.56282],[120.56179,14.56283],[120.56245,14.56247],[120.56245,14.56211],[120.56264,14.56193],[120.5631,14.56194],[120.56338,14.56221],[120.56421,14.5624],[120.56523,14.56232],[120.56561,14.56206],[120.56635,14.56188],[120.56719,14.56099]],[[120.56962,14.55993],[120.56971,14.56002],[120.56962,14.56002],[120.56962,14.55993]],[[120.56915,14.5601],[120.56924,14.5602],[120.56915,14.56019],[120.56915,14.5601]],[[120.56897,14.56019],[120.56906,14.56028],[120.56896,14.56028],[120.56897,14.56019]],[[120.56887,14.56037],[120.56869,14.56028],[120.56887,14.56028],[120.56887,14.56037]],[[120.56273,14.56175],[120.56236,14.56184],[120.56255,14.5613],[120.56283,14.56139],[120.56273,14.56175]],[[120.57018,14.55984],[120.57036,14.55976],[120.57036,14.55985],[120.57018,14.55984]],[[120.5699,14.55984],[120.56999,14.55993],[120.5699,14.55993],[120.5699,14.55984]],[[120.56943,14.56002],[120.56952,14.56011],[120.56943,14.56011],[120.56943,14.56002]]],[[[120.56415,14.56755],[120.56341,14.56763],[120.56415,14.56764],[120.56415,14.56755]]],[[[120.5622,14.56771],[120.56239,14.5678],[120.56239,14.56771],[120.5622,14.56771]]],[[[120.56248,14.5678],[120.56332,14.56781],[120.56341,14.56763],[120.56248,14.5678]]],[[[120.56174,14.56816],[120.56201,14.56825],[120.56201,14.56816],[120.56174,14.56816]]],[[[120.56442,14.56837],[120.56507,14.56828],[120.56442,14.56828],[120.56442,14.56837]]],[[[120.56368,14.56854],[120.56387,14.56845],[120.56368,14.56845],[120.56368,14.56854]]],[[[120.56303,14.56862],[120.56322,14.56854],[120.56303,14.56853],[120.56303,14.56862]]],[[[120.57329,14.57162],[120.57375,14.57181],[120.57302,14.57108],[120.57312,14.5709],[120.57348,14.57126],[120.57321,14.57054],[120.57163,14.57061],[120.57071,14.57024],[120.57015,14.57032],[120.56987,14.57059],[120.56867,14.57031],[120.5683,14.57058],[120.56737,14.57066],[120.5668,14.57119],[120.5643,14.57135],[120.56383,14.57161],[120.5629,14.57151],[120.56188,14.57195],[120.56132,14.57195],[120.56095,14.57176],[120.55919,14.57184],[120.55882,14.57147],[120.5579,14.57119],[120.55688,14.571],[120.55503,14.57098],[120.5554,14.57116],[120.55502,14.57125],[120.55576,14.57144],[120.55678,14.57136],[120.55734,14.57164],[120.55826,14.57174],[120.55909,14.5722],[120.56002,14.57221],[120.56039,14.57239],[120.56197,14.57241],[120.56262,14.57205],[120.56401,14.57207],[120.56439,14.5718],[120.56578,14.57181],[120.56606,14.57164],[120.56708,14.57156],[120.56755,14.57111],[120.5682,14.57103],[120.56839,14.57085],[120.56913,14.57086],[120.56977,14.57122],[120.57043,14.57078],[120.57108,14.57079],[120.57126,14.57097],[120.572,14.57116],[120.57265,14.57098],[120.57329,14.57162]],[[120.57228,14.57098],[120.57117,14.57079],[120.57043,14.57042],[120.57089,14.57042],[120.57126,14.5707],[120.57182,14.5707],[120.572,14.57089],[120.57247,14.5708],[120.57228,14.57098]],[[120.57043,14.57051],[120.57034,14.5706],[120.57034,14.57051],[120.57043,14.57051]],[[120.57034,14.5706],[120.57024,14.57069],[120.57024,14.5706],[120.57034,14.5706]],[[120.57015,14.57069],[120.57024,14.57087],[120.57005,14.57086],[120.57015,14.57069]],[[120.57005,14.57086],[120.56959,14.57095],[120.56959,14.57086],[120.57005,14.57086]],[[120.57247,14.5708],[120.57284,14.57071],[120.57284,14.5708],[120.57247,14.5708]],[[120.57284,14.5708],[120.57293,14.57089],[120.57284,14.57089],[120.57284,14.5708]],[[120.56392,14.57198],[120.56373,14.57197],[120.56374,14.57188],[120.56392,14.57179],[120.56392,14.57198]],[[120.56169,14.57231],[120.56178,14.57222],[120.56178,14.57231],[120.56169,14.57231]],[[120.56801,14.57084],[120.56839,14.57058],[120.56922,14.57059],[120.56801,14.57084]],[[120.56801,14.57084],[120.56746,14.57093],[120.56746,14.57084],[120.56801,14.57084]],[[120.56718,14.57111],[120.56727,14.5712],[120.56718,14.5712],[120.56718,14.57111]],[[120.56717,14.57129],[120.56708,14.57138],[120.5669,14.57137],[120.56699,14.57119],[120.56717,14.57129]]],[[[120.56454,14.57451],[120.56482,14.57442],[120.56454,14.57442],[120.56454,14.57451]]],[[[120.56791,14.50399],[120.5668,14.50407],[120.56791,14.50408],[120.56791,14.50399]]],[[[120.56549,14.50478],[120.56568,14.50487],[120.56568,14.50478],[120.56549,14.50478]]],[[[120.56751,14.50697],[120.5676,14.50715],[120.56778,14.50715],[120.56769,14.50697],[120.56751,14.50697]]],[[[120.56713,14.50723],[120.56732,14.50714],[120.56714,14.50705],[120.56713,14.50723]]],[[[120.56653,14.51147],[120.56644,14.51138],[120.56616,14.51147],[120.56653,14.51147]]],[[[120.56672,14.51147],[120.56746,14.51139],[120.56672,14.51138],[120.56672,14.51147]]],[[[120.56764,14.51157],[120.56746,14.51148],[120.56746,14.51157],[120.56764,14.51157]]],[[[120.56799,14.51366],[120.56651,14.51364],[120.56613,14.51382],[120.56771,14.51383],[120.56799,14.51366]]],[[[120.56567,14.51372],[120.56539,14.51381],[120.56567,14.51381],[120.56567,14.51372]]],[[[120.5673,14.51726],[120.56721,14.51708],[120.56703,14.51708],[120.56712,14.51726],[120.5673,14.51726]]],[[[120.56517,14.51733],[120.56526,14.51715],[120.56517,14.51715],[120.56517,14.51733]]],[[[120.56597,14.51996],[120.56607,14.51978],[120.56598,14.51978],[120.56597,14.51996]]],[[[120.56588,14.52005],[120.56579,14.51987],[120.56579,14.52005],[120.56588,14.52005]]],[[[120.56597,14.52014],[120.56578,14.52059],[120.56485,14.52076],[120.56448,14.52067],[120.56448,14.52085],[120.56615,14.52068],[120.56597,14.52059],[120.56597,14.52041],[120.56615,14.5205],[120.56634,14.52041],[120.56616,14.52032],[120.56616,14.51996],[120.56606,14.52032],[120.56597,14.52014]]],[[[120.56652,14.5206],[120.56634,14.5205],[120.56634,14.52059],[120.56652,14.5206]]],[[[120.56671,14.52069],[120.56652,14.5206],[120.56652,14.52069],[120.56671,14.52069]]],[[[120.56624,14.52068],[120.56643,14.52078],[120.56643,14.52069],[120.56624,14.52068]]],[[[120.56689,14.52078],[120.56671,14.52069],[120.56671,14.52078],[120.56689,14.52078]]],[[[120.56689,14.52087],[120.56698,14.52096],[120.56717,14.52096],[120.56708,14.52078],[120.56689,14.52087]]],[[[120.56735,14.52106],[120.56717,14.52096],[120.56717,14.52106],[120.56735,14.52106]]],[[[120.56689,14.52105],[120.56707,14.52114],[120.56708,14.52105],[120.56689,14.52105]]],[[[120.56745,14.52115],[120.56763,14.52124],[120.56763,14.52115],[120.56745,14.52115]]],[[[120.56717,14.52133],[120.56735,14.52124],[120.56717,14.52124],[120.56717,14.52133]]],[[[120.56781,14.52169],[120.568,14.52161],[120.56781,14.5216],[120.56781,14.52169]]],[[[120.56753,14.52232],[120.5653,14.52248],[120.56483,14.52284],[120.56418,14.52301],[120.56316,14.52282],[120.5627,14.52254],[120.56261,14.52227],[120.56242,14.52245],[120.56307,14.523],[120.56427,14.52328],[120.56483,14.52302],[120.56501,14.52311],[120.56501,14.52293],[120.56539,14.52266],[120.56613,14.52267],[120.56669,14.5225],[120.56771,14.5226],[120.56808,14.52242],[120.56827,14.52206],[120.56753,14.52232]]],[[[120.56538,14.52348],[120.56556,14.52357],[120.56557,14.52348],[120.56538,14.52348]]],[[[120.56556,14.52366],[120.56575,14.52357],[120.56556,14.52357],[120.56556,14.52366]]],[[[120.56593,14.52375],[120.56575,14.52366],[120.56575,14.52375],[120.56593,14.52375]]],[[[120.56564,14.52483],[120.56675,14.52521],[120.56693,14.52548],[120.5674,14.5253],[120.5674,14.52512],[120.56675,14.52512],[120.56546,14.52465],[120.565,14.52429],[120.56472,14.52428],[120.56564,14.52483]]],[[[120.56625,14.52863],[120.56634,14.52882],[120.56634,14.52864],[120.56625,14.52863]]],[[[120.56634,14.52909],[120.56671,14.52945],[120.56689,14.52945],[120.56643,14.529],[120.56643,14.52882],[120.56634,14.52909]]],[[[120.56763,14.53009],[120.568,14.53019],[120.56708,14.52946],[120.56689,14.52945],[120.56763,14.53009]]],[[[120.56586,14.53026],[120.56494,14.52952],[120.56521,14.53007],[120.56586,14.53026]]],[[[120.5667,14.53018],[120.56651,14.53008],[120.56651,14.53017],[120.5667,14.53018]]],[[[120.56614,14.53035],[120.56605,14.53026],[120.56586,14.53026],[120.56595,14.53044],[120.56614,14.53035]]],[[[120.56753,14.53045],[120.56725,14.53036],[120.56725,14.53045],[120.56753,14.53045]]],[[[120.56632,14.53053],[120.56614,14.53044],[120.56614,14.53053],[120.56632,14.53053]]],[[[120.56688,14.53054],[120.56651,14.53062],[120.56688,14.53063],[120.56688,14.53054]]],[[[120.56697,14.53063],[120.56716,14.53072],[120.56716,14.53063],[120.56697,14.53063]]],[[[120.56716,14.53072],[120.56734,14.53081],[120.56734,14.53072],[120.56716,14.53072]]],[[[120.56734,14.5309],[120.5678,14.53082],[120.56734,14.53081],[120.56734,14.5309]]],[[[120.56491,14.53223],[120.56473,14.53241],[120.56537,14.53305],[120.56546,14.53287],[120.56528,14.53278],[120.56528,14.5326],[120.56491,14.53223]]],[[[120.56546,14.53305],[120.56546,14.53323],[120.56555,14.53296],[120.56546,14.53305]]],[[[120.56564,14.53342],[120.56574,14.53324],[120.56564,14.53324],[120.56564,14.53342]]],[[[120.56647,14.53433],[120.56638,14.53415],[120.56637,14.53433],[120.56647,14.53433]]],[[[120.56701,14.53542],[120.56655,14.53523],[120.56656,14.53451],[120.56637,14.53505],[120.56628,14.53442],[120.56627,14.53541],[120.56599,14.5355],[120.56618,14.5355],[120.56654,14.53605],[120.5671,14.53578],[120.56701,14.53542]],[[120.56664,14.53578],[120.56673,14.5356],[120.56682,14.53578],[120.56664,14.53578]]],[[[120.56497,14.53531],[120.5659,14.53541],[120.5659,14.53532],[120.56497,14.53531]]],[[[120.56719,14.53578],[120.5671,14.53596],[120.56719,14.53596],[120.56719,14.53578]]],[[[120.56764,14.53723],[120.56765,14.53642],[120.56728,14.53614],[120.56728,14.53596],[120.56719,14.53614],[120.56672,14.53614],[120.56719,14.53632],[120.56718,14.53714],[120.56745,14.5375],[120.56828,14.53778],[120.56856,14.53778],[120.56847,14.5376],[120.56875,14.5376],[120.56764,14.53723]],[[120.56792,14.53751],[120.56782,14.53741],[120.56792,14.53742],[120.56792,14.53751]],[[120.5681,14.5376],[120.56819,14.53751],[120.56819,14.5376],[120.5681,14.5376]]],[[[120.56484,14.53883],[120.56512,14.53874],[120.56484,14.53874],[120.56484,14.53883]]],[[[120.56493,14.53928],[120.56511,14.53937],[120.56511,14.53928],[120.56493,14.53928]]],[[[120.56854,14.54004],[120.56614,14.53893],[120.56521,14.53883],[120.56558,14.53911],[120.56743,14.53958],[120.5678,14.53985],[120.56854,14.54004]]],[[[120.5652,14.53956],[120.56539,14.53947],[120.5652,14.53947],[120.5652,14.53956]]],[[[120.56539,14.53956],[120.56557,14.53965],[120.56557,14.53956],[120.56539,14.53956]]],[[[120.56825,14.54112],[120.56871,14.5414],[120.56973,14.5415],[120.56973,14.54123],[120.56945,14.54095],[120.56844,14.5404],[120.56798,14.5404],[120.56788,14.54058],[120.56677,14.54048],[120.5664,14.54029],[120.56613,14.53984],[120.56557,14.53965],[120.56778,14.54175],[120.56843,14.54176],[120.56815,14.54166],[120.56787,14.5413],[120.56788,14.54112],[120.56825,14.54112]],[[120.56788,14.54112],[120.56778,14.54103],[120.56788,14.54103],[120.56788,14.54112]]],[[[120.56695,14.5412],[120.56658,14.54111],[120.56658,14.5412],[120.56695,14.5412]]],[[[120.56592,14.54146],[120.56658,14.54129],[120.56658,14.5412],[120.56565,14.54137],[120.56592,14.54146]]],[[[120.56546,14.54146],[120.56565,14.54155],[120.56565,14.54146],[120.56546,14.54146]]],[[[120.56546,14.54164],[120.565,14.54163],[120.56499,14.54172],[120.56546,14.54164]]],[[[120.56481,14.54172],[120.56499,14.54181],[120.56499,14.54172],[120.56481,14.54172]]],[[[120.56635,14.54472],[120.56654,14.54481],[120.56654,14.54472],[120.56635,14.54472]]],[[[120.56653,14.54508],[120.56672,14.54508],[120.56681,14.54526],[120.56709,14.54518],[120.56672,14.54481],[120.56654,14.54481],[120.56653,14.54508]]],[[[120.56755,14.54509],[120.56783,14.54518],[120.56783,14.54509],[120.56755,14.54509]]],[[[120.56755,14.54518],[120.56709,14.54527],[120.56755,14.54527],[120.56755,14.54518]]],[[[120.56774,14.54536],[120.56755,14.54527],[120.56755,14.54536],[120.56774,14.54536]]],[[[120.56718,14.54545],[120.56746,14.54536],[120.56718,14.54536],[120.56718,14.54545]]],[[[120.56885,14.54556],[120.56745,14.54644],[120.56596,14.54679],[120.56661,14.54689],[120.56754,14.54663],[120.56894,14.54565],[120.56922,14.54565],[120.56903,14.54556],[120.56913,14.54538],[120.56959,14.54529],[120.56894,14.5452],[120.56876,14.54528],[120.56885,14.54556]]],[[[120.56845,14.54844],[120.56799,14.54808],[120.56659,14.54815],[120.56613,14.54833],[120.56372,14.54812],[120.56409,14.54831],[120.5652,14.54841],[120.56798,14.54826],[120.56826,14.54844],[120.56834,14.54916],[120.56899,14.54935],[120.56909,14.54917],[120.56844,14.54898],[120.56845,14.54844]]],[[[120.56555,14.55031],[120.56573,14.5504],[120.56573,14.55031],[120.56555,14.55031]]],[[[120.56675,14.55041],[120.56694,14.55051],[120.56694,14.55041],[120.56675,14.55041]]],[[[120.56657,14.55059],[120.56638,14.5505],[120.56638,14.55059],[120.56657,14.55059]]],[[[120.5661,14.55059],[120.56564,14.55067],[120.5661,14.55068],[120.5661,14.55059]]],[[[120.56719,14.5534],[120.567,14.55349],[120.56718,14.55349],[120.56719,14.5534]]],[[[120.56663,14.55348],[120.56681,14.55358],[120.56681,14.55349],[120.56663,14.55348]]],[[[120.56718,14.55358],[120.567,14.55367],[120.56718,14.55367],[120.56718,14.55358]]],[[[120.56607,14.55366],[120.56625,14.55375],[120.56625,14.55366],[120.56607,14.55366]]],[[[120.56663,14.55366],[120.56681,14.55376],[120.56681,14.55367],[120.56663,14.55366]]],[[[120.56635,14.55375],[120.56653,14.55384],[120.56653,14.55375],[120.56635,14.55375]]],[[[120.56607,14.55384],[120.56625,14.55393],[120.56625,14.55384],[120.56607,14.55384]]],[[[120.56514,14.55392],[120.56532,14.55401],[120.56532,14.55392],[120.56514,14.55392]]],[[[120.56504,14.5541],[120.56486,14.55401],[120.56486,14.5541],[120.56504,14.5541]]],[[[120.56551,14.55401],[120.56569,14.55411],[120.56569,14.55402],[120.56551,14.55401]]],[[[120.56514,14.5541],[120.56532,14.55419],[120.56532,14.5541],[120.56514,14.5541]]],[[[120.56622,14.55709],[120.56659,14.55719],[120.56659,14.5571],[120.56622,14.55709]]],[[[120.56566,14.55727],[120.56594,14.55718],[120.56566,14.55718],[120.56566,14.55727]]],[[[120.56661,14.56378],[120.56688,14.56388],[120.56689,14.56379],[120.56661,14.56378]]],[[[120.56624,14.56387],[120.56661,14.56396],[120.56661,14.56387],[120.56624,14.56387]]],[[[120.56778,14.56696],[120.56796,14.56705],[120.56796,14.56696],[120.56778,14.56696]]],[[[120.56768,14.56714],[120.5661,14.56757],[120.56536,14.56756],[120.56499,14.56729],[120.56462,14.56729],[120.56453,14.56746],[120.56527,14.56774],[120.56675,14.56776],[120.56722,14.56758],[120.56768,14.56714]]],[[[120.56563,14.56847],[120.566,14.56856],[120.566,14.56847],[120.56563,14.56847]]],[[[120.5719,14.50385],[120.57116,14.50393],[120.5719,14.50394],[120.5719,14.50385]]],[[[120.57014,14.50401],[120.56958,14.50391],[120.56958,14.50401],[120.57014,14.50401]]],[[[120.56992,14.50681],[120.56955,14.5069],[120.56992,14.5069],[120.56992,14.50681]]],[[[120.57075,14.50691],[120.57094,14.50682],[120.57075,14.50682],[120.57075,14.50691]]],[[[120.56871,14.50689],[120.56825,14.50697],[120.56871,14.50698],[120.56871,14.50689]]],[[[120.57066,14.507],[120.57048,14.50691],[120.57047,14.507],[120.57066,14.507]]],[[[120.56881,14.50689],[120.56899,14.50707],[120.56936,14.50707],[120.56881,14.50689]]],[[[120.56992,14.50708],[120.57038,14.50699],[120.56992,14.50699],[120.56992,14.50708]]],[[[120.57044,14.51052],[120.57062,14.51061],[120.57062,14.51052],[120.57044,14.51052]]],[[[120.57136,14.51062],[120.57081,14.51061],[120.57071,14.51079],[120.57155,14.5108],[120.57136,14.51062]]],[[[120.56931,14.51132],[120.57034,14.5107],[120.56997,14.5106],[120.5695,14.51105],[120.56867,14.51131],[120.56857,14.51149],[120.56931,14.51132]]],[[[120.56783,14.51158],[120.56848,14.51158],[120.56848,14.5114],[120.56783,14.5114],[120.56783,14.51158]]],[[[120.57097,14.51305],[120.57078,14.51314],[120.57096,14.51314],[120.57097,14.51305]]],[[[120.56976,14.51313],[120.56994,14.51322],[120.56994,14.51313],[120.56976,14.51313]]],[[[120.57115,14.51324],[120.57096,14.51314],[120.57096,14.51323],[120.57115,14.51324]]],[[[120.57031,14.51332],[120.56994,14.51322],[120.56994,14.51331],[120.57031,14.51332]]],[[[120.56818,14.51375],[120.56845,14.51366],[120.56818,14.51366],[120.56818,14.51375]]],[[[120.56873,14.51375],[120.56845,14.51384],[120.56873,14.51384],[120.56873,14.51375]]],[[[120.57009,14.51648],[120.57,14.51666],[120.57009,14.51666],[120.57009,14.51648]]],[[[120.57009,14.51666],[120.57018,14.51684],[120.57018,14.51666],[120.57009,14.51666]]],[[[120.56851,14.51691],[120.56861,14.51673],[120.56851,14.51673],[120.56851,14.51691]]],[[[120.5686,14.51691],[120.5687,14.5171],[120.5687,14.51692],[120.5686,14.51691]]],[[[120.56879,14.5171],[120.56869,14.51773],[120.56878,14.51773],[120.56879,14.5171]]],[[[120.5686,14.51773],[120.56869,14.51791],[120.56869,14.51773],[120.5686,14.51773]]],[[[120.56767,14.51772],[120.5685,14.51809],[120.56896,14.51863],[120.56988,14.51901],[120.56988,14.51882],[120.56896,14.51845],[120.5685,14.51791],[120.56776,14.51763],[120.56749,14.51726],[120.5673,14.51726],[120.56767,14.51772]]],[[[120.57182,14.51957],[120.57165,14.51839],[120.57055,14.51739],[120.57055,14.51721],[120.57018,14.51684],[120.57018,14.51711],[120.57046,14.51729],[120.57045,14.51748],[120.57155,14.51857],[120.57164,14.51929],[120.57108,14.51929],[120.57099,14.51947],[120.57182,14.51957]]],[[[120.56997,14.5191],[120.57016,14.51892],[120.56997,14.51892],[120.56997,14.5191]]],[[[120.57016,14.51919],[120.57034,14.51919],[120.57044,14.51901],[120.57016,14.51901],[120.57016,14.51919]]],[[[120.57043,14.51928],[120.57062,14.51928],[120.57071,14.5191],[120.57044,14.5191],[120.57043,14.51928]]],[[[120.57081,14.5192],[120.57071,14.51938],[120.57108,14.51929],[120.57108,14.5192],[120.57081,14.5192]]],[[[120.57164,14.51957],[120.57173,14.51975],[120.57173,14.51957],[120.57164,14.51957]]],[[[120.568,14.52143],[120.56818,14.52152],[120.56818,14.52143],[120.568,14.52143]]],[[[120.56837,14.52161],[120.56818,14.52152],[120.56818,14.52161],[120.56837,14.52161]]],[[[120.56837,14.5217],[120.56855,14.52161],[120.56837,14.52161],[120.56837,14.5217]]],[[[120.568,14.5217],[120.56818,14.52179],[120.56818,14.5217],[120.568,14.5217]]],[[[120.56864,14.52179],[120.56892,14.52171],[120.56864,14.5217],[120.56864,14.52179]]],[[[120.56855,14.52197],[120.56837,14.52179],[120.56818,14.52179],[120.56827,14.52206],[120.56855,14.52197]]],[[[120.56855,14.52206],[120.56883,14.52198],[120.56855,14.52197],[120.56855,14.52206]]],[[[120.56947,14.52262],[120.5692,14.52216],[120.56883,14.52207],[120.56947,14.52262]]],[[[120.57113,14.52299],[120.57105,14.52272],[120.57104,14.52299],[120.57113,14.52299]]],[[[120.56974,14.52307],[120.56965,14.52289],[120.56965,14.52307],[120.56974,14.52307]]],[[[120.57058,14.52317],[120.57039,14.52308],[120.57039,14.52317],[120.57058,14.52317]]],[[[120.56974,14.52316],[120.56983,14.52325],[120.57002,14.52325],[120.56993,14.52307],[120.56974,14.52316]]],[[[120.5702,14.52335],[120.57002,14.52325],[120.57002,14.52334],[120.5702,14.52335]]],[[[120.5703,14.52344],[120.57104,14.52335],[120.5703,14.52335],[120.5703,14.52344]]],[[[120.57159,14.52336],[120.57178,14.52345],[120.57178,14.52336],[120.57159,14.52336]]],[[[120.57122,14.52345],[120.57104,14.52353],[120.57122,14.52354],[120.57122,14.52345]]],[[[120.57141,14.52363],[120.57122,14.52354],[120.57122,14.52363],[120.57141,14.52363]]],[[[120.5715,14.52363],[120.57187,14.52372],[120.57187,14.52363],[120.5715,14.52363]]],[[[120.57124,14.5304],[120.5707,14.52859],[120.57007,14.52741],[120.5697,14.52732],[120.56906,14.5265],[120.56869,14.52631],[120.56842,14.52568],[120.56795,14.52549],[120.56786,14.52576],[120.56823,14.52585],[120.56859,14.52658],[120.56887,14.52667],[120.56942,14.52731],[120.56932,14.52794],[120.5695,14.52813],[120.57006,14.52804],[120.57033,14.52841],[120.57042,14.52877],[120.57061,14.52886],[120.57096,14.53022],[120.57133,14.53067],[120.57133,14.53095],[120.57095,14.53103],[120.57142,14.53104],[120.57142,14.5305],[120.57124,14.5304]],[[120.56969,14.52786],[120.56951,14.52786],[120.56951,14.52758],[120.56979,14.5275],[120.56969,14.52786]]],[[[120.56929,14.53047],[120.56892,14.53038],[120.56892,14.53047],[120.56929,14.53047]]],[[[120.56771,14.53055],[120.56836,14.53046],[120.56771,14.53046],[120.56771,14.53055]]],[[[120.56873,14.53047],[120.56892,14.53056],[120.56892,14.53047],[120.56873,14.53047]]],[[[120.57022,14.53057],[120.5704,14.53048],[120.57022,14.53048],[120.57022,14.53057]]],[[[120.56994,14.53075],[120.56919,14.53083],[120.56994,14.53084],[120.56994,14.53075]]],[[[120.56882,14.53092],[120.56864,14.53083],[120.56864,14.53092],[120.56882,14.53092]]],[[[120.57012,14.53093],[120.5704,14.53085],[120.57012,14.53084],[120.57012,14.53093]]],[[[120.56836,14.53101],[120.5679,14.53091],[120.56789,14.531],[120.56836,14.53101]]],[[[120.57058,14.53112],[120.57058,14.5313],[120.57077,14.5313],[120.57077,14.53121],[120.57058,14.53112]]],[[[120.56906,14.53445],[120.56915,14.53463],[120.56915,14.53445],[120.56906,14.53445]]],[[[120.56925,14.53463],[120.56915,14.53481],[120.56924,14.53481],[120.56925,14.53463]]],[[[120.56934,14.53481],[120.56924,14.53508],[120.56933,14.53508],[120.56934,14.53481]]],[[[120.56933,14.53508],[120.56942,14.53553],[120.56943,14.53508],[120.56933,14.53508]]],[[[120.56959,14.53734],[120.56942,14.5358],[120.5694,14.5377],[120.56959,14.53734]]],[[[120.56856,14.53778],[120.56875,14.53788],[120.56875,14.53779],[120.56856,14.53778]]],[[[120.56875,14.5377],[120.5694,14.53788],[120.56949,14.53806],[120.56967,14.53807],[120.56949,14.53779],[120.56921,14.53779],[120.56903,14.53761],[120.56875,14.5377]]],[[[120.56893,14.53788],[120.56875,14.53797],[120.56893,14.53797],[120.56893,14.53788]]],[[[120.5693,14.53806],[120.56893,14.53806],[120.5693,14.53815],[120.5693,14.53806]]],[[[120.56949,14.53815],[120.5693,14.53824],[120.56948,14.53824],[120.56949,14.53815]]],[[[120.57104,14.54007],[120.57114,14.53989],[120.57104,14.53989],[120.57104,14.54007]]],[[[120.57123,14.5398],[120.57132,14.54016],[120.57132,14.5398],[120.57123,14.5398]]],[[[120.56872,14.54013],[120.56854,14.54004],[120.56854,14.54013],[120.56872,14.54013]]],[[[120.56918,14.54041],[120.56909,14.54023],[120.56872,14.54013],[120.56881,14.54032],[120.56918,14.54041]]],[[[120.57095,14.54025],[120.57104,14.54043],[120.57104,14.54025],[120.57095,14.54025]]],[[[120.57104,14.54052],[120.57113,14.5407],[120.57113,14.54052],[120.57104,14.54052]]],[[[120.56992,14.54078],[120.56918,14.54041],[120.5701,14.54105],[120.57066,14.54097],[120.56992,14.54078]]],[[[120.57121,14.54133],[120.57103,14.54124],[120.57103,14.54133],[120.57121,14.54133]]],[[[120.5713,14.54143],[120.57158,14.54134],[120.57131,14.54134],[120.5713,14.54143]]],[[[120.5687,14.54176],[120.56842,14.54185],[120.5687,14.54185],[120.5687,14.54176]]],[[[120.56889,14.54185],[120.5687,14.54194],[120.56889,14.54194],[120.56889,14.54185]]],[[[120.56907,14.54203],[120.56889,14.54194],[120.56889,14.54203],[120.56907,14.54203]]],[[[120.56916,14.54213],[120.56944,14.54204],[120.56916,14.54204],[120.56916,14.54213]]],[[[120.57098,14.54531],[120.57135,14.54549],[120.57181,14.54595],[120.57181,14.54622],[120.57273,14.54704],[120.57264,14.5465],[120.57218,14.5464],[120.57191,14.54577],[120.57135,14.5454],[120.57165,14.54369],[120.57184,14.54333],[120.57166,14.54306],[120.57166,14.54269],[120.57194,14.54252],[120.57176,14.54197],[120.57102,14.54178],[120.57093,14.54196],[120.57056,14.54196],[120.57037,14.54223],[120.56954,14.54204],[120.56953,14.54222],[120.57,14.54223],[120.57064,14.54295],[120.57147,14.54323],[120.57136,14.54468],[120.57117,14.54486],[120.57034,14.54503],[120.57034,14.54512],[120.57071,14.54512],[120.57061,14.5453],[120.57098,14.54531]],[[120.5712,14.54242],[120.57157,14.54269],[120.57157,14.54278],[120.57129,14.54269],[120.5712,14.54242]]],[[[120.56802,14.5451],[120.56876,14.54501],[120.56802,14.54501],[120.56802,14.5451]]],[[[120.56894,14.5452],[120.56876,14.5451],[120.56876,14.54519],[120.56894,14.5452]]],[[[120.57006,14.54521],[120.57034,14.54512],[120.57006,14.54512],[120.57006,14.54521]]],[[[120.56783,14.54518],[120.56876,14.54528],[120.56876,14.54519],[120.56783,14.54518]]],[[[120.56996,14.5453],[120.56978,14.5452],[120.56978,14.54529],[120.56996,14.5453]]],[[[120.57043,14.5453],[120.57024,14.54539],[120.57043,14.54539],[120.57043,14.5453]]],[[[120.56987,14.54539],[120.57005,14.54548],[120.57006,14.54539],[120.56987,14.54539]]],[[[120.5695,14.54556],[120.56978,14.54548],[120.5695,14.54547],[120.5695,14.54556]]],[[[120.56964,14.54918],[120.56936,14.54927],[120.56964,14.54927],[120.56964,14.54918]]],[[[120.56936,14.54927],[120.56909,14.54926],[120.5689,14.54953],[120.56908,14.54953],[120.56936,14.54927]]],[[[120.5688,14.54962],[120.56834,14.54953],[120.56834,14.54962],[120.5688,14.54962]]],[[[120.56955,14.54954],[120.57038,14.54964],[120.57056,14.54973],[120.57047,14.54955],[120.56955,14.54954]]],[[[120.56797,14.5497],[120.56825,14.54962],[120.56797,14.54961],[120.56797,14.5497]]],[[[120.56834,14.54998],[120.56861,14.54989],[120.56834,14.54989],[120.56834,14.54998]]],[[[120.57112,14.55019],[120.5713,14.55028],[120.5713,14.55019],[120.57112,14.55019]]],[[[120.57155,14.5529],[120.57173,14.55299],[120.57174,14.5529],[120.57155,14.5529]]],[[[120.57146,14.55308],[120.57053,14.55298],[120.57053,14.55307],[120.57146,14.55308]]],[[[120.57016,14.55316],[120.57044,14.55307],[120.57016,14.55307],[120.57016,14.55316]]],[[[120.57164,14.55308],[120.57183,14.55318],[120.57183,14.55309],[120.57164,14.55308]]],[[[120.56969,14.55315],[120.56988,14.55325],[120.56988,14.55316],[120.56969,14.55315]]],[[[120.57155,14.55317],[120.5708,14.55326],[120.57155,14.55326],[120.57155,14.55317]]],[[[120.56941,14.55333],[120.56821,14.55323],[120.56821,14.55332],[120.56941,14.55333]]],[[[120.57025,14.55334],[120.57053,14.55325],[120.57025,14.55325],[120.57025,14.55334]]],[[[120.56793,14.55341],[120.56821,14.55332],[120.56793,14.55332],[120.56793,14.55341]]],[[[120.56997,14.55343],[120.56969,14.55333],[120.56969,14.55342],[120.56997,14.55343]]],[[[120.56941,14.55351],[120.5683,14.55341],[120.5683,14.5535],[120.56941,14.55351]]],[[[120.56793,14.5535],[120.5683,14.55359],[120.5683,14.5535],[120.56793,14.5535]]],[[[120.57013,14.55551],[120.56967,14.55559],[120.57013,14.5556],[120.57013,14.55551]]],[[[120.56939,14.55577],[120.5692,14.55568],[120.5692,14.55577],[120.56939,14.55577]]],[[[120.56901,14.55577],[120.5692,14.55586],[120.5692,14.55577],[120.56901,14.55577]]],[[[120.56883,14.55586],[120.56901,14.55595],[120.56901,14.55586],[120.56883,14.55586]]],[[[120.56966,14.55586],[120.56994,14.55596],[120.56994,14.55587],[120.56966,14.55586]]],[[[120.5704,14.55596],[120.57003,14.55587],[120.57003,14.55596],[120.5704,14.55596]]],[[[120.57142,14.55597],[120.57161,14.55588],[120.57142,14.55588],[120.57142,14.55597]]],[[[120.56948,14.55595],[120.56966,14.55604],[120.56966,14.55595],[120.56948,14.55595]]],[[[120.56901,14.55622],[120.5692,14.55613],[120.56901,14.55613],[120.56901,14.55622]]],[[[120.57139,14.55913],[120.57167,14.55905],[120.57139,14.55904],[120.57139,14.55913]]],[[[120.5712,14.55922],[120.57129,14.55931],[120.57157,14.55932],[120.57139,14.55913],[120.5712,14.55922]]],[[[120.57111,14.55931],[120.57092,14.55931],[120.57092,14.55958],[120.5712,14.55949],[120.57111,14.55931]]],[[[120.57046,14.55958],[120.57064,14.55967],[120.57064,14.55958],[120.57046,14.55958]]],[[[120.57083,14.55949],[120.57064,14.55949],[120.57073,14.55967],[120.57064,14.55976],[120.57092,14.55967],[120.57083,14.55949]]],[[[120.56979,14.56156],[120.56978,14.56228],[120.57005,14.56246],[120.57006,14.56156],[120.56979,14.56156]]],[[[120.57308,14.56575],[120.57327,14.56539],[120.57373,14.5653],[120.57318,14.5653],[120.57254,14.56411],[120.57199,14.56366],[120.57032,14.56355],[120.5693,14.56381],[120.56874,14.56353],[120.56791,14.56352],[120.56744,14.56379],[120.56716,14.5637],[120.56716,14.56388],[120.56763,14.56388],[120.568,14.56371],[120.56865,14.56371],[120.5692,14.56399],[120.57041,14.56373],[120.57189,14.56384],[120.57245,14.56429],[120.57272,14.56502],[120.57299,14.56529],[120.57299,14.56557],[120.57168,14.566],[120.57243,14.5661],[120.57308,14.56575]]],[[[120.57131,14.56609],[120.57159,14.566],[120.57131,14.566],[120.57131,14.56609]]],[[[120.57075,14.56626],[120.57094,14.56636],[120.57094,14.56627],[120.57075,14.56626]]],[[[120.57038,14.56635],[120.57075,14.56645],[120.57075,14.56636],[120.57038,14.56635]]],[[[120.56927,14.56643],[120.56964,14.56652],[120.56964,14.56643],[120.56927,14.56643]]],[[[120.5688,14.56652],[120.56899,14.56661],[120.56899,14.56652],[120.5688,14.56652]]],[[[120.56852,14.5666],[120.56871,14.5667],[120.56871,14.5666],[120.56852,14.5666]]],[[[120.56843,14.56678],[120.56825,14.56669],[120.56824,14.56678],[120.56843,14.56678]]],[[[120.56796,14.56696],[120.56815,14.56696],[120.56824,14.56678],[120.56806,14.56678],[120.56796,14.56696]]],[[[120.56972,14.56716],[120.57009,14.56725],[120.5701,14.56716],[120.56972,14.56716]]],[[[120.56926,14.56724],[120.56963,14.56734],[120.56963,14.56725],[120.56926,14.56724]]],[[[120.57065,14.56726],[120.57009,14.56734],[120.57074,14.56744],[120.57065,14.56726]]],[[[120.56861,14.56742],[120.56907,14.56733],[120.56861,14.56733],[120.56861,14.56742]]],[[[120.57093,14.56744],[120.57111,14.56753],[120.57111,14.56744],[120.57093,14.56744]]],[[[120.5712,14.56753],[120.57139,14.56745],[120.57121,14.56744],[120.5712,14.56753]]],[[[120.57376,14.50378],[120.57283,14.50386],[120.57375,14.50387],[120.57376,14.50378]]],[[[120.57355,14.50567],[120.57373,14.50576],[120.57373,14.50567],[120.57355,14.50567]]],[[[120.5748,14.50975],[120.57452,14.50984],[120.5748,14.50984],[120.5748,14.50975]]],[[[120.57388,14.50983],[120.57406,14.50992],[120.57406,14.50983],[120.57388,14.50983]]],[[[120.57434,14.50984],[120.57452,14.50993],[120.57452,14.50984],[120.57434,14.50984]]],[[[120.5749,14.50984],[120.57508,14.50993],[120.57508,14.50984],[120.5749,14.50984]]],[[[120.57424,14.51002],[120.57406,14.50992],[120.57406,14.51001],[120.57424,14.51002]]],[[[120.57387,14.5101],[120.57369,14.51001],[120.57369,14.5101],[120.57387,14.5101]]],[[[120.57276,14.51036],[120.57294,14.51045],[120.57294,14.51036],[120.57276,14.51036]]],[[[120.57211,14.51054],[120.57238,14.51045],[120.57211,14.51045],[120.57211,14.51054]]],[[[120.57266,14.51054],[120.57238,14.51063],[120.57266,14.51063],[120.57266,14.51054]]],[[[120.57173,14.51071],[120.5722,14.51063],[120.57164,14.51053],[120.57173,14.51071]]],[[[120.5746,14.5111],[120.5747,14.51092],[120.57461,14.51092],[120.5746,14.5111]]],[[[120.57451,14.51119],[120.5746,14.51147],[120.5746,14.51119],[120.57451,14.51119]]],[[[120.57469,14.51129],[120.57478,14.51165],[120.57479,14.51129],[120.57469,14.51129]]],[[[120.57422,14.51191],[120.57469,14.51183],[120.5745,14.51174],[120.57451,14.51146],[120.57404,14.51173],[120.57422,14.51191]]],[[[120.57376,14.51182],[120.57395,14.51191],[120.57395,14.51182],[120.57376,14.51182]]],[[[120.57367,14.512],[120.57348,14.51191],[120.57348,14.512],[120.57367,14.512]]],[[[120.57422,14.512],[120.57395,14.51191],[120.57394,14.512],[120.57422,14.512]]],[[[120.57376,14.512],[120.57394,14.51209],[120.57394,14.512],[120.57376,14.512]]],[[[120.57447,14.51526],[120.57465,14.51535],[120.57465,14.51526],[120.57447,14.51526]]],[[[120.57465,14.51535],[120.57483,14.51544],[120.57484,14.51535],[120.57465,14.51535]]],[[[120.57213,14.5165],[120.57232,14.51659],[120.57232,14.5165],[120.57213,14.5165]]],[[[120.5725,14.51659],[120.57232,14.51668],[120.5725,14.51668],[120.5725,14.51659]]],[[[120.5725,14.51668],[120.57269,14.51678],[120.57269,14.51669],[120.5725,14.51668]]],[[[120.57287,14.51687],[120.57269,14.51678],[120.57269,14.51687],[120.57287,14.51687]]],[[[120.57191,14.51957],[120.57182,14.51975],[120.57191,14.51975],[120.57191,14.51957]]],[[[120.572,14.52002],[120.57191,14.51975],[120.57182,14.51993],[120.572,14.52002]]],[[[120.57347,14.52139],[120.57366,14.52148],[120.57366,14.52139],[120.57347,14.52139]]],[[[120.57393,14.5214],[120.57375,14.52148],[120.57393,14.52149],[120.57393,14.5214]]],[[[120.57375,14.52158],[120.57393,14.52167],[120.57393,14.52158],[120.57375,14.52158]]],[[[120.57402,14.52167],[120.57412,14.52176],[120.5743,14.52176],[120.57421,14.52158],[120.57402,14.52167]]],[[[120.57448,14.52194],[120.57467,14.52204],[120.57467,14.52195],[120.57448,14.52194]]],[[[120.57495,14.52222],[120.57476,14.52213],[120.57476,14.52222],[120.57495,14.52222]]],[[[120.57513,14.52231],[120.57495,14.52222],[120.57494,14.52231],[120.57513,14.52231]]],[[[120.57476,14.52231],[120.57494,14.5224],[120.57494,14.52231],[120.57476,14.52231]]],[[[120.57513,14.5224],[120.57532,14.52231],[120.57513,14.52231],[120.57513,14.5224]]],[[[120.57494,14.5224],[120.57513,14.52249],[120.57513,14.5224],[120.57494,14.5224]]],[[[120.57298,14.52365],[120.57261,14.52373],[120.57298,14.52374],[120.57298,14.52365]]],[[[120.57196,14.52373],[120.57242,14.524],[120.57279,14.524],[120.57196,14.52373]]],[[[120.57279,14.52409],[120.57307,14.52401],[120.57279,14.524],[120.57279,14.52409]]],[[[120.57335,14.52419],[120.57307,14.52419],[120.57335,14.52437],[120.57335,14.52419]]],[[[120.57372,14.52429],[120.57362,14.52465],[120.57371,14.52465],[120.57372,14.52429]]],[[[120.57335,14.52437],[120.57343,14.52482],[120.57344,14.52437],[120.57335,14.52437]]],[[[120.57381,14.52465],[120.57371,14.52483],[120.5738,14.52483],[120.57381,14.52465]]],[[[120.57352,14.52501],[120.57343,14.52482],[120.57343,14.52501],[120.57352,14.52501]]],[[[120.57463,14.52538],[120.57426,14.52528],[120.57426,14.52538],[120.57463,14.52538]]],[[[120.575,14.52538],[120.57528,14.52548],[120.57528,14.52539],[120.575,14.52538]]],[[[120.57398,14.52546],[120.57417,14.52555],[120.57417,14.52546],[120.57398,14.52546]]],[[[120.57445,14.52556],[120.57417,14.52565],[120.57444,14.52565],[120.57445,14.52556]]],[[[120.57519,14.52575],[120.57472,14.52565],[120.57472,14.52574],[120.57519,14.52575]]],[[[120.57508,14.52701],[120.57489,14.52692],[120.57489,14.52701],[120.57508,14.52701]]],[[[120.57471,14.52701],[120.57489,14.5271],[120.57489,14.52701],[120.57471,14.52701]]],[[[120.57303,14.52816],[120.57284,14.52825],[120.57303,14.52825],[120.57303,14.52816]]],[[[120.57312,14.52834],[120.5733,14.52844],[120.5733,14.52835],[120.57312,14.52834]]],[[[120.57395,14.5289],[120.57339,14.52853],[120.57376,14.52889],[120.57395,14.5289]]],[[[120.57496,14.52981],[120.57459,14.52953],[120.57459,14.52971],[120.57495,14.52999],[120.57496,14.52981]]],[[[120.5729,14.53105],[120.573,14.53087],[120.5729,14.53087],[120.5729,14.53105]]],[[[120.57234,14.53177],[120.57215,14.53186],[120.57234,14.53186],[120.57234,14.53177]]],[[[120.57261,14.53186],[120.5728,14.53196],[120.5728,14.53186],[120.57261,14.53186]]],[[[120.57391,14.53188],[120.57373,14.53196],[120.57391,14.53197],[120.57391,14.53188]]],[[[120.57437,14.53206],[120.57419,14.53197],[120.57419,14.53206],[120.57437,14.53206]]],[[[120.57391,14.53224],[120.57409,14.53233],[120.57409,14.53224],[120.57391,14.53224]]],[[[120.57227,14.53791],[120.57236,14.53809],[120.57236,14.53791],[120.57227,14.53791]]],[[[120.57241,14.54243],[120.5725,14.54225],[120.57241,14.54225],[120.57241,14.54243]]],[[[120.57259,14.5427],[120.57249,14.54315],[120.57258,14.54316],[120.57259,14.5427]]],[[[120.57468,14.54652],[120.57422,14.54579],[120.57275,14.54496],[120.5723,14.54388],[120.57229,14.54451],[120.57211,14.54451],[120.57219,14.54496],[120.57238,14.54514],[120.57275,14.54505],[120.57293,14.54533],[120.57349,14.54551],[120.57403,14.54624],[120.5744,14.54634],[120.57449,14.5467],[120.57514,14.54689],[120.57514,14.54671],[120.57468,14.54652]]],[[[120.57292,14.54596],[120.5733,14.54596],[120.5733,14.54578],[120.57293,14.54578],[120.57292,14.54596]]],[[[120.5732,14.54623],[120.5731,14.54641],[120.57338,14.54642],[120.57338,14.54633],[120.5732,14.54623]]],[[[120.57366,14.54669],[120.57338,14.54669],[120.57338,14.54705],[120.57384,14.54732],[120.57393,14.5476],[120.57403,14.54696],[120.57366,14.54669]]],[[[120.57319,14.54723],[120.573,14.54732],[120.57319,14.54732],[120.57319,14.54723]]],[[[120.57568,14.54879],[120.57448,14.54796],[120.57411,14.54805],[120.57383,14.5476],[120.57328,14.54741],[120.57475,14.54896],[120.57493,14.54896],[120.57475,14.54869],[120.57568,14.54879]]],[[[120.57493,14.54896],[120.57502,14.54914],[120.57521,14.54915],[120.57512,14.54896],[120.57493,14.54896]]],[[[120.5714,14.54992],[120.57214,14.55011],[120.57251,14.55011],[120.57186,14.54983],[120.5714,14.54992]]],[[[120.57557,14.55041],[120.57519,14.55059],[120.57417,14.55058],[120.57417,14.55067],[120.57343,14.55066],[120.57343,14.55075],[120.57547,14.55086],[120.57584,14.55042],[120.57585,14.55006],[120.57566,14.54996],[120.57548,14.54942],[120.57539,14.5496],[120.57557,14.54978],[120.57557,14.55041]]],[[[120.57222,14.55056],[120.57204,14.55038],[120.5713,14.55028],[120.57222,14.55056]]],[[[120.57297,14.55048],[120.57315,14.55057],[120.57315,14.55048],[120.57297,14.55048]]],[[[120.57222,14.55056],[120.57241,14.55065],[120.57241,14.55056],[120.57222,14.55056]]],[[[120.57315,14.55066],[120.57343,14.55057],[120.57315,14.55057],[120.57315,14.55066]]],[[[120.57241,14.55065],[120.57259,14.55074],[120.57259,14.55065],[120.57241,14.55065]]],[[[120.57315,14.55111],[120.57333,14.55102],[120.57315,14.55102],[120.57315,14.55111]]],[[[120.57361,14.55112],[120.57398,14.55121],[120.57398,14.55112],[120.57361,14.55112]]],[[[120.57611,14.55123],[120.57518,14.55131],[120.57509,14.55149],[120.5749,14.55149],[120.57509,14.55122],[120.57407,14.55121],[120.57453,14.5514],[120.57453,14.55158],[120.57341,14.5522],[120.57416,14.55203],[120.5736,14.55238],[120.57378,14.55247],[120.57471,14.55194],[120.57518,14.55186],[120.57518,14.55167],[120.57546,14.5515],[120.57639,14.55151],[120.57666,14.55178],[120.57648,14.55142],[120.57611,14.55123]],[[120.57416,14.55203],[120.57434,14.55194],[120.57434,14.55203],[120.57416,14.55203]],[[120.57434,14.55194],[120.57444,14.55185],[120.57444,14.55194],[120.57434,14.55194]],[[120.57462,14.55185],[120.57453,14.55176],[120.57462,14.55176],[120.57462,14.55185]]],[[[120.57304,14.55238],[120.57322,14.55247],[120.57323,14.55238],[120.57304,14.55238]]],[[[120.57341,14.55247],[120.57359,14.55256],[120.5736,14.55247],[120.57341,14.55247]]],[[[120.57313,14.55256],[120.57304,14.55274],[120.57341,14.55256],[120.57313,14.55256]]],[[[120.57257,14.55264],[120.57276,14.55273],[120.57276,14.55264],[120.57257,14.55264]]],[[[120.57211,14.55273],[120.57239,14.55282],[120.57239,14.55273],[120.57211,14.55273]]],[[[120.57285,14.55273],[120.57303,14.55283],[120.57304,14.55274],[120.57285,14.55273]]],[[[120.57201,14.55291],[120.57183,14.55281],[120.57183,14.5529],[120.57201,14.55291]]],[[[120.57266,14.55282],[120.57285,14.55292],[120.57285,14.55283],[120.57266,14.55282]]],[[[120.57229,14.55291],[120.57257,14.553],[120.57257,14.55291],[120.57229,14.55291]]],[[[120.5722,14.55309],[120.57183,14.553],[120.57183,14.55309],[120.5722,14.55309]]],[[[120.57189,14.55607],[120.5717,14.55598],[120.5717,14.55607],[120.57189,14.55607]]],[[[120.57216,14.55607],[120.57253,14.55616],[120.57254,14.55607],[120.57216,14.55607]]],[[[120.57309,14.55608],[120.57328,14.55617],[120.57328,14.55608],[120.57309,14.55608]]],[[[120.57532,14.55619],[120.57513,14.5561],[120.57513,14.55619],[120.57532,14.55619]]],[[[120.57402,14.55627],[120.57365,14.55618],[120.57365,14.55627],[120.57402,14.55627]]],[[[120.57188,14.55625],[120.5717,14.55634],[120.57188,14.55634],[120.57188,14.55625]]],[[[120.57346,14.55626],[120.57365,14.55636],[120.57365,14.55627],[120.57346,14.55626]]],[[[120.57216,14.55634],[120.57235,14.55643],[120.57235,14.55634],[120.57216,14.55634]]],[[[120.57327,14.55635],[120.57346,14.55645],[120.57346,14.55635],[120.57327,14.55635]]],[[[120.57439,14.55645],[120.5742,14.55636],[120.5742,14.55645],[120.57439,14.55645]]],[[[120.57448,14.55646],[120.57503,14.55655],[120.57504,14.55646],[120.57448,14.55646]]],[[[120.57455,14.55881],[120.57501,14.55872],[120.57455,14.55872],[120.57455,14.55881]]],[[[120.57353,14.55889],[120.57427,14.5588],[120.57353,14.55879],[120.57353,14.55889]]],[[[120.57334,14.55897],[120.57288,14.55888],[120.57287,14.55897],[120.57334,14.55897]]],[[[120.57455,14.5589],[120.57492,14.55899],[120.57492,14.5589],[120.57455,14.5589]]],[[[120.57176,14.55896],[120.57269,14.55906],[120.57269,14.55897],[120.57176,14.55896]]],[[[120.57362,14.55907],[120.57427,14.55898],[120.57362,14.55898],[120.57362,14.55907]]],[[[120.57306,14.55906],[120.57343,14.55916],[120.57343,14.55906],[120.57306,14.55906]]],[[[120.57278,14.55924],[120.57167,14.55914],[120.57167,14.55923],[120.57278,14.55924]]],[[[120.57275,14.5615],[120.57248,14.56131],[120.57238,14.56149],[120.57275,14.5615]]],[[[120.57438,14.56531],[120.57401,14.5654],[120.57438,14.5654],[120.57438,14.56531]]],[[[120.57733,14.56688],[120.57539,14.56604],[120.57502,14.56604],[120.57447,14.56612],[120.57446,14.5663],[120.57428,14.56639],[120.57363,14.56638],[120.57316,14.56674],[120.5739,14.56657],[120.57492,14.56667],[120.57511,14.5664],[120.57576,14.56641],[120.57604,14.56668],[120.57733,14.56688]]],[[[120.57298,14.56674],[120.57316,14.56683],[120.57316,14.56674],[120.57298,14.56674]]],[[[120.57177,14.567],[120.57204,14.567],[120.57233,14.56673],[120.57196,14.56673],[120.57177,14.567]]],[[[120.57431,14.57181],[120.57348,14.57126],[120.57403,14.5719],[120.57496,14.57191],[120.57431,14.57181]]],[[[120.57181,14.5717],[120.57162,14.57169],[120.57162,14.57188],[120.5719,14.57188],[120.57181,14.5717]]],[[[120.57544,14.57896],[120.57461,14.57814],[120.57406,14.57786],[120.57388,14.5775],[120.57323,14.5774],[120.57166,14.5763],[120.57074,14.5762],[120.56945,14.57547],[120.56611,14.57507],[120.56547,14.57461],[120.56482,14.57451],[120.56593,14.57507],[120.56602,14.57525],[120.56695,14.57526],[120.5675,14.57554],[120.56917,14.57564],[120.57083,14.57647],[120.57157,14.57648],[120.57286,14.57731],[120.57313,14.57767],[120.57369,14.57777],[120.57406,14.57822],[120.57461,14.57841],[120.57507,14.57894],[120.57544,14.57896]]],[[[120.57607,14.50371],[120.57766,14.50291],[120.57804,14.50256],[120.57766,14.50255],[120.57748,14.50282],[120.5772,14.50282],[120.57598,14.50353],[120.57468,14.50379],[120.5757,14.5038],[120.5757,14.50416],[120.57589,14.50398],[120.57598,14.50416],[120.57607,14.50371]]],[[[120.57887,14.50257],[120.57961,14.50266],[120.57989,14.50294],[120.58035,14.50294],[120.57943,14.50248],[120.57887,14.50257]]],[[[120.57845,14.50681],[120.57808,14.50689],[120.57845,14.5069],[120.57845,14.50681]]],[[[120.58123,14.50747],[120.57993,14.50745],[120.57797,14.50825],[120.57788,14.50843],[120.57714,14.50851],[120.57638,14.50968],[120.57508,14.51002],[120.57536,14.51003],[120.57526,14.51021],[120.57544,14.51048],[120.576,14.51022],[120.57675,14.51013],[120.57703,14.50995],[120.57722,14.50941],[120.57787,14.50888],[120.57871,14.50853],[120.57955,14.50844],[120.58001,14.50809],[120.58048,14.50809],[120.58094,14.50864],[120.58112,14.50864],[120.58103,14.50846],[120.58122,14.50837],[120.58113,14.50819],[120.58141,14.50765],[120.58123,14.50747]],[[120.58103,14.50819],[120.58076,14.50782],[120.57974,14.50781],[120.57741,14.50906],[120.5775,14.50869],[120.57965,14.50772],[120.58085,14.50774],[120.58113,14.50801],[120.58103,14.50819]],[[120.57741,14.50906],[120.57731,14.50914],[120.57731,14.50905],[120.57741,14.50906]],[[120.57563,14.51021],[120.57582,14.50994],[120.57619,14.50995],[120.57563,14.51021]],[[120.57665,14.51004],[120.57647,14.50995],[120.57657,14.50977],[120.57675,14.50986],[120.57665,14.51004]]],[[[120.58035,14.51152],[120.58053,14.51162],[120.58053,14.51153],[120.58035,14.51152]]],[[[120.5797,14.51161],[120.58025,14.5117],[120.58025,14.51161],[120.5797,14.51161]]],[[[120.57933,14.51169],[120.5797,14.51179],[120.5797,14.5117],[120.57933,14.51169]]],[[[120.57914,14.51178],[120.57932,14.51188],[120.57933,14.51179],[120.57914,14.51178]]],[[[120.5783,14.51196],[120.57868,14.51187],[120.5783,14.51187],[120.5783,14.51196]]],[[[120.57914,14.51196],[120.57886,14.51187],[120.57886,14.51196],[120.57914,14.51196]]],[[[120.57707,14.51447],[120.57716,14.51465],[120.57716,14.51447],[120.57707,14.51447]]],[[[120.57734,14.51493],[120.57743,14.51511],[120.57744,14.51493],[120.57734,14.51493]]],[[[120.57762,14.5152],[120.57752,14.51538],[120.57762,14.51538],[120.57762,14.5152]]],[[[120.57752,14.51592],[120.57798,14.51602],[120.57798,14.51575],[120.57752,14.51592]]],[[[120.57845,14.51584],[120.57826,14.51593],[120.57845,14.51593],[120.57845,14.51584]]],[[[120.57705,14.51601],[120.57733,14.5161],[120.57733,14.51592],[120.57705,14.51601]]],[[[120.57854,14.51611],[120.579,14.51594],[120.57872,14.51593],[120.57854,14.51611]]],[[[120.57548,14.51608],[120.57649,14.51627],[120.5765,14.51609],[120.57594,14.51609],[120.5752,14.51581],[120.57548,14.51608]]],[[[120.57937,14.51612],[120.58002,14.51604],[120.57937,14.51603],[120.57937,14.51612]]],[[[120.58021,14.51604],[120.58039,14.51613],[120.58039,14.51604],[120.58021,14.51604]]],[[[120.57659,14.51609],[120.57677,14.51619],[120.57678,14.51601],[120.57659,14.51609]]],[[[120.579,14.51621],[120.57919,14.51612],[120.579,14.51612],[120.579,14.51621]]],[[[120.58039,14.51631],[120.57993,14.51622],[120.57993,14.51631],[120.58039,14.51631]]],[[[120.57389,14.51724],[120.57407,14.51742],[120.57481,14.51761],[120.57536,14.51816],[120.5761,14.51853],[120.57637,14.51907],[120.57711,14.5198],[120.57775,14.52044],[120.5783,14.52072],[120.5783,14.5209],[120.57867,14.52126],[120.57875,14.52208],[120.57893,14.52226],[120.57894,14.52145],[120.57876,14.52099],[120.57812,14.52027],[120.57775,14.52017],[120.5772,14.51953],[120.57702,14.51953],[120.5761,14.51835],[120.57536,14.51798],[120.57481,14.51743],[120.57287,14.51687],[120.57305,14.51705],[120.57389,14.51724]]],[[[120.58025,14.52011],[120.58016,14.52002],[120.57998,14.52001],[120.58007,14.5202],[120.58025,14.52011]]],[[[120.57865,14.52226],[120.57865,14.52244],[120.57884,14.52253],[120.57884,14.52226],[120.57865,14.52226]]],[[[120.57661,14.52251],[120.57541,14.52241],[120.57541,14.5225],[120.57661,14.52251]]],[[[120.57735,14.52261],[120.57698,14.52251],[120.57698,14.5226],[120.57735,14.52261]]],[[[120.57559,14.52259],[120.5767,14.52269],[120.5767,14.5226],[120.57559,14.52259]]],[[[120.57717,14.52269],[120.57735,14.52279],[120.57735,14.5227],[120.57717,14.52269]]],[[[120.57818,14.52289],[120.57855,14.52316],[120.57874,14.52253],[120.57856,14.52253],[120.57837,14.52289],[120.57818,14.52289]]],[[[120.57928,14.52479],[120.57937,14.52461],[120.57928,14.52461],[120.57928,14.52479]]],[[[120.57537,14.52548],[120.57556,14.52557],[120.57556,14.52548],[120.57537,14.52548]]],[[[120.57964,14.52543],[120.57954,14.52588],[120.57964,14.52588],[120.57964,14.52543]]],[[[120.57546,14.52575],[120.57518,14.52584],[120.57546,14.52584],[120.57546,14.52575]]],[[[120.57945,14.52615],[120.57936,14.52552],[120.57935,14.52615],[120.57945,14.52615]]],[[[120.57583,14.52639],[120.57574,14.52593],[120.57573,14.52638],[120.57583,14.52639]]],[[[120.57592,14.52657],[120.57583,14.52639],[120.57583,14.52657],[120.57592,14.52657]]],[[[120.57564,14.52665],[120.57564,14.52638],[120.57555,14.52638],[120.57555,14.52665],[120.57564,14.52665]]],[[[120.57555,14.52674],[120.57536,14.52665],[120.57536,14.52683],[120.57545,14.52683],[120.57555,14.52674]]],[[[120.58027,14.52706],[120.58046,14.52697],[120.58027,14.52697],[120.58027,14.52706]]],[[[120.5761,14.52711],[120.57628,14.5272],[120.57628,14.52711],[120.5761,14.52711]]],[[[120.57684,14.52721],[120.57675,14.52712],[120.57656,14.52712],[120.57665,14.5273],[120.57684,14.52721]]],[[[120.58055,14.52725],[120.58036,14.52734],[120.58055,14.52734],[120.58055,14.52725]]],[[[120.57674,14.52748],[120.57665,14.52739],[120.57647,14.52739],[120.57656,14.52757],[120.57674,14.52748]]],[[[120.57683,14.52766],[120.57702,14.52775],[120.57702,14.52766],[120.57683,14.52766]]],[[[120.57729,14.52794],[120.57711,14.52784],[120.57711,14.52793],[120.57729,14.52794]]],[[[120.57748,14.52794],[120.57729,14.52803],[120.57748,14.52803],[120.57748,14.52794]]],[[[120.57748,14.52803],[120.57775,14.5283],[120.57794,14.5283],[120.57776,14.52803],[120.57748,14.52803]]],[[[120.5784,14.52849],[120.57859,14.52858],[120.57859,14.52849],[120.5784,14.52849]]],[[[120.57877,14.52867],[120.57905,14.52859],[120.57877,14.52858],[120.57877,14.52867]]],[[[120.57923,14.52868],[120.57905,14.52877],[120.57923,14.52877],[120.57923,14.52868]]],[[[120.58007,14.52869],[120.5796,14.52877],[120.58007,14.52878],[120.58007,14.52869]]],[[[120.57942,14.52886],[120.57923,14.52877],[120.57923,14.52886],[120.57942,14.52886]]],[[[120.58053,14.52887],[120.58035,14.52878],[120.58035,14.52887],[120.58053,14.52887]]],[[[120.58016,14.52887],[120.58034,14.52896],[120.58035,14.52887],[120.58016,14.52887]]],[[[120.57979,14.52896],[120.5796,14.52904],[120.57979,14.52905],[120.57979,14.52896]]],[[[120.57997,14.52896],[120.58016,14.52905],[120.58016,14.52896],[120.57997,14.52896]]],[[[120.57979,14.52905],[120.57997,14.52914],[120.57997,14.52905],[120.57979,14.52905]]],[[[120.57865,14.53084],[120.57856,14.53066],[120.57856,14.53084],[120.57865,14.53084]]],[[[120.5755,14.53099],[120.57559,14.53081],[120.5755,14.53081],[120.5755,14.53099]]],[[[120.57845,14.53247],[120.5791,14.53238],[120.57845,14.53237],[120.57845,14.53247]]],[[[120.57919,14.53256],[120.57947,14.53248],[120.57919,14.53247],[120.57919,14.53256]]],[[[120.57789,14.53273],[120.57827,14.53228],[120.57697,14.53227],[120.57632,14.53271],[120.5765,14.53272],[120.5765,14.5329],[120.57668,14.53299],[120.57696,14.53299],[120.57789,14.53273]]],[[[120.57576,14.53262],[120.57594,14.53271],[120.57595,14.53262],[120.57576,14.53262]]],[[[120.57993,14.53284],[120.57975,14.53275],[120.57975,14.53284],[120.57993,14.53284]]],[[[120.58021,14.53284],[120.58002,14.53293],[120.58021,14.53294],[120.58021,14.53284]]],[[[120.57789,14.53318],[120.57816,14.53319],[120.57845,14.53292],[120.57882,14.53283],[120.57835,14.53283],[120.57789,14.53318]]],[[[120.5803,14.53303],[120.58048,14.53312],[120.58049,14.53303],[120.5803,14.53303]]],[[[120.57752,14.53318],[120.57789,14.53327],[120.57789,14.53318],[120.57752,14.53318]]],[[[120.57714,14.53326],[120.57686,14.53335],[120.57714,14.53336],[120.57714,14.53326]]],[[[120.57775,14.53752],[120.57701,14.53715],[120.57645,14.53732],[120.57562,14.53704],[120.57478,14.53703],[120.57304,14.53521],[120.5734,14.53594],[120.57405,14.53649],[120.57405,14.53667],[120.57497,14.5374],[120.57562,14.53731],[120.57756,14.53779],[120.57876,14.5378],[120.57867,14.53753],[120.57895,14.53744],[120.57775,14.53752]]],[[[120.57924,14.53699],[120.57934,14.53645],[120.57924,14.53645],[120.57924,14.53699]]],[[[120.57692,14.53706],[120.57664,14.53651],[120.57664,14.53678],[120.57692,14.53706]]],[[[120.57942,14.53717],[120.57933,14.53699],[120.57933,14.53717],[120.57942,14.53717]]],[[[120.57951,14.53726],[120.57923,14.53753],[120.57895,14.53753],[120.57886,14.5378],[120.57997,14.53772],[120.57969,14.53763],[120.57988,14.53745],[120.57951,14.53726]]],[[[120.58034,14.53772],[120.58006,14.5379],[120.58034,14.53818],[120.58089,14.53818],[120.58062,14.53809],[120.5809,14.53791],[120.58043,14.53791],[120.58034,14.53772]]],[[[120.57886,14.54557],[120.57822,14.54538],[120.57758,14.54474],[120.57693,14.54456],[120.57619,14.54374],[120.57546,14.54346],[120.57417,14.54236],[120.57344,14.54109],[120.57299,14.53982],[120.57244,14.53936],[120.57226,14.53863],[120.57235,14.53945],[120.57281,14.53982],[120.57326,14.54072],[120.57335,14.54136],[120.57353,14.54145],[120.57389,14.54227],[120.57444,14.54281],[120.57444,14.54299],[120.57601,14.544],[120.57628,14.54446],[120.57656,14.54446],[120.57683,14.54474],[120.5772,14.54483],[120.57738,14.54519],[120.57794,14.54538],[120.57812,14.54565],[120.57868,14.54575],[120.57941,14.54639],[120.57951,14.54612],[120.57886,14.54557]]],[[[120.57978,14.54657],[120.57997,14.54667],[120.57997,14.54657],[120.57978,14.54657]]],[[[120.57997,14.54667],[120.57978,14.54684],[120.58034,14.54676],[120.58034,14.54667],[120.57997,14.54667]]],[[[120.58006,14.54694],[120.58043,14.54685],[120.58006,14.54685],[120.58006,14.54694]]],[[[120.57523,14.54707],[120.57532,14.54725],[120.57532,14.54707],[120.57523,14.54707]]],[[[120.57532,14.54743],[120.57551,14.54734],[120.57532,14.54725],[120.57532,14.54743]]],[[[120.57568,14.54816],[120.57578,14.54798],[120.5756,14.5477],[120.57559,14.54807],[120.57568,14.54816]]],[[[120.57614,14.54843],[120.57633,14.54852],[120.57633,14.54843],[120.57614,14.54843]]],[[[120.57762,14.54908],[120.57744,14.54899],[120.57744,14.54908],[120.57762,14.54908]]],[[[120.5753,14.54915],[120.5753,14.54942],[120.57539,14.54942],[120.5753,14.54915]]],[[[120.57594,14.5497],[120.57604,14.54988],[120.57604,14.5497],[120.57594,14.5497]]],[[[120.57613,14.54943],[120.57622,14.55015],[120.57658,14.55061],[120.57695,14.55079],[120.57704,14.55115],[120.57806,14.55125],[120.57824,14.5518],[120.57926,14.5519],[120.57926,14.55172],[120.57871,14.55126],[120.57871,14.5509],[120.57825,14.55071],[120.57825,14.55053],[120.57853,14.55054],[120.57854,14.55026],[120.57789,14.54944],[120.57697,14.54943],[120.57568,14.54879],[120.57576,14.54915],[120.57613,14.54943]],[[120.57678,14.55007],[120.57668,14.55024],[120.57668,14.55006],[120.57678,14.55007]],[[120.57733,14.55061],[120.57724,14.55025],[120.57752,14.55025],[120.5776,14.55062],[120.57733,14.55061]]],[[[120.58009,14.55218],[120.58028,14.55209],[120.58,14.552],[120.57945,14.55136],[120.57972,14.55199],[120.58009,14.55218]]],[[[120.57731,14.55188],[120.5775,14.55188],[120.5775,14.55179],[120.57731,14.5517],[120.57731,14.55188]]],[[[120.57694,14.55214],[120.57694,14.55196],[120.57676,14.55187],[120.57675,14.55205],[120.57694,14.55214]]],[[[120.57694,14.55233],[120.57712,14.55224],[120.57694,14.55214],[120.57694,14.55233]]],[[[120.57832,14.55306],[120.57813,14.55315],[120.57832,14.55315],[120.57832,14.55306]]],[[[120.57979,14.55407],[120.57989,14.55389],[120.57979,14.55389],[120.57979,14.55407]]],[[[120.57998,14.55416],[120.57988,14.55489],[120.58006,14.55516],[120.57998,14.55416]]],[[[120.57987,14.55516],[120.57996,14.55561],[120.57997,14.55516],[120.57987,14.55516]]],[[[120.57987,14.55588],[120.57977,14.55606],[120.57986,14.55606],[120.57987,14.55588]]],[[[120.57764,14.55595],[120.57662,14.55594],[120.57662,14.55603],[120.5781,14.55622],[120.57828,14.55622],[120.57829,14.55604],[120.57866,14.55605],[120.5782,14.55577],[120.57764,14.55595]]],[[[120.5756,14.55602],[120.57662,14.55612],[120.57662,14.55603],[120.5756,14.55602]]],[[[120.57931,14.55605],[120.57866,14.55614],[120.57931,14.55614],[120.57931,14.55605]]],[[[120.57977,14.55615],[120.57931,14.55614],[120.5793,14.55623],[120.57977,14.55615]]],[[[120.57522,14.55637],[120.57587,14.55647],[120.57587,14.55638],[120.57522,14.55637]]],[[[120.57596,14.55647],[120.57652,14.55648],[120.57596,14.55638],[120.57596,14.55647]]],[[[120.57671,14.55648],[120.57698,14.55657],[120.57698,14.55648],[120.57671,14.55648]]],[[[120.57958,14.55642],[120.5781,14.55631],[120.57708,14.55648],[120.57865,14.5565],[120.57939,14.55687],[120.58004,14.55697],[120.57958,14.5566],[120.57958,14.55642]]],[[[120.57622,14.55837],[120.5765,14.55828],[120.57622,14.55828],[120.57622,14.55837]]],[[[120.57659,14.55856],[120.57613,14.55846],[120.57613,14.55855],[120.57659,14.55856]]],[[[120.57687,14.55847],[120.57705,14.55856],[120.57705,14.55847],[120.57687,14.55847]]],[[[120.57603,14.55864],[120.57585,14.55855],[120.57585,14.55864],[120.57603,14.55864]]],[[[120.57724,14.55865],[120.57705,14.55856],[120.57705,14.55865],[120.57724,14.55865]]],[[[120.57835,14.55866],[120.57891,14.55858],[120.57835,14.55857],[120.57835,14.55866]]],[[[120.57946,14.55868],[120.57909,14.55858],[120.57909,14.55867],[120.57946,14.55868]]],[[[120.57993,14.55859],[120.58011,14.55868],[120.58011,14.55859],[120.57993,14.55859]]],[[[120.5752,14.55863],[120.57538,14.55872],[120.57538,14.55863],[120.5752,14.55863]]],[[[120.57566,14.55882],[120.57547,14.55872],[120.57547,14.55882],[120.57566,14.55882]]],[[[120.57844,14.55876],[120.57937,14.55886],[120.57937,14.55877],[120.57844,14.55876]]],[[[120.57993,14.55886],[120.5802,14.55877],[120.57993,14.55877],[120.57993,14.55886]]],[[[120.5751,14.55881],[120.57547,14.55891],[120.57547,14.55882],[120.5751,14.55881]]],[[[120.57583,14.55981],[120.57555,14.55999],[120.57555,14.56017],[120.57583,14.55999],[120.57583,14.55981]]],[[[120.57738,14.56218],[120.57692,14.56208],[120.57692,14.56217],[120.57738,14.56218]]],[[[120.57522,14.56541],[120.57568,14.56532],[120.57522,14.56532],[120.57522,14.56541]]],[[[120.57586,14.5655],[120.57614,14.56542],[120.57587,14.56541],[120.57586,14.5655]]],[[[120.57772,14.56543],[120.57726,14.56552],[120.57772,14.56552],[120.57772,14.56543]]],[[[120.57688,14.56552],[120.57614,14.5656],[120.57688,14.56561],[120.57688,14.56552]]],[[[120.578,14.56562],[120.57828,14.56553],[120.578,14.56553],[120.578,14.56562]]],[[[120.57985,14.56555],[120.58004,14.56564],[120.58004,14.56555],[120.57985,14.56555]]],[[[120.57874,14.56572],[120.57957,14.56563],[120.57874,14.56562],[120.57874,14.56572]]],[[[120.58031,14.56645],[120.5804,14.56618],[120.57994,14.56618],[120.57994,14.56636],[120.58031,14.56645]]],[[[120.5802,14.56799],[120.58057,14.56799],[120.58048,14.56727],[120.58197,14.56728],[120.58243,14.56711],[120.58188,14.5671],[120.58169,14.56692],[120.58002,14.56699],[120.58002,14.56681],[120.57761,14.56679],[120.57761,14.56688],[120.57733,14.56688],[120.57974,14.56699],[120.57945,14.56843],[120.57842,14.56924],[120.57823,14.56996],[120.57786,14.57004],[120.57776,14.57022],[120.57702,14.57049],[120.57637,14.57048],[120.57609,14.57066],[120.57534,14.57074],[120.57524,14.57146],[120.57496,14.57173],[120.57515,14.57182],[120.57505,14.572],[120.57385,14.57199],[120.57458,14.57227],[120.57514,14.57218],[120.5758,14.5712],[120.57775,14.57076],[120.57822,14.57041],[120.57869,14.5705],[120.57887,14.57032],[120.57898,14.56942],[120.57982,14.5688],[120.5801,14.5688],[120.58028,14.56844],[120.5801,14.56853],[120.57991,14.56844],[120.5802,14.56799]],[[120.57533,14.57182],[120.57524,14.57173],[120.57533,14.57164],[120.57533,14.57182]],[[120.57543,14.57164],[120.57534,14.57128],[120.57562,14.5711],[120.57543,14.57164]],[[120.57562,14.5711],[120.57571,14.57101],[120.57571,14.5711],[120.57562,14.5711]],[[120.57571,14.57092],[120.57609,14.57075],[120.57683,14.57075],[120.57776,14.5704],[120.57766,14.57058],[120.57692,14.57085],[120.57618,14.57084],[120.57599,14.57102],[120.57571,14.57092]],[[120.57776,14.57031],[120.57785,14.57022],[120.57804,14.57023],[120.57794,14.5704],[120.57776,14.57031]],[[120.57804,14.57013],[120.57823,14.57014],[120.57841,14.57005],[120.57832,14.57023],[120.57804,14.57013]],[[120.57841,14.57005],[120.57851,14.56996],[120.5785,14.57005],[120.57841,14.57005]],[[120.57851,14.56987],[120.5787,14.56924],[120.57907,14.56888],[120.57926,14.56888],[120.57879,14.56933],[120.5786,14.56996],[120.57851,14.56987]],[[120.57926,14.56888],[120.57935,14.56879],[120.57935,14.56888],[120.57926,14.56888]],[[120.57973,14.56798],[120.57964,14.56843],[120.57964,14.56798],[120.57973,14.56798]],[[120.5786,14.57014],[120.57869,14.57032],[120.57859,14.57032],[120.5786,14.57014]]],[[[120.57928,14.57548],[120.58132,14.57532],[120.58216,14.57515],[120.58207,14.57496],[120.58281,14.57488],[120.58198,14.57487],[120.58133,14.57423],[120.58013,14.57386],[120.57679,14.5741],[120.57605,14.57382],[120.57522,14.57381],[120.57494,14.57354],[120.57448,14.57344],[120.57346,14.57343],[120.5729,14.57388],[120.57216,14.57387],[120.57169,14.57413],[120.57122,14.57413],[120.57122,14.57431],[120.57169,14.57432],[120.57206,14.57414],[120.57308,14.57406],[120.57336,14.5737],[120.57475,14.57371],[120.57521,14.57408],[120.57614,14.57409],[120.5767,14.57437],[120.57837,14.5742],[120.57911,14.5743],[120.57939,14.57412],[120.57985,14.57413],[120.58105,14.57441],[120.58161,14.57487],[120.5816,14.57505],[120.58132,14.57514],[120.57928,14.5753],[120.57826,14.57574],[120.57844,14.57583],[120.57928,14.57548]],[[120.58059,14.57423],[120.58041,14.57413],[120.58059,14.57414],[120.58059,14.57423]]],[[[120.57742,14.57591],[120.5777,14.57582],[120.57742,14.57582],[120.57742,14.57591]]],[[[120.5777,14.576],[120.57826,14.57574],[120.57779,14.57582],[120.5777,14.576]]],[[[120.58146,14.50331],[120.58164,14.50341],[120.58164,14.50332],[120.58146,14.50331]]],[[[120.58164,14.5035],[120.58183,14.50341],[120.58164,14.50341],[120.58164,14.5035]]],[[[120.58183,14.5035],[120.58201,14.50359],[120.58201,14.5035],[120.58183,14.5035]]],[[[120.5822,14.50368],[120.58201,14.50359],[120.58201,14.50368],[120.5822,14.50368]]],[[[120.58229,14.50368],[120.58247,14.50378],[120.58247,14.50369],[120.58229,14.50368]]],[[[120.58275,14.50387],[120.58303,14.50378],[120.58275,14.50378],[120.58275,14.50387]]],[[[120.58321,14.50387],[120.58303,14.50396],[120.58321,14.50397],[120.58321,14.50387]]],[[[120.58404,14.50424],[120.5833,14.50406],[120.58339,14.50424],[120.58404,14.50424]]],[[[120.5846,14.50425],[120.58423,14.50434],[120.5846,14.50434],[120.5846,14.50425]]],[[[120.58579,14.5058],[120.58524,14.50471],[120.58488,14.50434],[120.5846,14.50434],[120.58506,14.50471],[120.58533,14.50552],[120.58579,14.5058]]],[[[120.58217,14.50594],[120.58199,14.50585],[120.58199,14.50594],[120.58217,14.50594]]],[[[120.5855,14.50706],[120.58513,14.50697],[120.58513,14.50706],[120.5855,14.50706]]],[[[120.58513,14.50715],[120.58485,14.50705],[120.58485,14.50714],[120.58513,14.50715]]],[[[120.58485,14.50723],[120.58457,14.50714],[120.58457,14.50723],[120.58485,14.50723]]],[[[120.58578,14.50652],[120.58383,14.50695],[120.58345,14.5074],[120.58308,14.50758],[120.58243,14.50784],[120.58187,14.50784],[120.58159,14.5081],[120.58326,14.50776],[120.58411,14.50705],[120.58578,14.50652]]],[[[120.58429,14.50723],[120.5842,14.50741],[120.58457,14.50732],[120.58457,14.50723],[120.58429,14.50723]]],[[[120.58345,14.50785],[120.5827,14.50803],[120.58261,14.50821],[120.58205,14.50829],[120.58316,14.50857],[120.58344,14.5083],[120.584,14.50813],[120.58391,14.50768],[120.5842,14.50741],[120.58345,14.50785]]],[[[120.5814,14.50828],[120.58159,14.50819],[120.58159,14.5081],[120.58131,14.5081],[120.5814,14.50828]]],[[[120.5835,14.51174],[120.58359,14.51156],[120.5835,14.51156],[120.5835,14.51174]]],[[[120.58321,14.51264],[120.58257,14.51227],[120.58229,14.51173],[120.58174,14.51163],[120.58155,14.51145],[120.58072,14.51144],[120.58211,14.51181],[120.58247,14.51218],[120.58247,14.51254],[120.58275,14.51254],[120.58312,14.51282],[120.58377,14.51273],[120.58321,14.51264]]],[[[120.58516,14.51266],[120.58442,14.51265],[120.58386,14.51283],[120.58525,14.51284],[120.58516,14.51266]]],[[[120.58191,14.51308],[120.582,14.5129],[120.58163,14.51307],[120.58191,14.51308]]],[[[120.58181,14.51362],[120.58199,14.51371],[120.58199,14.51362],[120.58181,14.51362]]],[[[120.58162,14.51371],[120.58181,14.5138],[120.58181,14.51371],[120.58162,14.51371]]],[[[120.58116,14.51388],[120.58153,14.5138],[120.58116,14.51379],[120.58116,14.51388]]],[[[120.58336,14.51562],[120.58318,14.51553],[120.58318,14.51562],[120.58336,14.51562]]],[[[120.58151,14.5156],[120.58179,14.5157],[120.58179,14.51561],[120.58151,14.5156]]],[[[120.58197,14.5157],[120.58262,14.51561],[120.58197,14.51561],[120.58197,14.5157]]],[[[120.58299,14.51562],[120.58318,14.51571],[120.58318,14.51562],[120.58299,14.51562]]],[[[120.58346,14.51562],[120.58364,14.51571],[120.58364,14.51562],[120.58346,14.51562]]],[[[120.58364,14.51571],[120.58383,14.51581],[120.58383,14.51572],[120.58364,14.51571]]],[[[120.58104,14.51578],[120.58123,14.51587],[120.58123,14.51578],[120.58104,14.51578]]],[[[120.58151,14.51587],[120.58179,14.51579],[120.58151,14.51578],[120.58151,14.51587]]],[[[120.58253,14.51579],[120.58216,14.51588],[120.58253,14.51588],[120.58253,14.51579]]],[[[120.58401,14.5159],[120.58383,14.51581],[120.58382,14.5159],[120.58401,14.5159]]],[[[120.58076,14.51587],[120.58095,14.51596],[120.58095,14.51587],[120.58076,14.51587]]],[[[120.5829,14.51589],[120.58262,14.51598],[120.5829,14.51598],[120.5829,14.51589]]],[[[120.58308,14.51598],[120.58336,14.51589],[120.58308,14.51589],[120.58308,14.51598]]],[[[120.58373,14.5159],[120.58355,14.51598],[120.58373,14.51599],[120.58373,14.5159]]],[[[120.5841,14.5159],[120.58447,14.51599],[120.58447,14.5159],[120.5841,14.5159]]],[[[120.58048,14.51604],[120.58067,14.51596],[120.58049,14.51595],[120.58048,14.51604]]],[[[120.58095,14.51605],[120.58113,14.51596],[120.58095,14.51596],[120.58095,14.51605]]],[[[120.58419,14.51608],[120.58438,14.51617],[120.58438,14.51608],[120.58419,14.51608]]],[[[120.58457,14.516],[120.58503,14.51618],[120.58456,14.51627],[120.58531,14.51618],[120.58521,14.516],[120.58457,14.516]]],[[[120.5854,14.51646],[120.58549,14.51664],[120.58549,14.51646],[120.5854,14.51646]]],[[[120.58567,14.51682],[120.58585,14.51691],[120.58585,14.51682],[120.58567,14.51682]]],[[[120.58575,14.5179],[120.58446,14.51744],[120.58344,14.51752],[120.58343,14.5177],[120.58455,14.51762],[120.58556,14.51808],[120.5863,14.51809],[120.58696,14.51747],[120.58668,14.51737],[120.58668,14.51764],[120.58631,14.51791],[120.58575,14.5179]]],[[[120.58278,14.51833],[120.58334,14.51797],[120.58334,14.51779],[120.58278,14.51833]]],[[[120.5812,14.51831],[120.58148,14.51822],[120.5812,14.51822],[120.5812,14.51831]]],[[[120.58166,14.5184],[120.58148,14.51831],[120.58148,14.5184],[120.58166,14.5184]]],[[[120.58241,14.5185],[120.58259,14.51859],[120.58259,14.5185],[120.58241,14.5185]]],[[[120.5809,14.52075],[120.58044,14.5202],[120.58025,14.5202],[120.58071,14.52074],[120.5809,14.52075]]],[[[120.58814,14.52001],[120.58879,14.51983],[120.58796,14.51982],[120.58619,14.52044],[120.58535,14.52043],[120.58451,14.52087],[120.58368,14.52086],[120.58303,14.52113],[120.58163,14.52121],[120.58108,14.52075],[120.5809,14.52084],[120.58163,14.52139],[120.58247,14.52139],[120.58451,14.52105],[120.58554,14.52061],[120.58637,14.52062],[120.58777,14.52009],[120.58869,14.5201],[120.58814,14.52001]],[[120.58777,14.52009],[120.58768,14.52],[120.58777,14.52],[120.58777,14.52009]]],[[[120.58438,14.52467],[120.58456,14.52494],[120.58456,14.52467],[120.58438,14.52467]]],[[[120.58104,14.52508],[120.58113,14.52481],[120.58104,14.52481],[120.58104,14.52508]]],[[[120.58112,14.52545],[120.58122,14.52509],[120.58113,14.52508],[120.58112,14.52545]]],[[[120.58131,14.52545],[120.58055,14.52716],[120.58073,14.52716],[120.58121,14.52635],[120.58131,14.52545]]],[[[120.58092,14.52752],[120.5811,14.52761],[120.5811,14.52752],[120.58092,14.52752]]],[[[120.58119,14.52771],[120.58128,14.52789],[120.58138,14.52789],[120.58138,14.52771],[120.58119,14.52771]]],[[[120.58165,14.52798],[120.58175,14.5278],[120.58166,14.5278],[120.58165,14.52798]]],[[[120.58184,14.52816],[120.58175,14.52798],[120.58174,14.52816],[120.58184,14.52816]]],[[[120.58193,14.52816],[120.58183,14.52834],[120.58193,14.52835],[120.58193,14.52816]]],[[[120.58137,14.52861],[120.58183,14.52853],[120.58156,14.52798],[120.58155,14.52852],[120.58109,14.52852],[120.58137,14.52861]]],[[[120.581,14.52843],[120.58035,14.52851],[120.581,14.52852],[120.581,14.52843]]],[[[120.58211,14.52853],[120.58248,14.52862],[120.58248,14.52853],[120.58211,14.52853]]],[[[120.58248,14.52862],[120.58267,14.52871],[120.58267,14.52862],[120.58248,14.52862]]],[[[120.58285,14.52881],[120.58267,14.52871],[120.58266,14.5288],[120.58285,14.52881]]],[[[120.58118,14.52879],[120.58072,14.52887],[120.58118,14.52888],[120.58118,14.52879]]],[[[120.58192,14.52889],[120.58155,14.52897],[120.58192,14.52898],[120.58192,14.52889]]],[[[120.58201,14.52907],[120.58229,14.52898],[120.58201,14.52898],[120.58201,14.52907]]],[[[120.58266,14.52917],[120.58229,14.52916],[120.58266,14.52926],[120.58266,14.52917]]],[[[120.58294,14.52935],[120.58284,14.52926],[120.58266,14.52926],[120.58275,14.52944],[120.58294,14.52935]]],[[[120.58532,14.53217],[120.58522,14.53235],[120.58532,14.53236],[120.58532,14.53217]]],[[[120.58568,14.53272],[120.58532,14.53236],[120.5854,14.53281],[120.58568,14.53272]]],[[[120.58512,14.5329],[120.58531,14.53299],[120.58531,14.5329],[120.58512,14.5329]]],[[[120.58503,14.53298],[120.58475,14.53307],[120.58503,14.53308],[120.58503,14.53298]]],[[[120.5841,14.53316],[120.58429,14.53325],[120.58429,14.53316],[120.5841,14.53316]]],[[[120.58058,14.5333],[120.58085,14.53321],[120.58058,14.53321],[120.58058,14.5333]]],[[[120.58122,14.53358],[120.58104,14.53331],[120.58085,14.5333],[120.58104,14.53358],[120.58122,14.53358]]],[[[120.58345,14.53351],[120.58326,14.53342],[120.58326,14.53351],[120.58345,14.53351]]],[[[120.58308,14.53351],[120.58326,14.5336],[120.58326,14.53351],[120.58308,14.53351]]],[[[120.58289,14.5336],[120.58307,14.53369],[120.58308,14.5336],[120.58289,14.5336]]],[[[120.5815,14.53376],[120.58141,14.53358],[120.58122,14.53358],[120.58131,14.53376],[120.5815,14.53376]]],[[[120.58214,14.53449],[120.58121,14.53421],[120.58103,14.53394],[120.58066,14.53384],[120.58057,14.53366],[120.57928,14.53293],[120.57882,14.53292],[120.58177,14.53458],[120.58269,14.53459],[120.58325,14.53441],[120.58335,14.53423],[120.58214,14.53449]]],[[[120.5815,14.53376],[120.58168,14.53385],[120.58168,14.53376],[120.5815,14.53376]]],[[[120.58252,14.53395],[120.58289,14.53378],[120.58289,14.53369],[120.58215,14.53386],[120.58252,14.53395]]],[[[120.58168,14.53394],[120.58196,14.53386],[120.58168,14.53385],[120.58168,14.53394]]],[[[120.58196,14.53395],[120.58214,14.53404],[120.58214,14.53395],[120.58196,14.53395]]],[[[120.58335,14.53414],[120.58353,14.53423],[120.58353,14.53414],[120.58335,14.53414]]],[[[120.58331,14.53721],[120.58341,14.5374],[120.58341,14.53721],[120.58331,14.53721]]],[[[120.58192,14.53765],[120.5822,14.53756],[120.58192,14.53756],[120.58192,14.53765]]],[[[120.58127,14.53792],[120.58145,14.53792],[120.58192,14.53747],[120.58155,14.53738],[120.58127,14.53792]],[[120.58174,14.53747],[120.58164,14.53756],[120.58164,14.53747],[120.58174,14.53747]]],[[[120.58108,14.53773],[120.58127,14.53782],[120.58127,14.53773],[120.58108,14.53773]]],[[[120.5809,14.53782],[120.58108,14.53791],[120.58108,14.53782],[120.5809,14.53782]]],[[[120.5822,14.53765],[120.58256,14.53811],[120.58275,14.53802],[120.58266,14.53775],[120.58247,14.53784],[120.58238,14.53766],[120.5822,14.53765]]],[[[120.58108,14.53791],[120.58127,14.53801],[120.58127,14.53792],[120.58108,14.53791]]],[[[120.58089,14.538],[120.58108,14.53809],[120.58108,14.538],[120.58089,14.538]]],[[[120.58376,14.53884],[120.58312,14.53821],[120.58293,14.5382],[120.58293,14.53847],[120.5833,14.53893],[120.58404,14.53921],[120.58422,14.53921],[120.58413,14.53903],[120.58441,14.53903],[120.58376,14.53884]]],[[[120.58459,14.53912],[120.58422,14.5393],[120.58459,14.53958],[120.58458,14.54021],[120.58468,14.53994],[120.58495,14.54021],[120.58496,14.53967],[120.58459,14.53912]]],[[[120.58467,14.54039],[120.58477,14.54021],[120.58467,14.54021],[120.58467,14.54039]]],[[[120.58495,14.54021],[120.58504,14.54039],[120.58504,14.54021],[120.58495,14.54021]]],[[[120.58514,14.54039],[120.58504,14.54066],[120.58513,14.54067],[120.58514,14.54039]]],[[[120.58476,14.54048],[120.58485,14.54066],[120.58486,14.54048],[120.58476,14.54048]]],[[[120.58485,14.54093],[120.58495,14.54066],[120.58485,14.54066],[120.58485,14.54093]]],[[[120.58429,14.5412],[120.58262,14.541],[120.58438,14.54147],[120.58457,14.54138],[120.58429,14.5412]]],[[[120.58623,14.54212],[120.58614,14.54194],[120.58613,14.5423],[120.58576,14.54239],[120.58577,14.54167],[120.58605,14.54158],[120.58549,14.54148],[120.58522,14.54112],[120.58522,14.54076],[120.58513,14.54103],[120.58494,14.54093],[120.58494,14.54121],[120.58521,14.54166],[120.58568,14.54194],[120.58548,14.54302],[120.58455,14.54265],[120.58289,14.54254],[120.5827,14.54236],[120.58215,14.54226],[120.58141,14.54171],[120.58002,14.5417],[120.57983,14.54188],[120.57928,14.54196],[120.58141,14.54198],[120.58288,14.54281],[120.58381,14.54273],[120.58418,14.54291],[120.58483,14.54292],[120.5852,14.5432],[120.58547,14.54374],[120.58557,14.54338],[120.58594,14.54338],[120.58613,14.54311],[120.58631,14.54312],[120.58604,14.54284],[120.58623,14.54212]]],[[[120.58556,14.54374],[120.58565,14.54392],[120.58566,14.54374],[120.58556,14.54374]]],[[[120.5837,14.54408],[120.58333,14.54435],[120.58351,14.54444],[120.58417,14.54409],[120.58445,14.54409],[120.58482,14.54373],[120.5837,14.54408]]],[[[120.58071,14.54676],[120.58052,14.54685],[120.58071,14.54685],[120.58071,14.54676]]],[[[120.58737,14.54783],[120.58886,14.54748],[120.58858,14.5473],[120.58812,14.54729],[120.58793,14.54747],[120.58756,14.54747],[120.58737,14.54774],[120.58663,14.54791],[120.58422,14.54797],[120.58311,14.54769],[120.5821,14.54678],[120.58089,14.54676],[120.58108,14.54695],[120.58052,14.54694],[120.58209,14.54723],[120.58283,14.54796],[120.58403,14.54824],[120.58672,14.54827],[120.58774,14.54801],[120.58737,14.54783]],[[120.58375,14.54797],[120.58394,14.54806],[120.58375,14.54806],[120.58375,14.54797]],[[120.58542,14.54817],[120.58607,14.54799],[120.58663,14.548],[120.58653,14.54818],[120.58542,14.54817]],[[120.5844,14.54807],[120.58477,14.54816],[120.5844,14.54816],[120.5844,14.54807]]],[[[120.58362,14.55176],[120.58372,14.55158],[120.58344,14.5514],[120.58334,14.55176],[120.58362,14.55176]]],[[[120.58083,14.55255],[120.58028,14.55218],[120.58027,14.55299],[120.58054,14.55327],[120.58129,14.55318],[120.58147,14.55337],[120.58147,14.55319],[120.5811,14.553],[120.58083,14.55255]],[[120.58083,14.55282],[120.58064,14.55291],[120.58055,14.55263],[120.58083,14.55282]]],[[[120.58156,14.55355],[120.58165,14.55373],[120.58165,14.55355],[120.58156,14.55355]]],[[[120.58127,14.55436],[120.58145,14.55472],[120.58173,14.55463],[120.58182,14.55509],[120.58174,14.55373],[120.58118,14.554],[120.58127,14.55436]],[[120.58146,14.55445],[120.58146,14.55409],[120.58155,14.55445],[120.58146,14.55445]]],[[[120.58172,14.55554],[120.58181,14.5559],[120.58182,14.55554],[120.58172,14.55554]]],[[[120.58439,14.55809],[120.5842,14.55809],[120.58347,14.55736],[120.58291,14.55718],[120.58273,14.55681],[120.58199,14.55635],[120.5819,14.55599],[120.58181,14.55626],[120.58162,14.55626],[120.58144,14.55581],[120.58126,14.55589],[120.58134,14.55644],[120.5819,14.55662],[120.58226,14.55744],[120.58254,14.55744],[120.58263,14.55762],[120.58346,14.55763],[120.58493,14.55882],[120.58512,14.55882],[120.58439,14.55809]]],[[[120.58105,14.55815],[120.58114,14.55842],[120.58114,14.55815],[120.58105,14.55815]]],[[[120.58048,14.5586],[120.58076,14.55851],[120.58049,14.55851],[120.58048,14.5586]]],[[[120.58058,14.55878],[120.58085,14.55869],[120.58058,14.55869],[120.58058,14.55878]]],[[[120.58132,14.55869],[120.5815,14.55879],[120.5815,14.5587],[120.58132,14.55869]]],[[[120.58445,14.56071],[120.58464,14.56063],[120.58445,14.56062],[120.58445,14.56071]]],[[[120.58482,14.56081],[120.585,14.5609],[120.58501,14.56081],[120.58482,14.56081]]],[[[120.58408,14.56053],[120.5825,14.5606],[120.58167,14.56078],[120.58036,14.5614],[120.58017,14.56166],[120.58045,14.56167],[120.58101,14.56122],[120.58194,14.56087],[120.58389,14.5608],[120.58445,14.56053],[120.58427,14.56053],[120.58427,14.56035],[120.58408,14.56026],[120.58408,14.56053]]],[[[120.58519,14.56108],[120.58537,14.56118],[120.58537,14.56109],[120.58519,14.56108]]],[[[120.58593,14.56145],[120.58574,14.56154],[120.58593,14.56154],[120.58593,14.56145]]],[[[120.58571,14.56434],[120.58404,14.56423],[120.58311,14.56441],[120.58284,14.56368],[120.58211,14.56313],[120.58118,14.56312],[120.58034,14.56347],[120.57997,14.56347],[120.58052,14.56357],[120.58108,14.5633],[120.5821,14.56331],[120.58247,14.5635],[120.58302,14.56449],[120.58255,14.56467],[120.5818,14.56539],[120.58264,14.56557],[120.58394,14.56523],[120.58394,14.56505],[120.58375,14.56504],[120.58366,14.56486],[120.58311,14.56477],[120.58311,14.56459],[120.58357,14.56459],[120.58376,14.56441],[120.58608,14.56453],[120.58571,14.56434]]],[[[120.5805,14.56537],[120.58134,14.56547],[120.58134,14.56538],[120.5805,14.56537]]],[[[120.58662,14.56562],[120.58672,14.56517],[120.58607,14.56489],[120.58533,14.56488],[120.58431,14.56532],[120.58412,14.56568],[120.58532,14.56569],[120.5856,14.56597],[120.58662,14.56562]]],[[[120.58337,14.56603],[120.58319,14.56585],[120.58161,14.56584],[120.58179,14.56611],[120.58198,14.56611],[120.58198,14.56647],[120.5829,14.56639],[120.58337,14.56603]]],[[[120.58087,14.5661],[120.58068,14.56619],[120.58068,14.56637],[120.58105,14.56628],[120.58087,14.5661]]],[[[120.58402,14.56649],[120.5843,14.56641],[120.58402,14.5664],[120.58402,14.56649]]],[[[120.58439,14.5665],[120.58467,14.56641],[120.58439,14.56641],[120.58439,14.5665]]],[[[120.58299,14.56702],[120.58281,14.56693],[120.5828,14.56702],[120.58299,14.56702]]],[[[120.58243,14.56702],[120.5828,14.56711],[120.5828,14.56702],[120.58243,14.56702]]],[[[120.58271,14.56747],[120.5828,14.56765],[120.5828,14.56747],[120.58271,14.56747]]],[[[120.58233,14.56828],[120.58261,14.56783],[120.58214,14.56828],[120.58233,14.56828]]],[[[120.58405,14.57191],[120.58386,14.57191],[120.58368,14.57209],[120.58405,14.57191]]],[[[120.58238,14.5719],[120.5821,14.57198],[120.58266,14.57199],[120.5833,14.57227],[120.58368,14.57218],[120.58238,14.5719]]],[[[120.58327,14.57507],[120.58346,14.57516],[120.58346,14.57507],[120.58327,14.57507]]],[[[120.58281,14.57515],[120.58253,14.57524],[120.58281,14.57524],[120.58281,14.57515]]],[[[120.58346,14.57516],[120.58364,14.57525],[120.58364,14.57516],[120.58346,14.57516]]],[[[120.58299,14.57525],[120.58318,14.57534],[120.58318,14.57525],[120.58299,14.57525]]],[[[120.58364,14.57534],[120.58392,14.57525],[120.58364,14.57525],[120.58364,14.57534]]],[[[120.58392,14.57535],[120.5841,14.57544],[120.58411,14.57535],[120.58392,14.57535]]],[[[120.58327,14.57534],[120.58401,14.57562],[120.58475,14.57608],[120.58521,14.57608],[120.58503,14.5759],[120.5854,14.5759],[120.58438,14.57544],[120.58383,14.57553],[120.58364,14.57534],[120.58327,14.57534]],[[120.5841,14.57553],[120.58429,14.57562],[120.5841,14.57562],[120.5841,14.57553]],[[120.58447,14.57571],[120.58438,14.57562],[120.58447,14.57562],[120.58447,14.57571]]],[[[120.58521,14.57608],[120.58577,14.57618],[120.58577,14.57609],[120.58521,14.57608]]],[[[120.58056,14.57748],[120.58083,14.57757],[120.58084,14.57748],[120.58056,14.57748]]],[[[120.58093,14.57748],[120.58111,14.57757],[120.58111,14.57748],[120.58093,14.57748]]],[[[120.5813,14.57758],[120.58148,14.57749],[120.5813,14.57749],[120.5813,14.57758]]],[[[120.58251,14.5775],[120.58158,14.57758],[120.58204,14.57758],[120.58268,14.57804],[120.58269,14.57768],[120.58251,14.5775]]],[[[120.58565,14.57862],[120.58454,14.57824],[120.58361,14.57823],[120.58361,14.57841],[120.58416,14.57842],[120.58509,14.57879],[120.58583,14.57889],[120.58565,14.57862]]],[[[120.58607,14.50589],[120.58597,14.5058],[120.58579,14.5058],[120.58588,14.50598],[120.58607,14.50589]]],[[[120.58578,14.50661],[120.5868,14.5068],[120.58689,14.50662],[120.58643,14.50626],[120.58652,14.50653],[120.58578,14.50661]]],[[[120.58578,14.50697],[120.58615,14.50707],[120.58615,14.50698],[120.58578,14.50697]]],[[[120.5891,14.50818],[120.58855,14.50745],[120.58809,14.50727],[120.58772,14.5069],[120.58698,14.5068],[120.58624,14.50707],[120.58717,14.50708],[120.58763,14.50735],[120.58827,14.50745],[120.58873,14.50818],[120.58919,14.50854],[120.5891,14.50818]]],[[[120.58919,14.50854],[120.58928,14.50882],[120.58947,14.50882],[120.58919,14.50854]]],[[[120.58956,14.50891],[120.58974,14.50918],[120.58993,14.50918],[120.58974,14.50891],[120.58956,14.50891]]],[[[120.5902,14.50937],[120.59011,14.50919],[120.58993,14.50918],[120.59002,14.50937],[120.5902,14.50937]]],[[[120.58751,14.50934],[120.5877,14.50943],[120.5877,14.50934],[120.58751,14.50934]]],[[[120.58695,14.50979],[120.58667,14.51005],[120.58686,14.51006],[120.58695,14.50979]]],[[[120.59214,14.51065],[120.59168,14.5102],[120.59075,14.50973],[120.59057,14.50946],[120.5902,14.50937],[120.59112,14.51019],[120.59158,14.51038],[120.59186,14.51074],[120.59325,14.51084],[120.59316,14.51066],[120.59214,14.51065]]],[[[120.59398,14.51121],[120.59371,14.51085],[120.59325,14.51084],[120.59352,14.51103],[120.59361,14.5113],[120.59398,14.51121]]],[[[120.59352,14.51148],[120.59361,14.5113],[120.59352,14.5113],[120.59352,14.51148]]],[[[120.58897,14.51197],[120.58915,14.51207],[120.58915,14.51198],[120.58897,14.51197]]],[[[120.58989,14.51217],[120.59017,14.51208],[120.58989,14.51207],[120.58989,14.51217]]],[[[120.5923,14.51228],[120.59212,14.51219],[120.59212,14.51228],[120.5923,14.51228]]],[[[120.59156,14.512],[120.59054,14.51208],[120.59073,14.51226],[120.58943,14.51234],[120.58878,14.51224],[120.58878,14.51206],[120.58702,14.51214],[120.58636,14.51258],[120.58599,14.51258],[120.58543,14.51284],[120.58524,14.51329],[120.58487,14.51347],[120.5833,14.51336],[120.58227,14.51344],[120.58199,14.51362],[120.58394,14.51346],[120.58506,14.51356],[120.5859,14.51294],[120.58664,14.51285],[120.58692,14.51259],[120.58757,14.51241],[120.58878,14.51233],[120.58896,14.51252],[120.58933,14.51252],[120.58961,14.51234],[120.59128,14.51236],[120.59137,14.51254],[120.59211,14.51255],[120.59174,14.51246],[120.59212,14.51228],[120.59165,14.51227],[120.59156,14.512]],[[120.5872,14.51223],[120.58776,14.51223],[120.58776,14.51232],[120.58702,14.51241],[120.5872,14.51223]]],[[[120.59655,14.51377],[120.59608,14.51494],[120.59506,14.51484],[120.59357,14.51546],[120.59301,14.51545],[120.59283,14.51527],[120.59236,14.51535],[120.59163,14.5148],[120.59079,14.5147],[120.58903,14.51469],[120.58792,14.51495],[120.59079,14.51488],[120.59107,14.51507],[120.59162,14.51507],[120.59199,14.51553],[120.59394,14.51564],[120.59496,14.51511],[120.59626,14.51521],[120.59673,14.51422],[120.59738,14.51414],[120.59739,14.51396],[120.59701,14.51395],[120.59683,14.51377],[120.59655,14.51377]],[[120.59655,14.51404],[120.59674,14.51395],[120.59674,14.51404],[120.59655,14.51404]]],[[[120.58604,14.51682],[120.58622,14.51692],[120.58623,14.51683],[120.58604,14.51682]]],[[[120.58799,14.51684],[120.58836,14.51694],[120.58836,14.51685],[120.58799,14.51684]]],[[[120.58864,14.51685],[120.58882,14.51694],[120.58882,14.51685],[120.58864,14.51685]]],[[[120.5865,14.51692],[120.58622,14.51701],[120.5865,14.51701],[120.5865,14.51692]]],[[[120.58771,14.51702],[120.58752,14.51693],[120.58752,14.51702],[120.58771,14.51702]]],[[[120.58882,14.51703],[120.58901,14.51694],[120.58882,14.51694],[120.58882,14.51703]]],[[[120.58604,14.517],[120.58622,14.5171],[120.58622,14.51701],[120.58604,14.517]]],[[[120.58863,14.51712],[120.58826,14.51703],[120.58826,14.51712],[120.58863,14.51712]]],[[[120.589,14.51713],[120.58919,14.51704],[120.58901,14.51703],[120.589,14.51713]]],[[[120.5865,14.51719],[120.58622,14.5171],[120.58622,14.51719],[120.5865,14.51719]]],[[[120.58771,14.51711],[120.58789,14.5172],[120.58789,14.51711],[120.58771,14.51711]]],[[[120.58669,14.5171],[120.58734,14.51702],[120.5865,14.51701],[120.58659,14.51719],[120.5865,14.51728],[120.58668,14.51737],[120.58669,14.5171]]],[[[120.58752,14.51729],[120.58733,14.5172],[120.58733,14.51729],[120.58752,14.51729]]],[[[120.58715,14.51729],[120.58733,14.51738],[120.58733,14.51729],[120.58715,14.51729]]],[[[120.58928,14.51749],[120.58947,14.5174],[120.58928,14.5174],[120.58928,14.51749]]],[[[120.58984,14.5174],[120.59002,14.5175],[120.59002,14.51741],[120.58984,14.5174]]],[[[120.59271,14.51752],[120.59336,14.51744],[120.59271,14.51743],[120.59271,14.51752]]],[[[120.59002,14.5175],[120.59039,14.51759],[120.59039,14.5175],[120.59002,14.5175]]],[[[120.59252,14.51752],[120.59271,14.51761],[120.59271,14.51752],[120.59252,14.51752]]],[[[120.59336,14.51762],[120.59354,14.51753],[120.59336,14.51753],[120.59336,14.51762]]],[[[120.58983,14.51768],[120.58965,14.51758],[120.58965,14.51767],[120.58983,14.51768]]],[[[120.59039,14.51768],[120.59067,14.51759],[120.59039,14.51759],[120.59039,14.51768]]],[[[120.59011,14.51768],[120.58983,14.51777],[120.59011,14.51777],[120.59011,14.51768]]],[[[120.59067,14.51777],[120.59104,14.51769],[120.59067,14.51768],[120.59067,14.51777]]],[[[120.59178,14.51779],[120.59206,14.5177],[120.59178,14.5177],[120.59178,14.51779]]],[[[120.59039,14.51777],[120.59011,14.51786],[120.59039,14.51786],[120.59039,14.51777]]],[[[120.59159,14.51778],[120.59122,14.51787],[120.59159,14.51787],[120.59159,14.51778]]],[[[120.59048,14.51795],[120.59067,14.51786],[120.59048,14.51786],[120.59048,14.51795]]],[[[120.59261,14.51798],[120.59234,14.51788],[120.59233,14.51797],[120.59261,14.51798]]],[[[120.59076,14.51805],[120.59104,14.51796],[120.59076,14.51796],[120.59076,14.51805]]],[[[120.59224,14.51806],[120.59187,14.51797],[120.59187,14.51806],[120.59224,14.51806]]],[[[120.59168,14.51806],[120.59103,14.51814],[120.59168,14.51815],[120.59168,14.51806]]],[[[120.58991,14.51957],[120.59075,14.51904],[120.59084,14.5185],[120.59038,14.51849],[120.59028,14.51904],[120.58963,14.51948],[120.58991,14.51957]]],[[[120.58963,14.51957],[120.58981,14.51966],[120.58981,14.51957],[120.58963,14.51957]]],[[[120.58935,14.51966],[120.58944,14.51975],[120.58963,14.51975],[120.58953,14.51957],[120.58935,14.51966]]],[[[120.58916,14.51966],[120.58925,14.51984],[120.58944,14.51984],[120.58935,14.51966],[120.58916,14.51966]]],[[[120.58888,14.51974],[120.58907,14.51984],[120.58907,14.51975],[120.58888,14.51974]]],[[[120.58907,14.51984],[120.58925,14.51993],[120.58925,14.51984],[120.58907,14.51984]]],[[[120.58907,14.52002],[120.58879,14.51992],[120.58879,14.52001],[120.58907,14.52002]]],[[[120.59314,14.52105],[120.59359,14.5216],[120.59387,14.52151],[120.59379,14.52088],[120.59314,14.52105]],[[120.59378,14.52115],[120.59369,14.52142],[120.59341,14.52124],[120.59351,14.52106],[120.59378,14.52115]]],[[[120.58886,14.52236],[120.58923,14.52228],[120.58867,14.52209],[120.58886,14.52236]]],[[[120.58923,14.52246],[120.58941,14.52237],[120.58923,14.52237],[120.58923,14.52246]]],[[[120.58978,14.52255],[120.5896,14.52246],[120.5896,14.52255],[120.58978,14.52255]]],[[[120.59292,14.52412],[120.59283,14.52394],[120.59218,14.52384],[120.59135,14.52347],[120.59098,14.52311],[120.5907,14.5232],[120.59079,14.52338],[120.59153,14.52375],[120.59255,14.52403],[120.59328,14.52458],[120.59365,14.52458],[120.59329,14.52422],[120.59292,14.52412]]],[[[120.59095,14.52618],[120.58965,14.52599],[120.58901,14.52544],[120.58845,14.52525],[120.58827,14.5248],[120.58781,14.52452],[120.58754,14.52407],[120.5868,14.52379],[120.58643,14.52342],[120.58615,14.52342],[120.58652,14.52379],[120.58735,14.52415],[120.58818,14.52507],[120.58817,14.52534],[120.58891,14.52571],[120.58909,14.52598],[120.59002,14.52644],[120.59094,14.52654],[120.59095,14.52618]]],[[[120.58789,14.52543],[120.58789,14.52606],[120.58789,14.5257],[120.58808,14.52543],[120.58789,14.52543]]],[[[120.58687,14.52596],[120.5853,14.52567],[120.58502,14.52522],[120.58484,14.52521],[120.58483,14.52539],[120.58529,14.52585],[120.58677,14.52614],[120.58723,14.52641],[120.58751,14.52632],[120.58797,14.52678],[120.58853,14.5267],[120.58797,14.5266],[120.5878,14.52606],[120.5877,14.52624],[120.58742,14.52623],[120.58687,14.52596]]],[[[120.59206,14.52646],[120.59206,14.52628],[120.59187,14.52619],[120.59123,14.52609],[120.59132,14.52645],[120.59103,14.52663],[120.5915,14.52664],[120.59168,14.52709],[120.59223,14.52764],[120.59316,14.52783],[120.59288,14.52764],[120.59298,14.52701],[120.59261,14.52692],[120.59206,14.52646]],[[120.59196,14.52682],[120.59251,14.52719],[120.59251,14.52746],[120.59232,14.52746],[120.59196,14.52709],[120.59196,14.52682]]],[[[120.5861,14.52839],[120.58628,14.52848],[120.58629,14.52839],[120.5861,14.52839]]],[[[120.58675,14.52858],[120.58638,14.52848],[120.58638,14.52857],[120.58675,14.52858]]],[[[120.58684,14.52858],[120.58702,14.52867],[120.58703,14.52858],[120.58684,14.52858]]],[[[120.59128,14.52925],[120.59147,14.52926],[120.59147,14.52917],[120.59129,14.52907],[120.59128,14.52925]]],[[[120.59165,14.53016],[120.59183,14.52998],[120.59165,14.52998],[120.59165,14.53016]]],[[[120.59321,14.53153],[120.59339,14.53144],[120.5934,14.53126],[120.59321,14.53135],[120.59321,14.53153]]],[[[120.5916,14.53405],[120.59236,14.53315],[120.59218,14.53261],[120.5919,14.53251],[120.59089,14.53142],[120.59043,14.53123],[120.59007,14.53051],[120.58942,14.53032],[120.58933,14.53005],[120.58869,14.52941],[120.58823,14.52913],[120.58776,14.52922],[120.58776,14.52949],[120.58785,14.52931],[120.58813,14.52931],[120.58841,14.52968],[120.58877,14.52977],[120.58942,14.53059],[120.58997,14.53069],[120.59006,14.53114],[120.59043,14.5315],[120.5908,14.5316],[120.59135,14.53215],[120.59134,14.53233],[120.59208,14.53288],[120.59198,14.53333],[120.59114,14.53404],[120.59123,14.5344],[120.59132,14.53413],[120.5916,14.53405]]],[[[120.58929,14.53366],[120.58763,14.53292],[120.58707,14.53292],[120.58688,14.53309],[120.58614,14.533],[120.58549,14.53335],[120.58465,14.53352],[120.58428,14.53388],[120.58372,14.53387],[120.58353,14.53414],[120.58446,14.53388],[120.58511,14.53389],[120.58577,14.53362],[120.58614,14.53327],[120.58688,14.53328],[120.58716,14.5331],[120.58855,14.53338],[120.58919,14.53393],[120.58966,14.53412],[120.58929,14.53366]]],[[[120.59068,14.53413],[120.59086,14.53404],[120.59068,14.53404],[120.59068,14.53413]]],[[[120.59012,14.53439],[120.58993,14.53421],[120.58975,14.53421],[120.58993,14.53448],[120.59012,14.53439]]],[[[120.59039,14.53467],[120.59021,14.53466],[120.59067,14.53494],[120.59039,14.53467]]],[[[120.59113,14.53513],[120.59094,14.53521],[120.59113,14.53522],[120.59113,14.53513]]],[[[120.59214,14.53622],[120.59213,14.5364],[120.5925,14.53668],[120.59223,14.53604],[120.5914,14.53549],[120.59168,14.53594],[120.59214,14.53622]]],[[[120.5926,14.53668],[120.5925,14.53686],[120.59259,14.53686],[120.5926,14.53668]]],[[[120.58767,14.53735],[120.58647,14.53743],[120.58813,14.53771],[120.58767,14.53735]]],[[[120.58915,14.53827],[120.58914,14.53845],[120.58989,14.53846],[120.59035,14.53828],[120.59045,14.5381],[120.58989,14.53827],[120.58915,14.53827]]],[[[120.59367,14.53985],[120.59415,14.53904],[120.59416,14.53823],[120.59377,14.53949],[120.59265,14.54029],[120.59293,14.54029],[120.59367,14.53985]]],[[[120.59246,14.54029],[120.59265,14.54038],[120.59265,14.54029],[120.59246,14.54029]]],[[[120.589,14.5436],[120.589,14.54278],[120.58882,14.54269],[120.58881,14.54323],[120.589,14.5436]]],[[[120.58631,14.5433],[120.5864,14.54312],[120.58631,14.54312],[120.58631,14.5433]]],[[[120.58631,14.54339],[120.58621,14.54357],[120.58631,14.54357],[120.58631,14.54339]]],[[[120.58612,14.54375],[120.58621,14.54357],[120.58612,14.54357],[120.58612,14.54375]]],[[[120.58603,14.54375],[120.58602,14.54393],[120.58621,14.54402],[120.58621,14.54384],[120.58603,14.54375]]],[[[120.58621,14.54402],[120.58639,14.54411],[120.58639,14.54402],[120.58621,14.54402]]],[[[120.58639,14.54411],[120.58658,14.5442],[120.58658,14.54411],[120.58639,14.54411]]],[[[120.58611,14.54429],[120.58593,14.5442],[120.58593,14.54429],[120.58611,14.54429]]],[[[120.59149,14.54443],[120.5914,14.54407],[120.59122,14.54407],[120.59131,14.54443],[120.59149,14.54443]]],[[[120.58611,14.54429],[120.5863,14.54438],[120.5863,14.54429],[120.58611,14.54429]]],[[[120.58686,14.5443],[120.58667,14.54439],[120.58685,14.54448],[120.58686,14.5443]]],[[[120.5863,14.54438],[120.58657,14.54466],[120.58657,14.54447],[120.5863,14.54438]]],[[[120.58666,14.54484],[120.58657,14.54466],[120.58657,14.54484],[120.58666,14.54484]]],[[[120.58833,14.54503],[120.58722,14.54493],[120.58722,14.54502],[120.58833,14.54503]]],[[[120.58842,14.54513],[120.58861,14.54504],[120.58842,14.54504],[120.58842,14.54513]]],[[[120.58712,14.54511],[120.58694,14.5452],[120.58712,14.5452],[120.58712,14.54511]]],[[[120.58749,14.5453],[120.58712,14.5452],[120.58712,14.54529],[120.58749,14.5453]]],[[[120.58972,14.54541],[120.58935,14.54514],[120.5887,14.54513],[120.58926,14.54523],[120.58962,14.5455],[120.59027,14.54551],[120.58972,14.54541]]],[[[120.58851,14.54549],[120.58907,14.54549],[120.58934,14.54568],[120.58935,14.5455],[120.58916,14.5454],[120.58851,14.5454],[120.58824,14.54521],[120.58768,14.54521],[120.58768,14.5453],[120.58749,14.5453],[120.58786,14.54539],[120.58814,14.5453],[120.58851,14.54549]]],[[[120.59111,14.54542],[120.59064,14.54551],[120.59111,14.54552],[120.59111,14.54542]]],[[[120.59166,14.54552],[120.5912,14.54561],[120.59166,14.54561],[120.59166,14.54552]]],[[[120.59194,14.54561],[120.59176,14.5457],[120.59194,14.5457],[120.59194,14.54561]]],[[[120.58934,14.54568],[120.58953,14.54577],[120.58953,14.54568],[120.58934,14.54568]]],[[[120.59009,14.54578],[120.59083,14.54569],[120.59009,14.54569],[120.59009,14.54578]]],[[[120.59194,14.5457],[120.59213,14.5458],[120.59213,14.54571],[120.59194,14.5457]]],[[[120.59008,14.54587],[120.58953,14.54577],[120.58953,14.54586],[120.59008,14.54587]]],[[[120.59138,14.54588],[120.59083,14.54578],[120.59083,14.54587],[120.59138,14.54588]]],[[[120.59213,14.5458],[120.59231,14.54589],[120.59231,14.5458],[120.59213,14.5458]]],[[[120.59157,14.54597],[120.59175,14.54606],[120.59175,14.54597],[120.59157,14.54597]]],[[[120.59175,14.54615],[120.59203,14.54607],[120.59175,14.54606],[120.59175,14.54615]]],[[[120.59314,14.54662],[120.59268,14.54607],[120.59249,14.54607],[120.59295,14.54662],[120.59322,14.54734],[120.59314,14.54662]]],[[[120.5924,14.54652],[120.59267,14.54698],[120.59267,14.54734],[120.59276,14.54734],[120.59276,14.54689],[120.5924,14.54652]]],[[[120.58812,14.54783],[120.58793,14.54774],[120.58793,14.54783],[120.58812,14.54783]]],[[[120.5909,14.54768],[120.58886,14.54757],[120.5896,14.54776],[120.58886,14.54784],[120.58969,14.54785],[120.59089,14.54813],[120.59053,14.54795],[120.59053,14.54777],[120.5909,14.54768]]],[[[120.58774,14.54783],[120.58793,14.54792],[120.58793,14.54783],[120.58774,14.54783]]],[[[120.58821,14.54792],[120.58886,14.54784],[120.58821,14.54783],[120.58821,14.54792]]],[[[120.59172,14.54868],[120.59182,14.54877],[120.592,14.54878],[120.59191,14.5486],[120.59172,14.54868]]],[[[120.58883,14.55064],[120.58726,14.55008],[120.58735,14.55036],[120.58772,14.55036],[120.58892,14.55091],[120.58883,14.55064]]],[[[120.58928,14.55128],[120.58929,14.55092],[120.5891,14.55092],[120.5891,14.55128],[120.58928,14.55128]]],[[[120.58928,14.55137],[120.58937,14.55155],[120.58947,14.55155],[120.58947,14.55137],[120.58928,14.55137]]],[[[120.58984,14.55156],[120.58965,14.55155],[120.58974,14.55183],[120.59011,14.55192],[120.58984,14.55156]]],[[[120.58565,14.5526],[120.58602,14.55278],[120.58639,14.55278],[120.58602,14.55251],[120.58565,14.5526]]],[[[120.58658,14.55288],[120.58639,14.55278],[120.58639,14.55287],[120.58658,14.55288]]],[[[120.58741,14.55289],[120.58704,14.55315],[120.58713,14.55333],[120.58778,14.55307],[120.58861,14.55308],[120.58852,14.55281],[120.58741,14.55289]]],[[[120.58862,14.5529],[120.58871,14.55317],[120.58889,14.55326],[120.58889,14.55299],[120.58862,14.5529]]],[[[120.58849,14.55606],[120.58821,14.55624],[120.58914,14.55625],[120.58914,14.55607],[120.58849,14.55606]]],[[[120.58812,14.55633],[120.58793,14.55614],[120.58765,14.55614],[120.58784,14.55632],[120.58812,14.55633]]],[[[120.59311,14.55791],[120.59349,14.55728],[120.59284,14.55719],[120.59265,14.55737],[120.59237,14.55736],[120.59218,14.55763],[120.59163,14.55772],[120.59126,14.55762],[120.59117,14.55726],[120.5908,14.5569],[120.59043,14.55689],[120.59043,14.55716],[120.59089,14.55726],[120.59116,14.55789],[120.59311,14.55791]]],[[[120.58817,14.55985],[120.58835,14.55994],[120.58836,14.55985],[120.58817,14.55985]]],[[[120.58659,14.55992],[120.58678,14.56002],[120.58678,14.55993],[120.58659,14.55992]]],[[[120.58808,14.56003],[120.58789,14.55994],[120.58789,14.56003],[120.58808,14.56003]]],[[[120.5877,14.56003],[120.58687,14.56011],[120.5877,14.56012],[120.5877,14.56003]]],[[[120.58649,14.56065],[120.58631,14.56046],[120.58603,14.56046],[120.58612,14.56064],[120.58649,14.56065]]],[[[120.58964,14.56086],[120.59094,14.56096],[120.59076,14.56078],[120.58983,14.56068],[120.58955,14.5605],[120.58964,14.56086]]],[[[120.59103,14.56096],[120.59122,14.56106],[120.59122,14.56097],[120.59103,14.56096]]],[[[120.58667,14.56164],[120.5862,14.56155],[120.5862,14.56164],[120.58667,14.56164]]],[[[120.58676,14.56164],[120.58694,14.56173],[120.58694,14.56164],[120.58676,14.56164]]],[[[120.58704,14.56174],[120.58722,14.56183],[120.58722,14.56174],[120.58704,14.56174]]],[[[120.59306,14.56198],[120.59288,14.56207],[120.59306,14.56207],[120.59306,14.56198]]],[[[120.59315,14.56207],[120.59334,14.56216],[120.59334,14.56207],[120.59315,14.56207]]],[[[120.59352,14.56216],[120.59371,14.56226],[120.59371,14.56217],[120.59352,14.56216]]],[[[120.59017,14.56348],[120.5899,14.5624],[120.58963,14.56239],[120.58944,14.56266],[120.58898,14.56248],[120.58879,14.5623],[120.5888,14.56184],[120.58787,14.56183],[120.58842,14.56202],[120.58916,14.56275],[120.58981,14.56285],[120.59008,14.56357],[120.59045,14.56376],[120.59017,14.56348]]],[[[120.59285,14.56442],[120.59313,14.56433],[120.59313,14.56406],[120.59295,14.56405],[120.59285,14.56423],[120.59285,14.56442]]],[[[120.59146,14.56422],[120.59164,14.56458],[120.59127,14.56485],[120.59201,14.56468],[120.5922,14.5645],[120.59137,14.56395],[120.59045,14.56376],[120.59146,14.56422]]],[[[120.59285,14.56451],[120.59248,14.56441],[120.59239,14.56459],[120.59285,14.56451]]],[[[120.58626,14.56462],[120.58608,14.56453],[120.58608,14.56462],[120.58626,14.56462]]],[[[120.58636,14.56462],[120.58654,14.56471],[120.58654,14.56462],[120.58636,14.56462]]],[[[120.58682,14.56471],[120.58663,14.5648],[120.58682,14.5648],[120.58682,14.56471]]],[[[120.59108,14.56485],[120.59127,14.56494],[120.59127,14.56485],[120.59108,14.56485]]],[[[120.59062,14.56502],[120.5908,14.56512],[120.5908,14.56503],[120.59062,14.56502]]],[[[120.58978,14.56511],[120.58941,14.56528],[120.59043,14.56511],[120.58978,14.56511]]],[[[120.59257,14.56504],[120.59201,14.56495],[120.59154,14.56512],[120.59145,14.5653],[120.59164,14.56531],[120.59219,14.56585],[120.59228,14.56549],[120.59256,14.56523],[120.59257,14.56504]]],[[[120.59368,14.56542],[120.59377,14.56497],[120.59303,14.56523],[120.59265,14.5655],[120.59265,14.56595],[120.59311,14.56586],[120.59368,14.56542]]],[[[120.58652,14.56688],[120.58652,14.56652],[120.58624,14.56633],[120.58606,14.56633],[120.58587,14.56669],[120.58476,14.5665],[120.58614,14.56697],[120.58735,14.56707],[120.58652,14.56688]]],[[[120.59674,14.56545],[120.59635,14.56662],[120.59496,14.56652],[120.59338,14.56695],[120.59282,14.56731],[120.59254,14.56721],[120.59236,14.56739],[120.59171,14.56738],[120.59162,14.56711],[120.5919,14.56684],[120.59227,14.56685],[120.59246,14.56631],[120.5919,14.56621],[120.59135,14.56557],[120.59015,14.56565],[120.58968,14.56601],[120.58922,14.566],[120.58876,14.56564],[120.58839,14.56563],[120.5882,14.5659],[120.58727,14.56607],[120.58708,14.56643],[120.58735,14.56671],[120.58772,14.5668],[120.58828,14.56654],[120.58893,14.56654],[120.58968,14.5661],[120.58976,14.56691],[120.59022,14.56782],[120.58956,14.56809],[120.58994,14.56809],[120.59077,14.56801],[120.5918,14.56748],[120.59263,14.56758],[120.59412,14.56687],[120.59672,14.56717],[120.59703,14.56654],[120.59719,14.56572],[120.59711,14.56536],[120.59692,14.56536],[120.59701,14.56572],[120.59683,14.56572],[120.59674,14.56545]],[[120.59116,14.56639],[120.59116,14.56675],[120.59069,14.56665],[120.59042,14.56638],[120.59042,14.56602],[120.59098,14.56611],[120.59116,14.56639]],[[120.5904,14.56773],[120.59078,14.56738],[120.59106,14.56747],[120.59077,14.56783],[120.59049,14.56791],[120.5904,14.56773]]],[[[120.58763,14.56716],[120.58791,14.56707],[120.58763,14.56707],[120.58763,14.56716]]],[[[120.58911,14.56736],[120.5892,14.56718],[120.58902,14.567],[120.58791,14.56698],[120.58883,14.56708],[120.58911,14.56736]]],[[[120.58929,14.56808],[120.5892,14.56736],[120.58919,14.56808],[120.58929,14.56808]]],[[[120.58938,14.56808],[120.58956,14.56818],[120.58956,14.56809],[120.58938,14.56808]]],[[[120.58901,14.56808],[120.58705,14.56878],[120.58659,14.5686],[120.58576,14.56859],[120.58539,14.56813],[120.58446,14.56794],[120.5853,14.56822],[120.58575,14.56877],[120.58687,14.56896],[120.58733,14.56897],[120.58761,14.5687],[120.58863,14.56853],[120.58938,14.56817],[120.58901,14.56808]]],[[[120.59407,14.57166],[120.58971,14.57161],[120.58879,14.57115],[120.58795,14.57114],[120.5874,14.57141],[120.58684,14.5714],[120.58656,14.57122],[120.58499,14.5712],[120.58461,14.57138],[120.58526,14.57138],[120.58545,14.57157],[120.58628,14.57139],[120.58693,14.57167],[120.58748,14.57168],[120.58786,14.57141],[120.58897,14.57142],[120.58962,14.57179],[120.59203,14.57182],[120.59351,14.57201],[120.59388,14.57201],[120.59407,14.57184],[120.59407,14.57166]]],[[[120.59155,14.57344],[120.59182,14.57362],[120.59219,14.57362],[120.59155,14.57344]]],[[[120.59273,14.57598],[120.59338,14.57589],[120.59273,14.57589],[120.59273,14.57598]]],[[[120.58725,14.57601],[120.58549,14.5759],[120.58549,14.57599],[120.58725,14.57601]]],[[[120.58891,14.57684],[120.58836,14.57666],[120.58818,14.57638],[120.58808,14.57656],[120.5879,14.57656],[120.5879,14.57611],[120.58818,14.57602],[120.58828,14.57566],[120.58819,14.57503],[120.588,14.57593],[120.58744,14.57601],[120.58781,14.5762],[120.5878,14.57683],[120.58734,14.57692],[120.589,14.57711],[120.58836,14.57693],[120.58891,14.57684]]],[[[120.58623,14.57618],[120.58641,14.57627],[120.58642,14.57618],[120.58623,14.57618]]],[[[120.5891,14.57684],[120.58928,14.57694],[120.58928,14.57685],[120.5891,14.57684]]],[[[120.58947,14.57703],[120.58928,14.57694],[120.58928,14.57703],[120.58947,14.57703]]],[[[120.58947,14.57703],[120.58993,14.57712],[120.58993,14.57703],[120.58947,14.57703]]],[[[120.58909,14.57721],[120.58928,14.57712],[120.5891,14.57712],[120.58909,14.57721]]],[[[120.58937,14.57721],[120.58956,14.5773],[120.58956,14.57721],[120.58937,14.57721]]],[[[120.59243,14.5776],[120.59179,14.57714],[120.59002,14.57712],[120.59151,14.57732],[120.58993,14.5773],[120.59039,14.57767],[120.58983,14.57812],[120.58797,14.5781],[120.5876,14.57836],[120.58955,14.57838],[120.5902,14.57812],[120.59048,14.57776],[120.59094,14.57768],[120.5915,14.57795],[120.59177,14.57832],[120.59242,14.57832],[120.59251,14.57887],[120.59281,14.57761],[120.59243,14.5776]],[[120.59215,14.57769],[120.59224,14.5776],[120.59224,14.57769],[120.59215,14.57769]],[[120.59243,14.57787],[120.59252,14.57796],[120.59243,14.57796],[120.59243,14.57787]]],[[[120.58713,14.5789],[120.58751,14.57827],[120.58685,14.57845],[120.58685,14.57872],[120.58648,14.57908],[120.58657,14.57944],[120.58712,14.57935],[120.58713,14.5789]]],[[[120.59034,14.58183],[120.59072,14.58147],[120.59155,14.58184],[120.5918,14.58184],[120.59186,14.58157],[120.59063,14.58102],[120.59007,14.58155],[120.58969,14.58164],[120.59034,14.58183]]],[[[120.5896,14.58155],[120.58813,14.5809],[120.58785,14.58063],[120.58702,14.58062],[120.5896,14.58155]]],[[[120.59622,14.51024],[120.59603,14.51024],[120.59603,14.51042],[120.59668,14.51034],[120.59678,14.51007],[120.59631,14.51006],[120.59622,14.51024]]],[[[120.60957,14.51083],[120.60938,14.51092],[120.60957,14.51092],[120.60957,14.51083]]],[[[120.59584,14.51096],[120.59473,14.51077],[120.59463,14.51104],[120.59584,14.51096]]],[[[120.60261,14.51067],[120.60206,14.51066],[120.60196,14.51093],[120.60224,14.51121],[120.60289,14.51121],[120.60289,14.51094],[120.60261,14.51067]]],[[[120.59463,14.51113],[120.59408,14.51103],[120.59408,14.51112],[120.59463,14.51113]]],[[[120.60725,14.51099],[120.60744,14.51072],[120.60697,14.51071],[120.60679,14.51089],[120.60623,14.5108],[120.60567,14.51097],[120.60548,14.51133],[120.60631,14.51152],[120.60688,14.51098],[120.60725,14.51099]]],[[[120.6025,14.51229],[120.60093,14.51201],[120.60019,14.512],[120.60019,14.51182],[120.60075,14.51182],[120.60094,14.51119],[120.60066,14.5111],[120.60011,14.5111],[120.59992,14.51145],[120.59917,14.51154],[120.5989,14.51135],[120.59779,14.51125],[120.59788,14.51089],[120.59621,14.51097],[120.59695,14.51106],[120.59732,14.51134],[120.59834,14.51135],[120.59871,14.51162],[120.59908,14.51163],[120.6001,14.51209],[120.60269,14.51248],[120.6025,14.51229]]],[[[120.59713,14.51143],[120.59695,14.51142],[120.59685,14.51188],[120.59657,14.51205],[120.59685,14.51206],[120.59722,14.5117],[120.59713,14.51143]]],[[[120.59629,14.51232],[120.59573,14.51223],[120.59573,14.51232],[120.59629,14.51232]]],[[[120.60287,14.51257],[120.60269,14.51248],[120.60269,14.51257],[120.60287,14.51257]]],[[[120.60296,14.51257],[120.60333,14.51266],[120.60334,14.51257],[120.60296,14.51257]]],[[[120.6038,14.51267],[120.60343,14.51276],[120.6038,14.51276],[120.6038,14.51267]]],[[[120.60975,14.51119],[120.60872,14.51164],[120.60872,14.51191],[120.60936,14.51273],[120.60917,14.51318],[120.60889,14.51317],[120.60853,14.51281],[120.60816,14.51271],[120.60797,14.51253],[120.60798,14.51208],[120.60761,14.5118],[120.60705,14.51207],[120.60649,14.51206],[120.60631,14.51233],[120.60575,14.51215],[120.60548,14.51178],[120.60501,14.51178],[120.60389,14.51285],[120.60583,14.51305],[120.60621,14.51287],[120.60778,14.51289],[120.60834,14.51317],[120.60925,14.51408],[120.60934,14.51489],[120.60966,14.51499],[120.61018,14.51404],[120.6099,14.514],[120.60991,14.51327],[120.61048,14.51218],[120.61048,14.51183],[120.6103,14.51183],[120.61012,14.51147],[120.61021,14.51111],[120.60984,14.5111],[120.60975,14.51092],[120.60957,14.51101],[120.60975,14.51119]],[[120.61001,14.513],[120.60992,14.51291],[120.61001,14.51291],[120.61001,14.513]]],[[[120.60062,14.51508],[120.60164,14.51509],[120.60267,14.51428],[120.60313,14.51411],[120.60351,14.51366],[120.60314,14.51366],[120.60276,14.5141],[120.60155,14.51481],[120.60081,14.51463],[120.60108,14.51499],[120.60062,14.51508]]],[[[120.60081,14.51454],[120.60007,14.51408],[120.59933,14.51407],[120.59906,14.51389],[120.5985,14.51406],[120.59757,14.51396],[120.59766,14.51414],[120.59738,14.51414],[120.59757,14.51432],[120.5997,14.51434],[120.60025,14.51471],[120.60043,14.51507],[120.60062,14.51508],[120.60044,14.51462],[120.60081,14.51454]],[[120.59989,14.51416],[120.60007,14.51435],[120.59989,14.51435],[120.59989,14.51416]]],[[[120.60896,14.51552],[120.60868,14.51543],[120.60868,14.5157],[120.60896,14.51579],[120.60896,14.51552]]],[[[120.60246,14.51618],[120.602,14.51608],[120.602,14.51617],[120.60246,14.51618]]],[[[120.60079,14.51625],[120.60107,14.51616],[120.60079,14.51616],[120.60079,14.51625]]],[[[120.60329,14.51655],[120.60329,14.51637],[120.60293,14.51618],[120.60302,14.51646],[120.60329,14.51655]]],[[[120.60357,14.51664],[120.60348,14.51655],[120.60329,14.51655],[120.60338,14.51673],[120.60357,14.51664]]],[[[120.60421,14.51728],[120.60403,14.51692],[120.60403,14.51719],[120.60421,14.51728]]],[[[120.59939,14.51732],[120.59957,14.51741],[120.59958,14.51732],[120.59939,14.51732]]],[[[120.59967,14.51732],[120.59976,14.51751],[120.59976,14.51733],[120.59967,14.51732]]],[[[120.59892,14.5175],[120.59911,14.51741],[120.59892,14.51741],[120.59892,14.5175]]],[[[120.59865,14.51749],[120.59827,14.51758],[120.59864,14.51759],[120.59865,14.51749]]],[[[120.60829,14.51759],[120.60782,14.51777],[120.60847,14.51778],[120.60856,14.51793],[120.60885,14.51733],[120.60866,14.51724],[120.60829,14.51759]]],[[[120.60764,14.51768],[120.60708,14.51758],[120.60708,14.51767],[120.60764,14.51768]]],[[[120.59707,14.51775],[120.59725,14.51766],[120.59707,14.51766],[120.59707,14.51775]]],[[[120.59735,14.51766],[120.59762,14.51776],[120.59762,14.51767],[120.59735,14.51766]]],[[[120.60615,14.51775],[120.60699,14.51767],[120.60616,14.51766],[120.60615,14.51775]]],[[[120.59883,14.51768],[120.59911,14.51777],[120.59911,14.51768],[120.59883,14.51768]]],[[[120.59679,14.51784],[120.5966,14.51775],[120.5966,14.51784],[120.59679,14.51784]]],[[[120.60588,14.51775],[120.60606,14.51784],[120.60606,14.51775],[120.60588,14.51775]]],[[[120.59827,14.51776],[120.59864,14.51786],[120.59864,14.51777],[120.59827,14.51776]]],[[[120.59799,14.51785],[120.59818,14.51794],[120.59818,14.51785],[120.59799,14.51785]]],[[[120.59716,14.51793],[120.59781,14.51803],[120.59781,14.51794],[120.59716,14.51793]]],[[[120.60726,14.51803],[120.60689,14.51794],[120.60689,14.51803],[120.60726,14.51803]]],[[[120.60801,14.51804],[120.60745,14.51795],[120.60745,14.51804],[120.60801,14.51804]]],[[[120.60532,14.51801],[120.60448,14.51792],[120.60439,14.5181],[120.60532,14.51801]]],[[[120.59567,14.51801],[120.59586,14.5181],[120.59623,14.51792],[120.59577,14.51792],[120.59567,14.51801]]],[[[120.59716,14.51802],[120.59669,14.51811],[120.59716,14.51811],[120.59716,14.51802]]],[[[120.60615,14.51802],[120.60652,14.51812],[120.60652,14.51803],[120.60615,14.51802]]],[[[120.60855,14.51805],[120.60838,14.51796],[120.60819,14.51795],[120.60838,14.51823],[120.60853,14.51823],[120.60855,14.51805]]],[[[120.5941,14.51808],[120.59428,14.51817],[120.59428,14.51808],[120.5941,14.51808]]],[[[120.59549,14.5181],[120.59567,14.51819],[120.59567,14.5181],[120.59549,14.5181]]],[[[120.59641,14.51819],[120.59669,14.51811],[120.59641,14.5181],[120.59641,14.51819]]],[[[120.60559,14.5182],[120.60587,14.51811],[120.60559,14.51811],[120.60559,14.5182]]],[[[120.59428,14.51826],[120.59447,14.51817],[120.59428,14.51817],[120.59428,14.51826]]],[[[120.59493,14.51827],[120.59539,14.51818],[120.59493,14.51818],[120.59493,14.51827]]],[[[120.59641,14.51829],[120.59613,14.51819],[120.59613,14.51828],[120.59641,14.51829]]],[[[120.59409,14.51844],[120.59354,14.51798],[120.59261,14.51779],[120.59446,14.51872],[120.59539,14.51864],[120.59409,14.51844]]],[[[120.60763,14.51831],[120.60708,14.51821],[120.60708,14.5183],[120.60763,14.51831]]],[[[120.59456,14.51827],[120.59493,14.51836],[120.59493,14.51827],[120.59456,14.51827]]],[[[120.60429,14.51846],[120.60466,14.51837],[120.60467,14.51819],[120.6043,14.51819],[120.60429,14.51846]]],[[[120.59604,14.51837],[120.59586,14.51828],[120.59585,14.51837],[120.59604,14.51837]]],[[[120.60698,14.51839],[120.60671,14.5183],[120.6067,14.51839],[120.60698,14.51839]]],[[[120.59567,14.51846],[120.59585,14.51846],[120.59585,14.51837],[120.59567,14.51837],[120.59567,14.51846]]],[[[120.59539,14.51855],[120.59567,14.51846],[120.59539,14.51846],[120.59539,14.51855]]],[[[120.60049,14.51878],[120.60067,14.51887],[120.60067,14.51878],[120.60049,14.51878]]],[[[120.60651,14.51929],[120.60624,14.51866],[120.60661,14.51839],[120.60587,14.51838],[120.6054,14.51856],[120.60531,14.51838],[120.6055,14.5182],[120.60513,14.51828],[120.60512,14.51883],[120.60503,14.51901],[120.60475,14.519],[120.60475,14.51918],[120.60438,14.51909],[120.6041,14.51882],[120.6042,14.51855],[120.60392,14.51863],[120.60374,14.51845],[120.60364,14.51863],[120.60383,14.51872],[120.60373,14.51908],[120.6041,14.51909],[120.60419,14.51936],[120.60465,14.51945],[120.60474,14.51964],[120.60521,14.51946],[120.60531,14.51865],[120.60559,14.51865],[120.60558,14.51946],[120.60679,14.51948],[120.60679,14.51929],[120.60697,14.5193],[120.60688,14.51912],[120.60651,14.51929]]],[[[120.60197,14.51897],[120.60262,14.51889],[120.60197,14.51888],[120.60197,14.51897]]],[[[120.60762,14.5193],[120.60754,14.51867],[120.60753,14.5193],[120.60762,14.5193]]],[[[120.6079,14.5194],[120.60781,14.51912],[120.60781,14.5194],[120.6079,14.5194]]],[[[120.60261,14.51934],[120.60289,14.51926],[120.60261,14.51925],[120.60261,14.51934]]],[[[120.60716,14.51939],[120.60697,14.5193],[120.60697,14.51939],[120.60716,14.51939]]],[[[120.60243,14.51943],[120.60206,14.51934],[120.60206,14.51943],[120.60243,14.51943]]],[[[120.60094,14.51978],[120.60057,14.51986],[120.60122,14.51987],[120.60178,14.51924],[120.60159,14.51924],[120.60094,14.51978]]],[[[120.59796,14.52119],[120.59899,14.52012],[120.59964,14.52013],[120.6002,14.51968],[120.59983,14.51968],[120.59945,14.51994],[120.5989,14.51994],[120.5988,14.52012],[120.59843,14.5202],[120.59824,14.52065],[120.59749,14.52128],[120.59796,14.52119]]],[[[120.59443,14.52143],[120.5948,14.52134],[120.59416,14.52106],[120.59415,14.52124],[120.59443,14.52143]]],[[[120.59684,14.52154],[120.59573,14.52135],[120.59564,14.52099],[120.59545,14.52099],[120.59545,14.52153],[120.59591,14.52171],[120.59693,14.52172],[120.59749,14.52128],[120.59693,14.52136],[120.59684,14.52154]]],[[[120.60731,14.52201],[120.60741,14.52183],[120.60732,14.52183],[120.60731,14.52201]]],[[[120.59905,14.52292],[120.59887,14.52265],[120.59868,14.52265],[120.59868,14.52283],[120.59905,14.52292]]],[[[120.60035,14.52284],[120.60063,14.52276],[120.60035,14.52275],[120.60035,14.52284]]],[[[120.59645,14.52316],[120.59618,14.52271],[120.59571,14.5228],[120.59543,14.52342],[120.59571,14.52352],[120.59626,14.52334],[120.59645,14.52316]]],[[[120.59876,14.52382],[120.59821,14.52354],[120.59811,14.52418],[120.59876,14.52418],[120.59876,14.52382]]],[[[120.59468,14.52423],[120.59477,14.52405],[120.59468,14.52405],[120.59468,14.52423]]],[[[120.59412,14.52413],[120.59384,14.5244],[120.59384,14.52458],[120.59439,14.52468],[120.5944,14.52423],[120.59412,14.52413]],[[120.59412,14.52431],[120.5943,14.5245],[120.59412,14.5245],[120.59412,14.52431]]],[[[120.59477,14.52432],[120.59486,14.5245],[120.59486,14.52432],[120.59477,14.52432]]],[[[120.5954,14.52568],[120.59597,14.52506],[120.59597,14.52479],[120.59551,14.52442],[120.59561,14.52415],[120.59607,14.52415],[120.59672,14.52443],[120.59726,14.52525],[120.59727,14.52444],[120.59756,14.52381],[120.59747,14.52345],[120.59719,14.52335],[120.59691,14.52398],[120.59514,14.52396],[120.59542,14.52406],[120.59524,14.52415],[120.59523,14.52442],[120.59551,14.52469],[120.5955,14.52514],[120.59532,14.52532],[120.59504,14.52514],[120.59504,14.52541],[120.59522,14.52568],[120.5954,14.52568]],[[120.59653,14.52407],[120.59663,14.52416],[120.59653,14.52416],[120.59653,14.52407]]],[[[120.60367,14.52486],[120.60368,14.52396],[120.60331,14.5236],[120.60294,14.52341],[120.60201,14.5234],[120.60199,14.52521],[120.60236,14.52575],[120.60338,14.52586],[120.60367,14.52486]],[[120.60201,14.52412],[120.60219,14.52395],[120.60219,14.52422],[120.60201,14.52412]]],[[[120.59486,14.52459],[120.59495,14.52478],[120.59495,14.52459],[120.59486,14.52459]]],[[[120.59495,14.52514],[120.59504,14.52487],[120.59495,14.52487],[120.59495,14.52514]]],[[[120.59939,14.52563],[120.59856,14.52563],[120.59818,14.52589],[120.59883,14.52599],[120.59893,14.52581],[120.59911,14.52581],[120.59948,14.526],[120.59939,14.52563]]],[[[120.60829,14.52618],[120.60746,14.52617],[120.60755,14.52644],[120.60829,14.52636],[120.60829,14.52618]]],[[[120.59883,14.52626],[120.59901,14.52635],[120.59901,14.52626],[120.59883,14.52626]]],[[[120.59781,14.52634],[120.59799,14.52643],[120.59799,14.52634],[120.59781,14.52634]]],[[[120.59734,14.52643],[120.59716,14.52651],[120.59734,14.52652],[120.59734,14.52643]]],[[[120.6005,14.52646],[120.60003,14.52645],[120.60022,14.52655],[120.60012,14.52673],[120.6004,14.52673],[120.6005,14.52646]]],[[[120.59586,14.5265],[120.59716,14.5267],[120.59716,14.52651],[120.59586,14.5265]]],[[[120.59994,14.52672],[120.60003,14.52654],[120.59994,14.52654],[120.59994,14.52672]]],[[[120.59762,14.52688],[120.59762,14.52652],[120.59743,14.52679],[120.59762,14.52688]]],[[[120.59957,14.52654],[120.59966,14.5269],[120.59966,14.52654],[120.59957,14.52654]]],[[[120.59715,14.52688],[120.59724,14.52724],[120.59734,14.52688],[120.59715,14.52688]]],[[[120.59567,14.52677],[120.59576,14.5274],[120.59576,14.52677],[120.59567,14.52677]]],[[[120.59779,14.5277],[120.59771,14.52679],[120.5977,14.52769],[120.59779,14.5277]]],[[[120.60049,14.52745],[120.60067,14.52754],[120.60067,14.52745],[120.60049,14.52745]]],[[[120.59733,14.52724],[120.59724,14.52778],[120.59733,14.52778],[120.59733,14.52724]]],[[[120.59603,14.52786],[120.59585,14.5274],[120.59566,14.52785],[120.59483,14.52776],[120.59455,14.52748],[120.59418,14.52757],[120.59418,14.5273],[120.5939,14.52729],[120.59344,14.52684],[120.59298,14.52683],[120.59298,14.52701],[120.59326,14.52702],[120.59362,14.52729],[120.59362,14.52747],[120.59325,14.52774],[120.59436,14.52775],[120.59436,14.52793],[120.59519,14.5283],[120.59547,14.5283],[120.59594,14.52795],[120.59723,14.52796],[120.59714,14.52778],[120.59603,14.52786]]],[[[120.60355,14.52685],[120.60318,14.52676],[120.603,14.52685],[120.60281,14.52739],[120.60216,14.52747],[120.60206,14.52801],[120.60307,14.52847],[120.60317,14.5282],[120.6028,14.52811],[120.60271,14.52775],[120.6029,14.52739],[120.60318,14.52739],[120.60336,14.52757],[120.60364,14.52739],[120.60355,14.52685]],[[120.60318,14.52739],[120.60336,14.52721],[120.60345,14.52739],[120.60318,14.52739]],[[120.60234,14.52765],[120.60234,14.52783],[120.60215,14.52783],[120.60215,14.52765],[120.60234,14.52765]]],[[[120.59974,14.52762],[120.59965,14.52799],[120.59974,14.52799],[120.59974,14.52762]]],[[[120.59779,14.52779],[120.59788,14.52797],[120.59789,14.52779],[120.59779,14.52779]]],[[[120.59742,14.52805],[120.59742,14.52778],[120.59733,14.52778],[120.59723,14.52805],[120.59742,14.52805]]],[[[120.59816,14.52806],[120.59844,14.52797],[120.59816,14.52797],[120.59816,14.52806]]],[[[120.59853,14.52797],[120.59964,14.52808],[120.59965,14.52799],[120.59853,14.52797]]],[[[120.60428,14.52812],[120.60447,14.52822],[120.60447,14.52803],[120.60428,14.52812]]],[[[120.59992,14.52826],[120.59983,14.52808],[120.59983,14.52826],[120.59992,14.52826]]],[[[120.60113,14.52836],[120.60029,14.52862],[120.60029,14.52881],[120.60103,14.52872],[120.60113,14.52836]]],[[[120.59983,14.52853],[120.59991,14.52889],[120.59992,14.52853],[120.59983,14.52853]]],[[[120.60409,14.52866],[120.60409,14.52893],[120.60418,14.52875],[120.60437,14.52876],[120.60409,14.52866]]],[[[120.60455,14.52885],[120.60437,14.52876],[120.60437,14.52885],[120.60455,14.52885]]],[[[120.60464,14.52894],[120.60483,14.52903],[120.60483,14.52894],[120.60464,14.52894]]],[[[120.60501,14.52912],[120.60483,14.52903],[120.60483,14.52912],[120.60501,14.52912]]],[[[120.60455,14.52912],[120.60436,14.52921],[120.60455,14.52921],[120.60455,14.52912]]],[[[120.60343,14.52929],[120.60269,14.52937],[120.60352,14.52947],[120.60436,14.52903],[120.60418,14.52894],[120.60343,14.52929]]],[[[120.60455,14.5293],[120.60473,14.52921],[120.60455,14.52921],[120.60455,14.5293]]],[[[120.59843,14.52933],[120.59861,14.52942],[120.59861,14.52933],[120.59843,14.52933]]],[[[120.60566,14.5294],[120.60584,14.52958],[120.60584,14.5294],[120.60566,14.5294]]],[[[120.60519,14.52949],[120.60547,14.52958],[120.60547,14.52949],[120.60519,14.52949]]],[[[120.59833,14.52951],[120.59823,14.52987],[120.59833,14.52987],[120.59833,14.52951]]],[[[120.59833,14.52987],[120.59813,14.53059],[120.5982,14.53285],[120.59867,14.53276],[120.59848,14.53258],[120.59851,14.5305],[120.59879,14.53014],[120.59953,14.52988],[120.60009,14.52989],[120.60037,14.52971],[120.60037,14.52953],[120.60102,14.52935],[120.6026,14.52928],[120.60084,14.52926],[120.60037,14.52944],[120.59861,14.52924],[120.5988,14.52942],[120.59879,14.52969],[120.59851,14.52996],[120.59833,14.52987]],[[120.59823,14.53059],[120.59831,14.53159],[120.59822,14.53158],[120.59823,14.53059]]],[[[120.59386,14.53136],[120.59386,14.53118],[120.59368,14.53118],[120.59367,14.53136],[120.59386,14.53136]]],[[[120.60582,14.53157],[120.60564,14.5313],[120.60554,14.53157],[120.60582,14.53157]]],[[[120.59487,14.532],[120.59478,14.53173],[120.59478,14.532],[120.59487,14.532]]],[[[120.59552,14.5321],[120.59562,14.53174],[120.59552,14.53174],[120.59552,14.5321]]],[[[120.59617,14.53202],[120.59599,14.53183],[120.59598,14.53201],[120.59617,14.53202]]],[[[120.59552,14.53219],[120.59496,14.53209],[120.59496,14.53218],[120.59552,14.53219]]],[[[120.60414,14.53255],[120.60349,14.53236],[120.6035,14.53218],[120.60322,14.53218],[120.60293,14.5329],[120.60311,14.53308],[120.60386,14.53309],[120.60414,14.53291],[120.60414,14.53255]],[[120.60349,14.5329],[120.60321,14.53281],[120.60349,14.53281],[120.60349,14.5329]]],[[[120.59375,14.53289],[120.5944,14.53272],[120.5944,14.53263],[120.59385,14.53262],[120.59375,14.53289]]],[[[120.60479,14.53274],[120.60497,14.53283],[120.60497,14.53274],[120.60479,14.53274]]],[[[120.60516,14.53292],[120.60497,14.53283],[120.60497,14.53292],[120.60516,14.53292]]],[[[120.5944,14.53308],[120.59449,14.53272],[120.5944,14.53272],[120.5944,14.53308]]],[[[120.59542,14.53264],[120.59477,14.53272],[120.59477,14.53299],[120.59495,14.53318],[120.59542,14.53309],[120.59542,14.53264]],[[120.59532,14.533],[120.59495,14.533],[120.59496,14.53282],[120.59533,14.53282],[120.59532,14.533]]],[[[120.60516,14.53301],[120.60534,14.53292],[120.60516,14.53292],[120.60516,14.53301]]],[[[120.59365,14.53307],[120.59375,14.53289],[120.59366,14.53289],[120.59365,14.53307]]],[[[120.5943,14.53317],[120.59384,14.53326],[120.5943,14.53326],[120.5943,14.53317]]],[[[120.60617,14.53347],[120.60636,14.53338],[120.60617,14.53338],[120.60617,14.53347]]],[[[120.60654,14.53357],[120.60636,14.53347],[120.60636,14.53357],[120.60654,14.53357]]],[[[120.6045,14.53382],[120.60515,14.53382],[120.60515,14.53364],[120.6045,14.53364],[120.6045,14.53382]]],[[[120.60375,14.53408],[120.60227,14.53379],[120.6006,14.53378],[120.60264,14.53416],[120.60375,14.53408]]],[[[120.59995,14.53377],[120.59985,14.5344],[120.60041,14.53432],[120.60051,14.53387],[120.59995,14.53377]]],[[[120.60271,14.53606],[120.60299,14.53597],[120.60244,14.53578],[120.60244,14.53587],[120.60262,14.53588],[120.60271,14.53606]]],[[[120.59409,14.53597],[120.59427,14.53606],[120.59427,14.53597],[120.59409,14.53597]]],[[[120.59511,14.53616],[120.59455,14.53606],[120.59455,14.53615],[120.59511,14.53616]]],[[[120.59538,14.5368],[120.59547,14.53653],[120.59538,14.53652],[120.59538,14.5368]]],[[[120.60038,14.53694],[120.60066,14.53685],[120.60038,14.53685],[120.60038,14.53694]]],[[[120.59482,14.53715],[120.595,14.53715],[120.59501,14.5367],[120.59473,14.53679],[120.59482,14.53715]]],[[[120.5963,14.5369],[120.59556,14.53698],[120.5963,14.53699],[120.5963,14.5369]]],[[[120.60094,14.53694],[120.60066,14.53703],[120.60094,14.53703],[120.60094,14.53694]]],[[[120.59639,14.53699],[120.59658,14.53708],[120.59658,14.53699],[120.59639,14.53699]]],[[[120.59936,14.53693],[120.59788,14.537],[120.59769,14.53718],[120.59676,14.53717],[120.59741,14.53736],[120.59806,14.53727],[120.59815,14.53764],[120.59843,14.53773],[120.59862,14.53746],[120.59936,14.5372],[120.59964,14.53684],[120.60039,14.53676],[120.59964,14.53666],[120.59936,14.53693]]],[[[120.6014,14.5374],[120.60149,14.53758],[120.60149,14.5374],[120.6014,14.5374]]],[[[120.60164,14.5379],[120.60158,14.53767],[120.6014,14.53767],[120.60149,14.53794],[120.60164,14.5379]]],[[[120.5961,14.53897],[120.5948,14.53824],[120.59462,14.53769],[120.59435,14.53751],[120.59445,14.53688],[120.59426,14.53669],[120.59399,14.53669],[120.59389,14.53732],[120.59351,14.53768],[120.59287,14.53713],[120.59287,14.53731],[120.59342,14.53786],[120.59379,14.53804],[120.59406,14.53805],[120.59416,14.53787],[120.59453,14.53796],[120.59453,14.53814],[120.59489,14.53851],[120.5961,14.53897]]],[[[120.60139,14.53803],[120.6012,14.53835],[120.60152,14.53803],[120.60139,14.53803]]],[[[120.5986,14.539],[120.59832,14.5389],[120.59832,14.53899],[120.5986,14.539]]],[[[120.59609,14.53906],[120.59637,14.53897],[120.5961,14.53897],[120.59609,14.53906]]],[[[120.59786,14.53908],[120.59814,14.53899],[120.59786,14.53899],[120.59786,14.53908]]],[[[120.59878,14.539],[120.59897,14.53909],[120.59897,14.539],[120.59878,14.539]]],[[[120.59656,14.53916],[120.59637,14.53906],[120.59637,14.53915],[120.59656,14.53916]]],[[[120.59693,14.53925],[120.59758,14.53917],[120.59693,14.53916],[120.59693,14.53925]]],[[[120.60099,14.54072],[120.60108,14.53997],[120.60086,14.5398],[120.6011,14.53976],[120.60094,14.53947],[120.60111,14.5394],[120.60073,14.53902],[120.60055,14.53902],[120.60054,14.5392],[120.60017,14.53956],[120.59971,14.53955],[120.59998,14.53982],[120.59979,14.54036],[120.60016,14.54073],[120.60078,14.54083],[120.60099,14.54072]]],[[[120.59876,14.54144],[120.59876,14.54126],[120.59839,14.54125],[120.59848,14.54144],[120.59876,14.54144]]],[[[120.59476,14.5423],[120.59495,14.54221],[120.59476,14.54221],[120.59476,14.5423]]],[[[120.59504,14.54221],[120.59541,14.54231],[120.59541,14.54222],[120.59504,14.54221]]],[[[120.59606,14.5424],[120.5955,14.54231],[120.5955,14.5424],[120.59606,14.5424]]],[[[120.60003,14.5438],[120.60059,14.5439],[120.60059,14.54344],[120.59976,14.54335],[120.59938,14.54361],[120.59892,14.54361],[120.59837,14.54333],[120.59829,14.54207],[120.5981,14.54188],[120.59811,14.54161],[120.59792,14.54152],[120.59764,14.54152],[120.59699,14.54241],[120.59706,14.54377],[120.59743,14.54377],[120.59817,14.54405],[120.59826,14.54423],[120.59882,14.54433],[120.59938,14.54434],[120.60003,14.5438]],[[120.59716,14.54341],[120.59717,14.54242],[120.59745,14.54206],[120.59773,14.54206],[120.59782,14.54269],[120.59763,14.54323],[120.59735,14.54341],[120.59716,14.54341]],[[120.59854,14.54415],[120.59845,14.54396],[120.59855,14.54397],[120.59854,14.54415]]],[[[120.59739,14.54748],[120.5974,14.54684],[120.59712,14.54675],[120.59665,14.54729],[120.59627,14.54828],[120.59692,14.54838],[120.59739,14.54748]]],[[[120.59367,14.54834],[120.59404,14.54844],[120.59423,14.54871],[120.5946,14.5488],[120.59478,14.54908],[120.59533,14.54935],[120.59532,14.55017],[120.59505,14.55016],[120.59477,14.54971],[120.59422,14.54943],[120.59386,14.5488],[120.59339,14.5487],[120.59302,14.54843],[120.59285,14.54734],[120.59275,14.5477],[120.59293,14.54861],[120.59311,14.54888],[120.59339,14.54888],[120.59357,14.54906],[120.59357,14.54924],[120.5932,14.54924],[120.59293,14.54888],[120.59228,14.54851],[120.592,14.54851],[120.59118,14.54786],[120.59099,14.54795],[120.59117,14.54814],[120.59089,14.54813],[120.59154,14.54859],[120.59172,14.54859],[120.59163,14.54841],[120.59182,14.54841],[120.59191,14.5486],[120.59228,14.54869],[120.592,14.54887],[120.59246,14.54914],[120.59255,14.54969],[120.59273,14.54987],[120.59374,14.55051],[120.59401,14.5516],[120.59429,14.55115],[120.59466,14.55133],[120.59475,14.5517],[120.59419,14.55178],[120.594,14.55259],[120.59344,14.55268],[120.59279,14.55258],[120.5927,14.5524],[120.59187,14.55239],[120.5915,14.55257],[120.59039,14.5521],[120.59011,14.55246],[120.58983,14.55255],[120.58973,14.55291],[120.5902,14.55264],[120.59066,14.55265],[120.5914,14.55302],[120.5926,14.55294],[120.59288,14.55312],[120.59306,14.55358],[120.59353,14.55322],[120.59409,14.55323],[120.59501,14.55396],[120.59547,14.55396],[120.59648,14.55442],[120.59723,14.55452],[120.59833,14.55508],[120.5988,14.55454],[120.59872,14.55354],[120.59891,14.55309],[120.59873,14.55291],[120.59892,14.55255],[120.59873,14.55246],[120.59892,14.55237],[120.59892,14.55219],[120.59873,14.55219],[120.59884,14.55129],[120.59865,14.55119],[120.59838,14.55056],[120.5981,14.55056],[120.5981,14.55038],[120.59876,14.54957],[120.59896,14.54867],[120.59877,14.54849],[120.59803,14.54839],[120.59794,14.54857],[120.59729,14.54883],[120.59728,14.54937],[120.59784,14.54902],[120.59821,14.54902],[120.5983,14.5492],[120.59811,14.54974],[120.59746,14.55028],[120.59699,14.551],[120.5968,14.55099],[120.59588,14.55044],[120.59543,14.54926],[120.59451,14.54853],[120.59368,14.54816],[120.5934,14.54789],[120.59322,14.54734],[120.59322,14.5478],[120.59367,14.54834]],[[120.59831,14.54866],[120.59766,14.54902],[120.59738,14.54901],[120.59757,14.54874],[120.59831,14.54848],[120.59831,14.54866]],[[120.5982,14.55002],[120.5982,14.54974],[120.59839,14.54975],[120.5982,14.55002]],[[120.59811,14.55001],[120.59802,14.5501],[120.59802,14.55001],[120.59811,14.55001]],[[120.59802,14.5501],[120.59792,14.55019],[120.59792,14.5501],[120.59802,14.5501]],[[120.59792,14.55019],[120.59783,14.55028],[120.59783,14.55019],[120.59792,14.55019]],[[120.59783,14.55028],[120.59773,14.55037],[120.59773,14.55028],[120.59783,14.55028]],[[120.59773,14.55037],[120.59764,14.55046],[120.59764,14.55037],[120.59773,14.55037]],[[120.59755,14.55046],[120.59754,14.55073],[120.59745,14.55073],[120.59755,14.55046]],[[120.59736,14.55073],[120.59736,14.551],[120.59726,14.551],[120.59736,14.55073]],[[120.59412,14.54979],[120.59468,14.55007],[120.59467,14.55052],[120.59523,14.5508],[120.59568,14.55162],[120.59605,14.55189],[120.59604,14.55234],[120.59567,14.5527],[120.5952,14.55269],[120.59502,14.55251],[120.59494,14.5517],[120.59467,14.55097],[120.59439,14.55097],[120.5943,14.55052],[120.59393,14.55051],[120.59366,14.54988],[120.59283,14.5496],[120.59274,14.54915],[120.5932,14.54951],[120.59394,14.54952],[120.59412,14.54979]]],[[[120.5943,14.55937],[120.59579,14.5583],[120.5958,14.55794],[120.59497,14.55748],[120.59461,14.55657],[120.59442,14.55693],[120.59395,14.55702],[120.59404,14.55738],[120.59385,14.55747],[120.59385,14.55792],[120.59403,14.55819],[120.59402,14.55883],[120.59374,14.559],[120.59374,14.55937],[120.5943,14.55937]]],[[[120.59922,14.55879],[120.59931,14.55897],[120.59931,14.55879],[120.59922,14.55879]]],[[[120.59894,14.55879],[120.59857,14.55878],[120.5982,14.55905],[120.59819,14.5595],[120.59875,14.55933],[120.59903,14.55906],[120.59894,14.55879]]],[[[120.59566,14.56237],[120.59575,14.56255],[120.59593,14.56255],[120.59593,14.56237],[120.59612,14.56228],[120.59585,14.56201],[120.59548,14.56191],[120.59482,14.56227],[120.59445,14.56226],[120.59436,14.56244],[120.59566,14.56237]]],[[[120.59436,14.56226],[120.59399,14.56235],[120.59436,14.56235],[120.59436,14.56226]]],[[[120.59853,14.56212],[120.59807,14.56221],[120.59676,14.56292],[120.59621,14.56291],[120.59584,14.56273],[120.59565,14.56327],[120.59611,14.56346],[120.59731,14.56356],[120.59749,14.56392],[120.59721,14.56455],[120.59739,14.56455],[120.59746,14.56473],[120.59823,14.56438],[120.59871,14.56333],[120.59852,14.56303],[120.59853,14.56212]]],[[[120.59739,14.56473],[120.59721,14.56473],[120.59721,14.56482],[120.59739,14.56491],[120.59739,14.56473]]],[[[120.5973,14.56491],[120.59711,14.565],[120.59711,14.56536],[120.5973,14.56518],[120.5973,14.56491]]],[[[120.59425,14.57202],[120.59442,14.57238],[120.59441,14.57202],[120.59425,14.57202]]]]}},{"type":"Feature","properties":{"level":"high","var":3},"geometry":{"type":"MultiPolygon","coordinates":[[[[120.47675,14.55352],[120.47694,14.55353],[120.47694,14.55344],[120.47678,14.55334],[120.47675,14.55352]]],[[[120.47694,14.55353],[120.47712,14.55362],[120.47712,14.55353],[120.47694,14.55353]]],[[[120.48632,14.56013],[120.48642,14.55959],[120.4867,14.55923],[120.48671,14.55896],[120.48652,14.55896],[120.48624,14.55959],[120.48614,14.56016],[120.48632,14.56013]]],[[[120.47809,14.55797],[120.47795,14.55462],[120.47813,14.55435],[120.47814,14.55354],[120.47843,14.55318],[120.47862,14.5521],[120.47938,14.5512],[120.47976,14.54967],[120.47977,14.54904],[120.48053,14.54769],[120.48064,14.54625],[120.48046,14.54589],[120.48047,14.54498],[120.48066,14.54462],[120.48131,14.544],[120.48187,14.54373],[120.48244,14.54302],[120.48244,14.54256],[120.48226,14.54238],[120.4819,14.5412],[120.48154,14.54048],[120.48089,14.53993],[120.48081,14.53949],[120.48034,14.53974],[120.48061,14.5402],[120.48135,14.54084],[120.48189,14.5422],[120.48197,14.54283],[120.4815,14.54346],[120.48132,14.54346],[120.48085,14.5439],[120.48075,14.54426],[120.48028,14.54471],[120.47991,14.54462],[120.47912,14.54379],[120.47909,14.54397],[120.4801,14.54489],[120.48026,14.54715],[120.48016,14.54769],[120.47931,14.54913],[120.47929,14.55021],[120.4791,14.55084],[120.47816,14.55209],[120.47806,14.55282],[120.47759,14.55362],[120.47739,14.55444],[120.47728,14.55606],[120.47755,14.55642],[120.47745,14.5576],[120.47754,14.55788],[120.47809,14.55797]]],[[[120.48733,14.53629],[120.4878,14.53648],[120.48826,14.53648],[120.48789,14.5363],[120.48733,14.53629]]],[[[120.4961,14.54885],[120.49601,14.54867],[120.496,14.54885],[120.4961,14.54885]]],[[[120.49609,14.54922],[120.49628,14.5494],[120.4961,14.54885],[120.49609,14.54922]]],[[[120.49628,14.5494],[120.49637,14.54958],[120.49637,14.5494],[120.49628,14.5494]]],[[[120.49673,14.5504],[120.49664,14.54994],[120.49637,14.54958],[120.49654,14.5503],[120.49673,14.5504]]],[[[120.49613,14.55373],[120.49604,14.55355],[120.49604,14.55373],[120.49613,14.55373]]],[[[120.49613,14.55373],[120.49622,14.55391],[120.49623,14.55373],[120.49613,14.55373]]],[[[120.49632,14.55392],[120.49622,14.5541],[120.49632,14.5541],[120.49632,14.55392]]],[[[120.49641,14.55419],[120.4965,14.55437],[120.4965,14.55419],[120.49641,14.55419]]],[[[120.49713,14.55546],[120.49732,14.55573],[120.49732,14.55555],[120.49713,14.55546]]],[[[120.4975,14.55601],[120.49732,14.55573],[120.49732,14.55591],[120.4975,14.55601]]],[[[120.49759,14.55619],[120.4975,14.55601],[120.4975,14.55619],[120.49759,14.55619]]],[[[120.49832,14.55764],[120.49796,14.55646],[120.49768,14.55628],[120.49796,14.55673],[120.49804,14.55737],[120.49832,14.55764]]],[[[120.49841,14.55782],[120.49832,14.55764],[120.49831,14.55782],[120.49841,14.55782]]],[[[120.49841,14.55782],[120.4985,14.558],[120.4985,14.55782],[120.49841,14.55782]]],[[[120.49817,14.56261],[120.49807,14.56279],[120.49853,14.56324],[120.49872,14.56325],[120.49817,14.56261]]],[[[120.49908,14.56352],[120.4989,14.56352],[120.49945,14.5637],[120.49908,14.56352]]],[[[120.50664,14.53496],[120.50646,14.53487],[120.50645,14.53496],[120.50664,14.53496]]],[[[120.50682,14.53506],[120.50664,14.53496],[120.50664,14.53505],[120.50682,14.53506]]],[[[120.50701,14.53515],[120.50682,14.53506],[120.50682,14.53515],[120.50701,14.53515]]],[[[120.50728,14.53533],[120.50719,14.53515],[120.50701,14.53515],[120.5071,14.53533],[120.50728,14.53533]]],[[[120.50348,14.53529],[120.5033,14.5352],[120.5033,14.53529],[120.50348,14.53529]]],[[[120.50348,14.53529],[120.50367,14.53538],[120.50367,14.53529],[120.50348,14.53529]]],[[[120.50738,14.53551],[120.50756,14.53552],[120.50756,14.53543],[120.50728,14.53533],[120.50738,14.53551]]],[[[120.50367,14.53538],[120.50385,14.53548],[120.50385,14.53539],[120.50367,14.53538]]],[[[120.50385,14.53548],[120.50404,14.53557],[120.50404,14.53548],[120.50385,14.53548]]],[[[120.50765,14.5357],[120.50784,14.5357],[120.50784,14.53561],[120.50756,14.53552],[120.50765,14.5357]]],[[[120.50422,14.53566],[120.50404,14.53557],[120.50404,14.53566],[120.50422,14.53566]]],[[[120.50441,14.53575],[120.50422,14.53566],[120.50422,14.53575],[120.50441,14.53575]]],[[[120.50793,14.53588],[120.50811,14.53588],[120.50811,14.53579],[120.50784,14.5357],[120.50793,14.53588]]],[[[120.50441,14.53575],[120.50459,14.53585],[120.50459,14.53576],[120.50441,14.53575]]],[[[120.50477,14.53594],[120.50459,14.53585],[120.50459,14.53594],[120.50477,14.53594]]],[[[120.5082,14.53606],[120.50839,14.53607],[120.50839,14.53598],[120.50811,14.53588],[120.5082,14.53606]]],[[[120.50477,14.53594],[120.50496,14.53603],[120.50496,14.53594],[120.50477,14.53594]]],[[[120.50514,14.53612],[120.50496,14.53603],[120.50496,14.53612],[120.50514,14.53612]]],[[[120.50894,14.53643],[120.50858,14.53607],[120.50839,14.53607],[120.50857,14.53634],[120.50894,14.53643]]],[[[120.50514,14.53621],[120.50533,14.5364],[120.50542,14.5364],[120.50533,14.53612],[120.50514,14.53621]]],[[[120.50542,14.5364],[120.50551,14.53658],[120.50551,14.5364],[120.50542,14.5364]]],[[[120.50903,14.53644],[120.50894,14.53652],[120.50931,14.53671],[120.50931,14.53662],[120.50903,14.53644]]],[[[120.5094,14.53689],[120.50959,14.53689],[120.50959,14.5368],[120.50931,14.53671],[120.5094,14.53689]]],[[[120.5056,14.53703],[120.50569,14.53676],[120.50551,14.53658],[120.50551,14.53685],[120.5056,14.53703]]],[[[120.50959,14.53689],[120.50995,14.53726],[120.51014,14.53726],[120.51005,14.53708],[120.50959,14.53689]]],[[[120.50569,14.53703],[120.50578,14.53721],[120.50578,14.53703],[120.50569,14.53703]]],[[[120.51014,14.53726],[120.51032,14.53735],[120.51032,14.53726],[120.51014,14.53726]]],[[[120.50596,14.53749],[120.50578,14.53721],[120.50578,14.53739],[120.50596,14.53749]]],[[[120.50651,14.53794],[120.50624,14.53758],[120.50605,14.53758],[120.50633,14.53794],[120.50651,14.53794]]],[[[120.50734,14.53868],[120.50707,14.53831],[120.50688,14.53831],[120.50715,14.53867],[120.50734,14.53868]]],[[[120.50752,14.53895],[120.5078,14.53886],[120.50734,14.53868],[120.50734,14.53877],[120.50752,14.53895]]],[[[120.50808,14.53895],[120.5078,14.53904],[120.50891,14.53932],[120.50873,14.53914],[120.50808,14.53895]]],[[[120.50577,14.54616],[120.50642,14.54607],[120.50577,14.54607],[120.50577,14.54616]]],[[[120.50549,14.54615],[120.50568,14.54625],[120.50568,14.54616],[120.50549,14.54615]]],[[[120.50521,14.54624],[120.50549,14.54633],[120.50549,14.54624],[120.50521,14.54624]]],[[[120.50651,14.54626],[120.5067,14.54635],[120.5067,14.54626],[120.50651,14.54626]]],[[[120.50456,14.54642],[120.50521,14.54633],[120.50456,14.54632],[120.50456,14.54642]]],[[[120.50679,14.54653],[120.50707,14.54653],[120.5067,14.54635],[120.50679,14.54653]]],[[[120.50743,14.54699],[120.50762,14.54717],[120.50762,14.54699],[120.50743,14.54699]]],[[[120.5078,14.54744],[120.50771,14.54726],[120.50771,14.54744],[120.5078,14.54744]]],[[[120.517,14.56191],[120.51589,14.5618],[120.5133,14.56096],[120.51219,14.56086],[120.51099,14.56022],[120.5109,14.56049],[120.51062,14.56048],[120.51016,14.56021],[120.5096,14.5602],[120.50767,14.5591],[120.50462,14.55834],[120.50406,14.55806],[120.50333,14.55715],[120.50175,14.55723],[120.50167,14.5565],[120.50112,14.55586],[120.50057,14.55559],[120.49983,14.55486],[120.499,14.55449],[120.49863,14.55448],[120.49845,14.5543],[120.49818,14.55321],[120.49772,14.55249],[120.49774,14.55149],[120.49673,14.5504],[120.49682,14.55076],[120.49755,14.5514],[120.49763,14.55267],[120.498,14.55312],[120.49835,14.55448],[120.49955,14.55485],[120.50065,14.55586],[120.50084,14.55586],[120.50148,14.5565],[120.50157,14.55722],[120.50175,14.55741],[120.50333,14.55733],[120.50406,14.55824],[120.5048,14.55861],[120.50739,14.55918],[120.50942,14.56038],[120.51108,14.56067],[120.51182,14.56095],[120.5121,14.56122],[120.51312,14.56123],[120.51422,14.5617],[120.51487,14.5617],[120.51515,14.56189],[120.51654,14.56217],[120.51691,14.56245],[120.51672,14.56199],[120.517,14.56191]],[[120.51672,14.56199],[120.51663,14.5619],[120.51673,14.5619],[120.51672,14.56199]]],[[[120.51525,14.51988],[120.51526,14.51863],[120.51516,14.51988],[120.51525,14.51988]]],[[[120.51506,14.52015],[120.51516,14.51988],[120.51506,14.51988],[120.51506,14.52015]]],[[[120.51506,14.52015],[120.51496,14.52033],[120.51506,14.52033],[120.51506,14.52015]]],[[[120.51487,14.5206],[120.51496,14.52033],[120.51487,14.52033],[120.51487,14.5206]]],[[[120.51487,14.5206],[120.51477,14.52078],[120.51487,14.52078],[120.51487,14.5206]]],[[[120.51477,14.52078],[120.51468,14.52096],[120.51477,14.52096],[120.51477,14.52078]]],[[[120.51459,14.52105],[120.51449,14.52123],[120.51458,14.52123],[120.51459,14.52105]]],[[[120.51449,14.52141],[120.5144,14.52122],[120.5144,14.52141],[120.51449,14.52141]]],[[[120.5144,14.52141],[120.5143,14.52158],[120.51439,14.52159],[120.5144,14.52141]]],[[[120.51082,14.53392],[120.51091,14.53429],[120.51092,14.53393],[120.51082,14.53392]]],[[[120.51091,14.53438],[120.51099,14.53582],[120.51101,14.53438],[120.51091,14.53438]]],[[[120.51099,14.53591],[120.51108,14.53619],[120.51108,14.53591],[120.51099,14.53591]]],[[[120.51117,14.53646],[120.51108,14.53628],[120.51107,14.53646],[120.51117,14.53646]]],[[[120.51117,14.53646],[120.51126,14.53664],[120.51126,14.53646],[120.51117,14.53646]]],[[[120.51199,14.53728],[120.51135,14.53673],[120.51135,14.53691],[120.51199,14.53746],[120.51199,14.53728]]],[[[120.51032,14.53735],[120.51134,14.53791],[120.51199,14.53791],[120.51032,14.53735]]],[[[120.50789,14.54744],[120.50768,14.5497],[120.50823,14.5507],[120.50905,14.55134],[120.50998,14.55144],[120.51071,14.55208],[120.51155,14.55227],[120.51237,14.553],[120.51274,14.55373],[120.51292,14.55382],[120.51319,14.55437],[120.513,14.55518],[120.51298,14.55662],[120.5137,14.5588],[120.51397,14.55907],[120.51499,14.55917],[120.51564,14.55945],[120.51674,14.56028],[120.51767,14.56056],[120.51849,14.56138],[120.5185,14.5612],[120.51831,14.56111],[120.51841,14.56084],[120.51795,14.56047],[120.51684,14.5601],[120.51537,14.55909],[120.51444,14.55899],[120.51389,14.55871],[120.51317,14.55672],[120.51308,14.55599],[120.51338,14.55446],[120.51311,14.55382],[120.51274,14.55346],[120.51256,14.553],[120.51182,14.55227],[120.51164,14.55227],[120.51155,14.55209],[120.51081,14.55199],[120.51053,14.55163],[120.50989,14.55126],[120.50887,14.55107],[120.50814,14.55034],[120.50777,14.54952],[120.50789,14.54744]]],[[[120.51476,14.56333],[120.51365,14.56323],[120.513,14.56367],[120.51356,14.5634],[120.51504,14.56342],[120.51551,14.56288],[120.51476,14.56333]]],[[[120.51299,14.56376],[120.51281,14.56367],[120.51281,14.56376],[120.51299,14.56376]]],[[[120.51281,14.56385],[120.51262,14.56376],[120.51262,14.56385],[120.51281,14.56385]]],[[[120.51262,14.56394],[120.51244,14.56384],[120.51244,14.56393],[120.51262,14.56394]]],[[[120.51206,14.5642],[120.51188,14.56411],[120.51188,14.5642],[120.51206,14.5642]]],[[[120.51178,14.56429],[120.5116,14.5642],[120.5116,14.56429],[120.51178,14.56429]]],[[[120.5115,14.56438],[120.51132,14.56428],[120.51132,14.56437],[120.5115,14.56438]]],[[[120.51638,14.53435],[120.51648,14.53408],[120.51639,14.53407],[120.51638,14.53435]]],[[[120.51618,14.53606],[120.51609,14.53588],[120.51609,14.53606],[120.51618,14.53606]]],[[[120.52136,14.53765],[120.52126,14.53801],[120.52135,14.53801],[120.52136,14.53765]]],[[[120.51682,14.53724],[120.51699,14.53851],[120.51717,14.5386],[120.517,14.53742],[120.51682,14.53724]]],[[[120.51808,14.5406],[120.51763,14.53897],[120.51717,14.5386],[120.51781,14.53969],[120.51798,14.54078],[120.51835,14.54114],[120.51808,14.5406]]],[[[120.51844,14.54114],[120.51835,14.54132],[120.51853,14.54132],[120.51844,14.54114]]],[[[120.51656,14.55187],[120.51591,14.5516],[120.51591,14.55178],[120.51665,14.55205],[120.51711,14.55251],[120.51711,14.55233],[120.51656,14.55187]]],[[[120.52082,14.56863],[120.52064,14.56872],[120.52082,14.56872],[120.52082,14.56863]]],[[[120.52092,14.56881],[120.52138,14.56873],[120.52092,14.56872],[120.52092,14.56881]]],[[[120.52156,14.56882],[120.52175,14.56891],[120.52175,14.56882],[120.52156,14.56882]]],[[[120.52323,14.56938],[120.52304,14.56929],[120.52304,14.56938],[120.52323,14.56938]]],[[[120.52304,14.56947],[120.52286,14.56938],[120.52286,14.56947],[120.52304,14.56947]]],[[[120.52258,14.56946],[120.52285,14.56956],[120.52286,14.56947],[120.52258,14.56946]]],[[[120.52363,14.52512],[120.52326,14.52502],[120.52326,14.52511],[120.52363,14.52512]]],[[[120.52409,14.52539],[120.5239,14.5253],[120.5239,14.52539],[120.52409,14.52539]]],[[[120.52437,14.52549],[120.52409,14.52539],[120.52409,14.52548],[120.52437,14.52549]]],[[[120.52437,14.52549],[120.52464,14.52558],[120.52464,14.52549],[120.52437,14.52549]]],[[[120.52776,14.52886],[120.52767,14.52904],[120.52776,14.52904],[120.52776,14.52886]]],[[[120.52556,14.53489],[120.52537,14.53498],[120.52556,14.53498],[120.52556,14.53489]]],[[[120.52528,14.53507],[120.5251,14.53498],[120.52509,14.53507],[120.52528,14.53507]]],[[[120.52444,14.5356],[120.52454,14.53533],[120.52444,14.53533],[120.52444,14.5356]]],[[[120.52435,14.5356],[120.52444,14.53597],[120.52444,14.5356],[120.52435,14.5356]]],[[[120.52425,14.53596],[120.52434,14.53633],[120.52434,14.53597],[120.52425,14.53596]]],[[[120.52405,14.53687],[120.52415,14.53669],[120.52406,14.53668],[120.52405,14.53687]]],[[[120.52405,14.53687],[120.52396,14.53705],[120.52405,14.53705],[120.52405,14.53687]]],[[[120.52396,14.53723],[120.52387,14.53704],[120.52386,14.53722],[120.52396,14.53723]]],[[[120.52349,14.53776],[120.52386,14.53741],[120.52386,14.53722],[120.52349,14.53758],[120.52349,14.53776]]],[[[120.5268,14.53997],[120.52708,14.54006],[120.52708,14.53997],[120.5268,14.53997]]],[[[120.52652,14.54005],[120.52671,14.54015],[120.52671,14.54006],[120.52652,14.54005]]],[[[120.52643,14.54032],[120.52624,14.54023],[120.52624,14.54032],[120.52643,14.54032]]],[[[120.52615,14.5405],[120.52596,14.54041],[120.52596,14.5405],[120.52615,14.5405]]],[[[120.52596,14.54059],[120.52578,14.5405],[120.52577,14.54059],[120.52596,14.54059]]],[[[120.52577,14.54068],[120.52559,14.54059],[120.52559,14.54068],[120.52577,14.54068]]],[[[120.52559,14.54077],[120.5254,14.54067],[120.5254,14.54076],[120.52559,14.54077]]],[[[120.5254,14.54085],[120.52522,14.54076],[120.52522,14.54085],[120.5254,14.54085]]],[[[120.52521,14.54094],[120.52503,14.54085],[120.52503,14.54094],[120.52521,14.54094]]],[[[120.52503,14.54103],[120.52484,14.54094],[120.52484,14.54103],[120.52503,14.54103]]],[[[120.52484,14.54112],[120.52466,14.54103],[120.52466,14.54112],[120.52484,14.54112]]],[[[120.52466,14.54121],[120.52447,14.54112],[120.52447,14.54121],[120.52466,14.54121]]],[[[120.52447,14.5413],[120.52428,14.5412],[120.52428,14.54129],[120.52447,14.5413]]],[[[120.524,14.54129],[120.52428,14.54138],[120.52428,14.54129],[120.524,14.54129]]],[[[120.524,14.54138],[120.52363,14.54147],[120.524,14.54147],[120.524,14.54138]]],[[[120.52307,14.54155],[120.52363,14.54147],[120.52308,14.54146],[120.52307,14.54155]]],[[[120.5273,14.54485],[120.5274,14.54476],[120.5274,14.54467],[120.52721,14.54467],[120.5273,14.54485]]],[[[120.52721,14.54503],[120.52712,14.54485],[120.52712,14.54503],[120.52721,14.54503]]],[[[120.52712,14.54503],[120.52702,14.54521],[120.52711,14.54521],[120.52712,14.54503]]],[[[120.52702,14.54521],[120.52693,14.54539],[120.52702,14.54539],[120.52702,14.54521]]],[[[120.52693,14.54539],[120.52683,14.54557],[120.52693,14.54557],[120.52693,14.54539]]],[[[120.52655,14.54575],[120.52674,14.54584],[120.52674,14.54566],[120.52655,14.54575]]],[[[120.52655,14.54593],[120.52637,14.54583],[120.52636,14.54592],[120.52655,14.54593]]],[[[120.52627,14.5461],[120.52609,14.54601],[120.52608,14.5461],[120.52627,14.5461]]],[[[120.52571,14.54673],[120.5258,14.54637],[120.52608,14.5461],[120.52571,14.54628],[120.52571,14.54673]]],[[[120.52561,14.54673],[120.52552,14.54691],[120.52561,14.54691],[120.52561,14.54673]]],[[[120.52505,14.54736],[120.52552,14.54709],[120.52552,14.54691],[120.52505,14.54736]]],[[[120.52467,14.54798],[120.52513,14.54835],[120.52513,14.5488],[120.52523,14.54826],[120.52467,14.54789],[120.52468,14.54771],[120.52505,14.54736],[120.52458,14.54762],[120.52467,14.54798]]],[[[120.5241,14.54906],[120.52503,14.54898],[120.52503,14.5488],[120.52429,14.54888],[120.5241,14.54906]]],[[[120.5266,14.54981],[120.5267,14.54954],[120.5266,14.54954],[120.5266,14.54981]]],[[[120.52678,14.55017],[120.52669,14.54999],[120.52669,14.55017],[120.52678,14.55017]]],[[[120.52705,14.55117],[120.52714,14.5509],[120.52705,14.5509],[120.52705,14.55117]]],[[[120.52723,14.55135],[120.52714,14.55153],[120.52723,14.55153],[120.52723,14.55135]]],[[[120.52695,14.55198],[120.52676,14.55189],[120.52676,14.55198],[120.52695,14.55198]]],[[[120.52601,14.55242],[120.52592,14.55288],[120.52601,14.55288],[120.52601,14.55242]]],[[[120.5261,14.55306],[120.52601,14.55288],[120.52601,14.55306],[120.5261,14.55306]]],[[[120.5261,14.55306],[120.52619,14.55324],[120.52619,14.55306],[120.5261,14.55306]]],[[[120.52656,14.55361],[120.52637,14.55351],[120.52637,14.5536],[120.52656,14.55361]]],[[[120.52695,14.56806],[120.52677,14.56797],[120.52677,14.56806],[120.52695,14.56806]]],[[[120.52351,14.56911],[120.52379,14.5692],[120.52379,14.56911],[120.52351,14.56911]]],[[[120.52323,14.5692],[120.52351,14.56929],[120.52351,14.5692],[120.52323,14.5692]]],[[[120.52379,14.5692],[120.52406,14.5693],[120.52406,14.56921],[120.52379,14.5692]]],[[[120.52425,14.56939],[120.52406,14.5693],[120.52406,14.56939],[120.52425,14.56939]]],[[[120.52434,14.56957],[120.52471,14.56967],[120.52462,14.56948],[120.52425,14.56939],[120.52434,14.56957]]],[[[120.52489,14.56976],[120.52471,14.56967],[120.52471,14.56976],[120.52489,14.56976]]],[[[120.52508,14.56985],[120.52489,14.56976],[120.52489,14.56985],[120.52508,14.56985]]],[[[120.52526,14.57012],[120.52545,14.57013],[120.52545,14.57004],[120.52517,14.56994],[120.52526,14.57012]]],[[[120.52563,14.57013],[120.52545,14.57013],[120.52544,14.57022],[120.52572,14.57031],[120.52563,14.57013]]],[[[120.52581,14.57049],[120.526,14.57049],[120.526,14.5704],[120.52572,14.57031],[120.52581,14.57049]]],[[[120.52618,14.57059],[120.526,14.57049],[120.526,14.57058],[120.52618,14.57059]]],[[[120.52618,14.57059],[120.52637,14.57068],[120.52637,14.57059],[120.52618,14.57059]]],[[[120.52738,14.57112],[120.52637,14.57068],[120.52646,14.57086],[120.52738,14.57112]]],[[[120.50399,14.56484],[120.50343,14.56438],[120.50269,14.56455],[120.50343,14.56465],[120.50399,14.56484]]],[[[120.50149,14.56418],[120.50094,14.56354],[120.50077,14.56246],[120.49957,14.56145],[120.49957,14.56127],[120.49902,14.56063],[120.49876,14.55954],[120.49877,14.55846],[120.4985,14.558],[120.49868,14.55855],[120.49866,14.5599],[120.49884,14.56054],[120.49929,14.56136],[120.50058,14.56245],[120.50084,14.56381],[120.50121,14.56416],[120.50149,14.56418]]],[[[120.53028,14.52781],[120.53018,14.52826],[120.53027,14.52826],[120.53028,14.52781]]],[[[120.52823,14.52806],[120.52879,14.52815],[120.52879,14.52806],[120.52823,14.52806]]],[[[120.53026,14.52898],[120.53036,14.52871],[120.53027,14.52871],[120.53026,14.52898]]],[[[120.53216,14.55005],[120.53207,14.55023],[120.53216,14.55023],[120.53216,14.55005]]],[[[120.53206,14.55059],[120.53197,14.55041],[120.53197,14.55059],[120.53206,14.55059]]],[[[120.5314,14.55158],[120.53131,14.5514],[120.53131,14.55158],[120.5314,14.55158]]],[[[120.53122,14.55167],[120.53131,14.55194],[120.53131,14.55167],[120.53122,14.55167]]],[[[120.53121,14.55203],[120.53111,14.55275],[120.5312,14.55275],[120.53121,14.55203]]],[[[120.53111,14.55275],[120.53101,14.5532],[120.53111,14.5532],[120.53111,14.55275]]],[[[120.53426,14.55287],[120.53417,14.55323],[120.53426,14.55323],[120.53426,14.55287]]],[[[120.53111,14.5532],[120.5312,14.55356],[120.5312,14.5532],[120.53111,14.5532]]],[[[120.53406,14.55414],[120.53417,14.55341],[120.53407,14.55341],[120.53406,14.55414]]],[[[120.53119,14.55402],[120.53129,14.55356],[120.5312,14.55356],[120.53119,14.55402]]],[[[120.53128,14.55402],[120.53137,14.55438],[120.53138,14.55402],[120.53128,14.55402]]],[[[120.53406,14.55477],[120.53397,14.55423],[120.53396,14.55477],[120.53406,14.55477]]],[[[120.53155,14.55465],[120.53146,14.55438],[120.53137,14.55438],[120.53137,14.55465],[120.53155,14.55465]]],[[[120.53174,14.55501],[120.53155,14.55474],[120.53155,14.55492],[120.53174,14.55501]]],[[[120.53396,14.55513],[120.53387,14.55486],[120.53387,14.55513],[120.53396,14.55513]]],[[[120.53387,14.55513],[120.53377,14.55531],[120.53387,14.55531],[120.53387,14.55513]]],[[[120.53368,14.55558],[120.53377,14.5554],[120.53368,14.5554],[120.53368,14.55558]]],[[[120.53182,14.55583],[120.53174,14.55501],[120.53163,14.55637],[120.53182,14.55583]]],[[[120.53368,14.55558],[120.53358,14.55603],[120.53367,14.55603],[120.53368,14.55558]]],[[[120.53376,14.55666],[120.53386,14.55621],[120.53376,14.55621],[120.53376,14.55666]]],[[[120.53172,14.55637],[120.53181,14.55655],[120.53181,14.55637],[120.53172,14.55637]]],[[[120.53366,14.55675],[120.53366,14.55693],[120.53376,14.55666],[120.53366,14.55675]]],[[[120.53329,14.55711],[120.53338,14.55747],[120.53338,14.55711],[120.53329,14.55711]]],[[[120.53329,14.55747],[120.53319,14.55792],[120.53328,14.55792],[120.53329,14.55747]]],[[[120.53109,14.56305],[120.531,14.56251],[120.531,14.56305],[120.53109,14.56305]]],[[[120.53118,14.5635],[120.53109,14.56314],[120.53108,14.5635],[120.53118,14.5635]]],[[[120.53127,14.56377],[120.53136,14.56368],[120.53118,14.5635],[120.53127,14.56377]]],[[[120.53154,14.56387],[120.53173,14.56396],[120.53173,14.56387],[120.53154,14.56387]]],[[[120.53182,14.56396],[120.53228,14.56415],[120.53284,14.56415],[120.53238,14.56397],[120.53182,14.56396]]],[[[120.5334,14.56416],[120.53284,14.56424],[120.5334,14.56425],[120.5334,14.56416]]],[[[120.53851,14.52148],[120.53841,14.52166],[120.53851,14.52166],[120.53851,14.52148]]],[[[120.53832,14.52175],[120.53822,14.52193],[120.53832,14.52193],[120.53832,14.52175]]],[[[120.53822,14.52193],[120.53813,14.52211],[120.53822,14.52211],[120.53822,14.52193]]],[[[120.539,14.52681],[120.53993,14.52691],[120.53993,14.52682],[120.539,14.52681]]],[[[120.53873,14.5269],[120.53891,14.52699],[120.53891,14.5269],[120.53873,14.5269]]],[[[120.53993,14.52691],[120.54104,14.52702],[120.54104,14.52693],[120.53993,14.52691]]],[[[120.54038,14.52845],[120.54093,14.52837],[120.54038,14.52836],[120.54038,14.52845]]],[[[120.54038,14.52845],[120.54001,14.52854],[120.54038,14.52855],[120.54038,14.52845]]],[[[120.53973,14.52854],[120.54,14.52863],[120.54001,14.52854],[120.53973,14.52854]]],[[[120.53945,14.52863],[120.53973,14.52872],[120.53973,14.52863],[120.53945,14.52863]]],[[[120.53935,14.5289],[120.53945,14.52881],[120.53945,14.52872],[120.53926,14.52871],[120.53935,14.5289]]],[[[120.53917,14.52898],[120.53907,14.52916],[120.53916,14.52916],[120.53917,14.52898]]],[[[120.53898,14.52925],[120.53906,14.5298],[120.53907,14.52925],[120.53898,14.52925]]],[[[120.53897,14.5298],[120.53888,14.52997],[120.53897,14.52998],[120.53897,14.5298]]],[[[120.53756,14.54035],[120.53783,14.54035],[120.53747,14.54017],[120.53756,14.54035]]],[[[120.53792,14.54063],[120.53811,14.54063],[120.53811,14.54054],[120.53783,14.54044],[120.53792,14.54063]]],[[[120.5382,14.54081],[120.53848,14.54081],[120.53811,14.54063],[120.5382,14.54081]]],[[[120.53866,14.54118],[120.53885,14.54118],[120.53885,14.54109],[120.53857,14.54099],[120.53866,14.54118]]],[[[120.53903,14.54127],[120.53894,14.54136],[120.53931,14.54154],[120.53931,14.54145],[120.53903,14.54127]]],[[[120.5393,14.54227],[120.53911,14.54217],[120.53911,14.54226],[120.5393,14.54227]]],[[[120.53911,14.54235],[120.53893,14.54226],[120.53893,14.54235],[120.53911,14.54235]]],[[[120.53892,14.54244],[120.53874,14.54235],[120.53874,14.54244],[120.53892,14.54244]]],[[[120.53836,14.54271],[120.53818,14.54262],[120.53818,14.54271],[120.53836,14.54271]]],[[[120.53773,14.54975],[120.53764,14.54993],[120.53773,14.54993],[120.53773,14.54975]]],[[[120.53773,14.55011],[120.53782,14.55047],[120.53782,14.55011],[120.53773,14.55011]]],[[[120.53781,14.55083],[120.53791,14.55056],[120.53781,14.55056],[120.53781,14.55083]]],[[[120.53799,14.55111],[120.5379,14.55092],[120.5379,14.5511],[120.53799,14.55111]]],[[[120.53799,14.55111],[120.53818,14.55138],[120.53818,14.5512],[120.53799,14.55111]]],[[[120.53827,14.55147],[120.53845,14.55174],[120.53845,14.55156],[120.53827,14.55147]]],[[[120.53854,14.55183],[120.53863,14.55202],[120.53863,14.55184],[120.53854,14.55183]]],[[[120.53872,14.5522],[120.53863,14.55202],[120.53863,14.5522],[120.53872,14.5522]]],[[[120.53446,14.55224],[120.53437,14.55206],[120.53436,14.55224],[120.53446,14.55224]]],[[[120.53881,14.55256],[120.53872,14.5522],[120.53872,14.55256],[120.53881,14.55256]]],[[[120.53426,14.55278],[120.53436,14.55251],[120.53427,14.55251],[120.53426,14.55278]]],[[[120.53881,14.55283],[120.5389,14.55256],[120.53881,14.55256],[120.53881,14.55283]]],[[[120.5389,14.55283],[120.53899,14.55319],[120.53899,14.55283],[120.5389,14.55283]]],[[[120.53908,14.5532],[120.53908,14.55365],[120.53945,14.55383],[120.53917,14.55356],[120.53908,14.5532]]],[[[120.53981,14.55429],[120.53972,14.55411],[120.53972,14.55429],[120.53981,14.55429]]],[[[120.53981,14.55429],[120.5399,14.55465],[120.53991,14.55429],[120.53981,14.55429]]],[[[120.54193,14.55566],[120.54045,14.55547],[120.5399,14.55465],[120.54008,14.55528],[120.54036,14.55556],[120.54211,14.55585],[120.54193,14.55566]]],[[[120.53802,14.55752],[120.53809,14.55906],[120.53811,14.55752],[120.53802,14.55752]]],[[[120.53809,14.55915],[120.53818,14.55969],[120.53818,14.55915],[120.53809,14.55915]]],[[[120.53817,14.55996],[120.53827,14.55969],[120.53818,14.55969],[120.53817,14.55996]]],[[[120.53596,14.56689],[120.53449,14.56589],[120.53404,14.56443],[120.53412,14.56543],[120.5344,14.56597],[120.53541,14.56671],[120.53596,14.56689]]],[[[120.54272,14.52613],[120.54318,14.52623],[120.54319,14.52614],[120.54272,14.52613]]],[[[120.54244,14.52622],[120.54272,14.52631],[120.54272,14.52622],[120.54244,14.52622]]],[[[120.54179,14.52657],[120.54197,14.52666],[120.54197,14.52657],[120.54179,14.52657]]],[[[120.54142,14.52675],[120.5416,14.52684],[120.5416,14.52675],[120.54142,14.52675]]],[[[120.54142,14.52684],[120.54104,14.52693],[120.54141,14.52693],[120.54142,14.52684]]],[[[120.54271,14.52721],[120.54177,14.52811],[120.54196,14.52811],[120.54233,14.52775],[120.54271,14.5274],[120.54271,14.52721]]],[[[120.54131,14.52828],[120.54177,14.52811],[120.54149,14.52811],[120.54131,14.52828]]],[[[120.54131,14.52828],[120.54093,14.52837],[120.54131,14.52837],[120.54131,14.52828]]],[[[120.54659,14.5287],[120.54696,14.52861],[120.54659,14.52861],[120.54659,14.5287]]],[[[120.54418,14.52877],[120.54483,14.52868],[120.54418,14.52868],[120.54418,14.52877]]],[[[120.54659,14.52879],[120.54612,14.5287],[120.54612,14.52879],[120.54659,14.52879]]],[[[120.54418,14.52886],[120.54399,14.52876],[120.54399,14.52885],[120.54418,14.52886]]],[[[120.54483,14.52877],[120.5452,14.52887],[120.5452,14.52878],[120.54483,14.52877]]],[[[120.54603,14.52879],[120.54584,14.52887],[120.54603,14.52888],[120.54603,14.52879]]],[[[120.54816,14.52917],[120.54742,14.52889],[120.5476,14.52916],[120.54844,14.52926],[120.549,14.52882],[120.54816,14.52917]]],[[[120.54371,14.52912],[120.54361,14.5293],[120.54371,14.5293],[120.54371,14.52912]]],[[[120.54361,14.5293],[120.54352,14.52948],[120.54361,14.52948],[120.54361,14.5293]]],[[[120.54352,14.52948],[120.54342,14.52966],[120.54352,14.52966],[120.54352,14.52948]]],[[[120.54333,14.52984],[120.54324,14.53002],[120.54333,14.53002],[120.54333,14.52984]]],[[[120.54324,14.53002],[120.54314,14.5302],[120.54323,14.5302],[120.54324,14.53002]]],[[[120.54314,14.5302],[120.54305,14.53038],[120.54314,14.53038],[120.54314,14.5302]]],[[[120.5488,14.53044],[120.54824,14.53052],[120.54879,14.53053],[120.5488,14.53044]]],[[[120.54295,14.53047],[120.54286,14.53065],[120.54295,14.53065],[120.54295,14.53047]]],[[[120.54759,14.53061],[120.54824,14.53052],[120.54759,14.53052],[120.54759,14.53061]]],[[[120.54857,14.53441],[120.54875,14.53451],[120.54875,14.53441],[120.54857,14.53441]]],[[[120.54847,14.5345],[120.54754,14.53458],[120.54847,14.53459],[120.54847,14.5345]]],[[[120.54717,14.53458],[120.54745,14.53467],[120.54745,14.53458],[120.54717,14.53458]]],[[[120.54708,14.53476],[120.54689,14.53467],[120.54689,14.53476],[120.54708,14.53476]]],[[[120.5468,14.53476],[120.54652,14.53484],[120.5468,14.53485],[120.5468,14.53476]]],[[[120.54643,14.53493],[120.54624,14.53484],[120.54624,14.53493],[120.54643,14.53493]]],[[[120.54587,14.53493],[120.54615,14.53502],[120.54615,14.53493],[120.54587,14.53493]]],[[[120.54256,14.54049],[120.54275,14.54059],[120.54275,14.5405],[120.54256,14.54049]]],[[[120.54293,14.54068],[120.54275,14.54059],[120.54275,14.54068],[120.54293,14.54068]]],[[[120.54312,14.54077],[120.54293,14.54068],[120.54293,14.54077],[120.54312,14.54077]]],[[[120.5433,14.54086],[120.54312,14.54077],[120.54312,14.54086],[120.5433,14.54086]]],[[[120.54349,14.54095],[120.5433,14.54086],[120.5433,14.54095],[120.54349,14.54095]]],[[[120.54349,14.54095],[120.54367,14.54105],[120.54367,14.54096],[120.54349,14.54095]]],[[[120.54379,14.54656],[120.54398,14.54647],[120.5438,14.54647],[120.54379,14.54656]]],[[[120.54416,14.54665],[120.54463,14.54657],[120.54417,14.54656],[120.54416,14.54665]]],[[[120.54472,14.54666],[120.54528,14.54676],[120.54528,14.54667],[120.54472,14.54666]]],[[[120.54583,14.54685],[120.54537,14.54676],[120.54537,14.54685],[120.54583,14.54685]]],[[[120.54602,14.54694],[120.54583,14.54685],[120.54583,14.54694],[120.54602,14.54694]]],[[[120.54602,14.54694],[120.5462,14.54713],[120.5462,14.54695],[120.54602,14.54694]]],[[[120.54657,14.54749],[120.5462,14.54713],[120.5462,14.54731],[120.54657,14.54749]]],[[[120.54657,14.54749],[120.54684,14.54759],[120.54684,14.54749],[120.54657,14.54749]]],[[[120.54684,14.54759],[120.54758,14.54768],[120.54759,14.54759],[120.54684,14.54759]]],[[[120.54758,14.54768],[120.54777,14.54778],[120.54777,14.54769],[120.54758,14.54768]]],[[[120.54822,14.54868],[120.54813,14.5485],[120.54795,14.54796],[120.54804,14.54859],[120.54822,14.54868]]],[[[120.54831,14.54896],[120.54841,14.54887],[120.54822,14.54868],[120.54831,14.54896]]],[[[120.54868,14.54896],[120.5485,14.54896],[120.5485,14.54905],[120.54877,14.54914],[120.54868,14.54896]]],[[[120.5432,14.55026],[120.54347,14.55035],[120.54348,14.55026],[120.5432,14.55026]]],[[[120.54403,14.55063],[120.54384,14.55053],[120.54384,14.55063],[120.54403,14.55063]]],[[[120.54403,14.55063],[120.54421,14.55072],[120.54421,14.55063],[120.54403,14.55063]]],[[[120.54458,14.5509],[120.54477,14.551],[120.54477,14.55091],[120.54458,14.5509]]],[[[120.54477,14.551],[120.54514,14.55109],[120.54514,14.551],[120.54477,14.551]]],[[[120.5456,14.55119],[120.54523,14.55109],[120.54523,14.55118],[120.5456,14.55119]]],[[[120.54699,14.5512],[120.54569,14.55128],[120.54699,14.55129],[120.54699,14.5512]]],[[[120.54727,14.55138],[120.54708,14.55129],[120.54708,14.55138],[120.54727,14.55138]]],[[[120.54763,14.55157],[120.54727,14.55138],[120.54763,14.55175],[120.54763,14.55157]]],[[[120.54782,14.55184],[120.54772,14.55202],[120.54818,14.55248],[120.54837,14.55248],[120.54782,14.55184]]],[[[120.54855,14.55275],[120.54864,14.55302],[120.54873,14.55303],[120.54873,14.55275],[120.54855,14.55275]]],[[[120.54487,14.57467],[120.54433,14.57394],[120.54415,14.57339],[120.54378,14.57303],[120.54313,14.57302],[120.54156,14.5721],[120.54073,14.57191],[120.54036,14.57146],[120.53954,14.571],[120.53871,14.57018],[120.5376,14.56971],[120.53742,14.56953],[120.53743,14.56881],[120.53716,14.56799],[120.53615,14.56708],[120.53614,14.56726],[120.53697,14.56799],[120.53715,14.56835],[120.53723,14.56944],[120.53741,14.5698],[120.53852,14.57026],[120.53972,14.57136],[120.54009,14.57145],[120.54054,14.572],[120.54212,14.57256],[120.54294,14.5732],[120.54368,14.57321],[120.54405,14.57357],[120.54414,14.57403],[120.54451,14.57439],[120.5445,14.57457],[120.54487,14.57467]]],[[[120.53969,14.57389],[120.53932,14.57325],[120.53905,14.57316],[120.53849,14.57315],[120.53793,14.5736],[120.53747,14.5736],[120.53656,14.57196],[120.536,14.57177],[120.53591,14.57159],[120.53471,14.57149],[120.53461,14.57167],[120.53405,14.57175],[120.53396,14.57193],[120.53349,14.57211],[120.53284,14.5721],[120.53229,14.57173],[120.53127,14.57154],[120.52969,14.57171],[120.5297,14.57116],[120.52989,14.57081],[120.5299,14.56954],[120.52944,14.56917],[120.5287,14.56908],[120.52824,14.56871],[120.52825,14.56808],[120.52909,14.56736],[120.52901,14.56673],[120.52864,14.56637],[120.52744,14.56617],[120.52707,14.56572],[120.5269,14.56445],[120.52672,14.56427],[120.52598,14.56417],[120.52552,14.56317],[120.52525,14.5629],[120.52488,14.5628],[120.5246,14.56244],[120.52442,14.56244],[120.52424,14.56189],[120.52387,14.56153],[120.52322,14.56143],[120.52286,14.56115],[120.52286,14.56052],[120.52259,14.56025],[120.52269,14.55971],[120.52167,14.5597],[120.52103,14.55897],[120.52056,14.55869],[120.5202,14.55787],[120.5191,14.55732],[120.51799,14.55641],[120.51791,14.55559],[120.51773,14.55532],[120.51775,14.55351],[120.51729,14.5526],[120.51711,14.55251],[120.51765,14.5536],[120.51763,14.55541],[120.51782,14.55568],[120.5179,14.55649],[120.51882,14.55732],[120.52011,14.55796],[120.52047,14.55878],[120.52121,14.55933],[120.52148,14.55978],[120.5225,14.5598],[120.5224,14.56034],[120.52268,14.56052],[120.52267,14.56133],[120.52173,14.56232],[120.52089,14.56249],[120.5208,14.56231],[120.51951,14.56166],[120.51905,14.56102],[120.51905,14.56139],[120.5196,14.56193],[120.51997,14.56203],[120.52006,14.5623],[120.5195,14.56238],[120.51913,14.56265],[120.5182,14.56264],[120.51783,14.56246],[120.51747,14.562],[120.51746,14.56236],[120.51728,14.56245],[120.5157,14.5627],[120.51551,14.56288],[120.51755,14.56263],[120.51792,14.563],[120.51894,14.56301],[120.51968,14.56275],[120.52043,14.56285],[120.52043,14.56266],[120.52061,14.56267],[120.52061,14.56303],[120.52089,14.56303],[120.52154,14.56286],[120.52257,14.56196],[120.52377,14.56198],[120.52404,14.5627],[120.52284,14.56269],[120.52181,14.56313],[120.52237,14.56314],[120.52284,14.56287],[120.52441,14.56289],[120.52469,14.56316],[120.52478,14.56352],[120.52505,14.5638],[120.52533,14.5638],[120.52551,14.56434],[120.52652,14.56499],[120.52642,14.56571],[120.5266,14.56607],[120.52789,14.56681],[120.52817,14.56681],[120.52863,14.56718],[120.52854,14.56745],[120.52816,14.56763],[120.52769,14.56816],[120.52769,14.56861],[120.52805,14.56925],[120.52889,14.56944],[120.52953,14.5699],[120.52952,14.57062],[120.52914,14.57158],[120.53067,14.57199],[120.53155,14.572],[120.53173,14.57218],[120.53376,14.57281],[120.53414,14.57266],[120.53423,14.5723],[120.53461,14.57212],[120.536,14.57222],[120.53646,14.57259],[120.53682,14.57358],[120.53831,14.57379],[120.53895,14.57361],[120.53922,14.57391],[120.53969,14.57389]]],[[[120.58103,14.50855],[120.58168,14.50829],[120.58261,14.50821],[120.58308,14.50785],[120.58363,14.50776],[120.58429,14.50723],[120.58513,14.50697],[120.58652,14.50707],[120.5867,14.50689],[120.58735,14.50681],[120.58855,14.50745],[120.58956,14.50891],[120.59168,14.5102],[120.59204,14.51065],[120.59316,14.51066],[120.59325,14.51084],[120.59371,14.51085],[120.5938,14.51112],[120.59463,14.51104],[120.59473,14.51077],[120.59584,14.51096],[120.59788,14.51089],[120.59779,14.51125],[120.59964,14.51154],[120.59992,14.51145],[120.60011,14.5111],[120.60066,14.5111],[120.60094,14.51119],[120.60075,14.51182],[120.60019,14.51182],[120.60019,14.512],[120.6025,14.51229],[120.60287,14.51257],[120.6038,14.51276],[120.60408,14.51276],[120.60501,14.51178],[120.60548,14.51178],[120.60575,14.51215],[120.60631,14.51233],[120.60649,14.51206],[120.60705,14.51207],[120.60761,14.5118],[120.60798,14.51208],[120.60797,14.51253],[120.60816,14.51271],[120.60853,14.51281],[120.60889,14.51317],[120.60917,14.51318],[120.60936,14.51273],[120.60881,14.51218],[120.60872,14.51164],[120.60938,14.51137],[120.60947,14.51119],[120.60975,14.51119],[120.60957,14.51092],[120.6092,14.51083],[120.60946,14.51074],[120.607,14.50978],[120.60639,14.5103],[120.60603,14.51039],[120.60227,14.51017],[120.60168,14.51001],[120.60132,14.50972],[120.5997,14.50993],[120.5985,14.5091],[120.59628,14.50926],[120.59531,14.50864],[120.5935,14.50861],[120.59241,14.5084],[120.59173,14.50857],[120.59127,14.50845],[120.58814,14.50669],[120.58575,14.50393],[120.58285,14.50361],[120.5824,14.50303],[120.58183,14.50169],[120.58148,14.5015],[120.58067,14.50162],[120.57915,14.50248],[120.5797,14.50257],[120.57998,14.50285],[120.58091,14.50295],[120.58136,14.50331],[120.58164,14.50332],[120.58247,14.50378],[120.58303,14.50378],[120.58349,14.50415],[120.58488,14.50434],[120.58552,14.50516],[120.58561,14.50562],[120.58625,14.50598],[120.58689,14.50662],[120.5868,14.5068],[120.5855,14.50661],[120.58448,14.50687],[120.58383,14.50722],[120.58326,14.50776],[120.58243,14.50802],[120.58206,14.50793],[120.5814,14.50828],[120.58113,14.50819],[120.58122,14.50837],[120.58103,14.50855]],[[120.59603,14.51024],[120.59678,14.51007],[120.59678,14.51025],[120.59603,14.51042],[120.59603,14.51024]],[[120.60196,14.51084],[120.60206,14.51066],[120.60261,14.51067],[120.60289,14.51094],[120.60289,14.51121],[120.60224,14.51121],[120.60196,14.51084]],[[120.60586,14.51088],[120.60744,14.51072],[120.60725,14.51099],[120.60688,14.51098],[120.60631,14.51152],[120.60548,14.51133],[120.60548,14.51115],[120.60586,14.51088]]],[[[120.56743,14.50328],[120.56569,14.5036],[120.56513,14.50414],[120.56431,14.5044],[120.56411,14.50502],[120.56371,14.50517],[120.56206,14.50456],[120.56128,14.50455],[120.5611,14.50468],[120.56067,14.5054],[120.56051,14.50652],[120.56013,14.50697],[120.55991,14.50759],[120.56012,14.50824],[120.55981,14.50912],[120.55879,14.50986],[120.55969,14.50968],[120.56006,14.50933],[120.56064,14.50707],[120.56066,14.5059],[120.56113,14.50545],[120.56372,14.5053],[120.56521,14.50495],[120.56577,14.50478],[120.56624,14.50415],[120.5668,14.50398],[120.56958,14.50401],[120.57543,14.5037],[120.57785,14.50253],[120.57673,14.50249],[120.57641,14.50307],[120.5759,14.50313],[120.57459,14.50262],[120.57361,14.50257],[120.57182,14.50289],[120.57013,14.50378],[120.56849,14.5039],[120.56808,14.50349],[120.56743,14.50328]]],[[[120.55663,14.50983],[120.55588,14.51037],[120.55569,14.51088],[120.55452,14.51095],[120.55382,14.51131],[120.55267,14.51106],[120.55077,14.51121],[120.54809,14.51093],[120.54714,14.51058],[120.54611,14.51049],[120.5455,14.51084],[120.54539,14.51131],[120.54484,14.51165],[120.54339,14.5119],[120.54056,14.51201],[120.54001,14.51175],[120.53899,14.51173],[120.53871,14.51109],[120.53816,14.51063],[120.53576,14.51034],[120.53354,14.50905],[120.53308,14.5091],[120.53363,14.50959],[120.53547,14.51061],[120.5364,14.51089],[120.53797,14.51099],[120.53834,14.51136],[120.53833,14.5119],[120.53647,14.5126],[120.53591,14.51314],[120.53571,14.51431],[120.53598,14.51531],[120.5357,14.51576],[120.5343,14.51601],[120.53374,14.51628],[120.53254,14.51636],[120.53132,14.51743],[120.53056,14.51869],[120.53037,14.51941],[120.53018,14.51949],[120.52952,14.52066],[120.52923,14.52147],[120.52736,14.52335],[120.52717,14.52335],[120.52642,14.52406],[120.52614,14.52487],[120.52585,14.52514],[120.52548,14.52523],[120.52511,14.52558],[120.52464,14.52558],[120.52492,14.52567],[120.52492,14.52594],[120.52454,14.52648],[120.52408,14.52666],[120.52389,14.52693],[120.52405,14.52855],[120.52359,14.529],[120.52256,14.52917],[120.52191,14.52989],[120.52098,14.53015],[120.52042,14.52996],[120.5195,14.52905],[120.51959,14.52941],[120.51978,14.52941],[120.5206,14.53023],[120.52135,14.53024],[120.5219,14.53007],[120.52275,14.52926],[120.52358,14.52918],[120.52424,14.52856],[120.52406,14.52792],[120.52407,14.52693],[120.52501,14.52622],[120.5252,14.52568],[120.52538,14.52568],[120.52632,14.52496],[120.52632,14.52469],[120.5268,14.52389],[120.52745,14.52335],[120.52764,14.52335],[120.52867,14.52228],[120.52867,14.5221],[120.52942,14.52147],[120.5298,14.52048],[120.53065,14.51932],[120.53075,14.51869],[120.5315,14.51752],[120.53263,14.51654],[120.53355,14.51655],[120.5343,14.51629],[120.53476,14.51629],[120.53616,14.51567],[120.536,14.51359],[120.53628,14.51305],[120.53647,14.51306],[120.53666,14.51279],[120.53768,14.51253],[120.53843,14.51208],[120.53917,14.51227],[120.54148,14.5123],[120.54167,14.51212],[120.54251,14.51194],[120.54482,14.51215],[120.54548,14.5117],[120.54576,14.51108],[120.54623,14.5109],[120.5478,14.51119],[120.54966,14.5113],[120.55039,14.51158],[120.55355,14.51152],[120.55448,14.51117],[120.5555,14.51109],[120.55615,14.51055],[120.55634,14.51055],[120.55662,14.51019],[120.55727,14.51002],[120.55663,14.50983]]],[[[120.53187,14.50927],[120.53113,14.50948],[120.53059,14.50942],[120.53053,14.50965],[120.53085,14.50965],[120.53085,14.50992],[120.53056,14.51019],[120.53047,14.51064],[120.53009,14.511],[120.52935,14.51127],[120.52937,14.51163],[120.53065,14.51092],[120.53112,14.50984],[120.53187,14.50927]]],[[[120.52746,14.51432],[120.5256,14.51466],[120.52532,14.51502],[120.52438,14.51555],[120.52391,14.51609],[120.52326,14.51635],[120.51872,14.51648],[120.51807,14.51666],[120.51751,14.51701],[120.51695,14.5171],[120.51657,14.51736],[120.51621,14.51736],[120.51544,14.51774],[120.51542,14.51789],[120.51592,14.51763],[120.51648,14.51763],[120.5176,14.51728],[120.51881,14.51675],[120.52075,14.51687],[120.52131,14.51669],[120.5227,14.5167],[120.52372,14.51654],[120.52569,14.51493],[120.52755,14.51459],[120.5283,14.51378],[120.52848,14.51378],[120.52895,14.51334],[120.52914,14.51299],[120.52746,14.51432]]],[[[120.55275,14.51621],[120.55257,14.51612],[120.55257,14.51621],[120.55275,14.51621]]],[[[120.56023,14.51936],[120.56005,14.51926],[120.56005,14.51936],[120.56023,14.51936]]],[[[120.55057,14.52974],[120.55075,14.52983],[120.55075,14.52974],[120.55057,14.52974]]],[[[120.55056,14.52992],[120.55038,14.52982],[120.55038,14.52991],[120.55056,14.52992]]],[[[120.55038,14.53001],[120.55019,14.52991],[120.55019,14.53],[120.55038,14.53001]]],[[[120.5501,14.53018],[120.54991,14.53009],[120.54991,14.53018],[120.5501,14.53018]]],[[[120.54991,14.53027],[120.54973,14.53018],[120.54972,14.53027],[120.54991,14.53027]]],[[[120.54945,14.53027],[120.54972,14.53036],[120.54972,14.53027],[120.54945,14.53027]]],[[[120.54889,14.53044],[120.54945,14.53036],[120.54889,14.53035],[120.54889,14.53044]]],[[[120.54893,14.5346],[120.54958,14.53451],[120.54894,14.53451],[120.54893,14.5346]]],[[[120.54958,14.5346],[120.54977,14.5347],[120.54977,14.53461],[120.54958,14.5346]]],[[[120.54995,14.53479],[120.54977,14.5347],[120.54977,14.53479],[120.54995,14.53479]]],[[[120.55199,14.53499],[120.55014,14.53488],[120.55014,14.53497],[120.55199,14.53499]]],[[[120.55763,14.5364],[120.55652,14.53648],[120.55634,14.5363],[120.55606,14.5363],[120.55523,14.53566],[120.55421,14.53529],[120.55208,14.53499],[120.55495,14.53565],[120.55559,14.5362],[120.55643,14.53657],[120.55735,14.53658],[120.55763,14.5364]]],[[[120.55651,14.54606],[120.55669,14.54615],[120.55669,14.54606],[120.55651,14.54606]]],[[[120.55651,14.54615],[120.55613,14.54624],[120.5565,14.54624],[120.55651,14.54615]]],[[[120.55613,14.54633],[120.55595,14.54623],[120.55595,14.54633],[120.55613,14.54633]]],[[[120.55762,14.54616],[120.55688,14.54606],[120.55706,14.54625],[120.55808,14.54653],[120.55762,14.54616]]],[[[120.55595,14.54642],[120.55576,14.54632],[120.55576,14.54641],[120.55595,14.54642]]],[[[120.55483,14.5464],[120.55557,14.54659],[120.55576,14.54641],[120.55483,14.5464]]],[[[120.57532,14.54743],[120.57505,14.54679],[120.57477,14.54688],[120.57477,14.5467],[120.57449,14.5467],[120.5744,14.54634],[120.57403,14.54624],[120.57349,14.54551],[120.57293,14.54533],[120.57275,14.54505],[120.57238,14.54514],[120.57219,14.54496],[120.57211,14.54451],[120.57229,14.54451],[120.5723,14.54388],[120.57249,14.54352],[120.57241,14.54216],[120.57177,14.54143],[120.57094,14.54124],[120.57085,14.54097],[120.57122,14.54034],[120.57123,14.53971],[120.5704,14.53889],[120.57041,14.53871],[120.57022,14.5387],[120.5694,14.53788],[120.56847,14.5376],[120.56856,14.53778],[120.56949,14.53815],[120.57095,14.53952],[120.57113,14.54007],[120.57085,14.54079],[120.57057,14.54106],[120.5701,14.54105],[120.57001,14.54087],[120.56973,14.54087],[120.56918,14.54041],[120.56881,14.54032],[120.56872,14.54013],[120.5678,14.53985],[120.56743,14.53958],[120.56669,14.53948],[120.56447,14.53864],[120.56429,14.53837],[120.56327,14.53782],[120.56328,14.5371],[120.56347,14.53692],[120.56347,14.53665],[120.56311,14.53619],[120.56228,14.53582],[120.56098,14.53572],[120.56062,14.53508],[120.56025,14.53481],[120.55839,14.53461],[120.55821,14.53442],[120.55831,14.53343],[120.55804,14.53316],[120.55711,14.53315],[120.55675,14.5326],[120.55648,14.5317],[120.55611,14.53142],[120.55537,14.53132],[120.55492,14.53023],[120.55446,14.53014],[120.55399,14.53068],[120.55325,14.53058],[120.5515,14.52884],[120.54984,14.52819],[120.54938,14.52819],[120.54901,14.52782],[120.54901,14.52764],[120.54855,14.52737],[120.54763,14.52636],[120.54689,14.52635],[120.54652,14.52662],[120.54596,14.52662],[120.54551,14.52589],[120.54532,14.52589],[120.54523,14.52571],[120.54477,14.5257],[120.54355,14.52632],[120.54365,14.5265],[120.54476,14.52588],[120.54514,14.52588],[120.54596,14.5268],[120.54642,14.5268],[120.54689,14.52654],[120.54763,14.52654],[120.54818,14.52727],[120.54883,14.52764],[120.54919,14.52828],[120.55141,14.52902],[120.55315,14.53076],[120.55398,14.53095],[120.55445,14.5305],[120.55482,14.5305],[120.55491,14.53096],[120.55528,14.5315],[120.55602,14.5316],[120.55629,14.53178],[120.55656,14.53278],[120.55702,14.53342],[120.55804,14.53343],[120.55802,14.53469],[120.55848,14.53497],[120.56015,14.53508],[120.56061,14.53571],[120.5606,14.53607],[120.56079,14.53608],[120.56088,14.5359],[120.56135,14.53608],[120.56209,14.536],[120.56301,14.53637],[120.56309,14.53755],[120.56263,14.53745],[120.56208,14.5369],[120.56162,14.53681],[120.56153,14.53663],[120.5606,14.53616],[120.55986,14.53652],[120.55939,14.53697],[120.558,14.53695],[120.55669,14.53766],[120.55548,14.53801],[120.55511,14.53837],[120.55473,14.53918],[120.55426,14.53962],[120.55323,14.53997],[120.55314,14.54015],[120.55184,14.54014],[120.55147,14.54041],[120.55119,14.5404],[120.55083,14.5395],[120.55018,14.53904],[120.54981,14.53903],[120.54953,14.5393],[120.54962,14.54012],[120.54915,14.5402],[120.54897,14.53993],[120.54841,14.53983],[120.54813,14.54001],[120.54794,14.54046],[120.54738,14.54081],[120.54553,14.54089],[120.54497,14.5407],[120.54404,14.54114],[120.54348,14.54177],[120.5431,14.54194],[120.54236,14.54194],[120.54162,14.54166],[120.53977,14.54182],[120.53931,14.54154],[120.53958,14.54191],[120.54171,14.54184],[120.54236,14.54212],[120.54301,14.54212],[120.54347,14.54195],[120.54376,14.54159],[120.54394,14.54159],[120.54469,14.54097],[120.54617,14.54116],[120.54664,14.54099],[120.54757,14.541],[120.54813,14.54055],[120.54841,14.5401],[120.54878,14.54011],[120.54906,14.54038],[120.54971,14.5403],[120.54981,14.5393],[120.55,14.53922],[120.55037,14.53931],[120.55064,14.53958],[120.551,14.54058],[120.55156,14.54059],[120.55184,14.54032],[120.55323,14.54033],[120.55463,14.53954],[120.55548,14.53828],[120.55781,14.53749],[120.55828,14.53704],[120.55865,14.53705],[120.55864,14.53723],[120.55827,14.53732],[120.55808,14.53758],[120.55957,14.53724],[120.56023,14.5367],[120.56069,14.53662],[120.56171,14.53717],[120.56189,14.53744],[120.56235,14.53754],[120.56299,14.53809],[120.56299,14.53827],[120.56345,14.53845],[120.56345,14.53863],[120.56327,14.53863],[120.56317,14.53881],[120.56419,14.53882],[120.56613,14.53984],[120.56649,14.54038],[120.56751,14.54057],[120.56844,14.5404],[120.56973,14.54123],[120.56973,14.5415],[120.56945,14.5415],[120.56788,14.54112],[120.56815,14.54166],[120.57009,14.54223],[120.57037,14.54223],[120.57056,14.54196],[120.57093,14.54196],[120.57102,14.54178],[120.57167,14.54188],[120.57194,14.54252],[120.57166,14.54269],[120.57166,14.54306],[120.57184,14.54333],[120.57165,14.54369],[120.57135,14.5454],[120.57191,14.54577],[120.57218,14.5464],[120.57264,14.5465],[120.57264,14.54686],[120.57282,14.54713],[120.57383,14.5476],[120.57411,14.54805],[120.57448,14.54796],[120.57457,14.54815],[120.57568,14.5487],[120.57475,14.54878],[120.57512,14.54896],[120.57558,14.54951],[120.57566,14.54996],[120.57585,14.55006],[120.57584,14.55042],[120.57547,14.55086],[120.57343,14.55075],[120.57269,14.55038],[120.57251,14.55011],[120.57121,14.54983],[120.57066,14.54919],[120.56964,14.54918],[120.56918,14.54935],[120.56908,14.54953],[120.56778,14.5497],[120.56713,14.55015],[120.56536,14.5504],[120.56452,14.55084],[120.5636,14.55056],[120.56267,14.55055],[120.56175,14.55018],[120.56156,14.55],[120.56148,14.54945],[120.56129,14.54927],[120.56102,14.54927],[120.56074,14.549],[120.56065,14.54863],[120.55982,14.54862],[120.55945,14.54808],[120.559,14.54681],[120.55854,14.54653],[120.55808,14.54653],[120.55817,14.5468],[120.55789,14.54698],[120.55622,14.54678],[120.55557,14.54722],[120.55492,14.5474],[120.55426,14.54802],[120.55426,14.5482],[120.55351,14.54856],[120.55313,14.5491],[120.55239,14.54927],[120.55109,14.54917],[120.55081,14.54943],[120.55007,14.5497],[120.54923,14.5496],[120.54932,14.54978],[120.55016,14.54979],[120.55081,14.54961],[120.55118,14.54926],[120.55211,14.54936],[120.55304,14.54928],[120.55351,14.54892],[120.5536,14.54865],[120.55435,14.5483],[120.55491,14.54758],[120.55575,14.54732],[120.55622,14.54696],[120.55779,14.54716],[120.55826,14.5468],[120.55872,14.54681],[120.55954,14.54862],[120.55981,14.5489],[120.56046,14.5489],[120.56074,14.54936],[120.56111,14.54945],[120.56156,14.55036],[120.5623,14.55055],[120.56248,14.55073],[120.56295,14.55073],[120.56276,14.55109],[120.56304,14.5511],[120.56322,14.55083],[120.56387,14.55083],[120.56406,14.55093],[120.56415,14.55129],[120.56433,14.55129],[120.56489,14.55085],[120.56564,14.55058],[120.56713,14.55042],[120.56769,14.55006],[120.5688,14.54989],[120.56955,14.54954],[120.57047,14.54955],[120.57102,14.55019],[120.57204,14.55038],[120.57333,14.55111],[120.57509,14.55122],[120.5749,14.55149],[120.57583,14.55123],[120.57648,14.55142],[120.57758,14.55287],[120.57887,14.55325],[120.57989,14.55389],[120.58007,14.55444],[120.58006,14.55516],[120.57986,14.55606],[120.57958,14.55624],[120.57866,14.55605],[120.57829,14.55604],[120.57828,14.55622],[120.57717,14.55603],[120.57439,14.55618],[120.57402,14.55591],[120.57365,14.55591],[120.57328,14.55617],[120.57216,14.55616],[120.57142,14.55597],[120.57106,14.55561],[120.56957,14.55559],[120.56901,14.55595],[120.56855,14.55603],[120.56827,14.5563],[120.56724,14.55665],[120.56659,14.55719],[120.56622,14.55718],[120.56566,14.55691],[120.56473,14.55771],[120.56445,14.55771],[120.56408,14.55725],[120.56362,14.55734],[120.56324,14.55778],[120.56287,14.55778],[120.56269,14.55751],[120.56176,14.55759],[120.56111,14.5574],[120.56074,14.55758],[120.55925,14.55765],[120.55851,14.55801],[120.55758,14.55782],[120.55674,14.55817],[120.55582,14.55807],[120.55526,14.55842],[120.55452,14.55833],[120.5535,14.55768],[120.55174,14.55757],[120.55156,14.55739],[120.55063,14.5572],[120.54972,14.5562],[120.54898,14.55574],[120.54824,14.55555],[120.54797,14.55519],[120.54722,14.55518],[120.54694,14.55563],[120.54573,14.55561],[120.54536,14.55588],[120.54443,14.55614],[120.54276,14.55612],[120.54239,14.55585],[120.54211,14.55594],[120.54267,14.55621],[120.54461,14.55623],[120.54564,14.55579],[120.54675,14.55581],[120.54703,14.55572],[120.54722,14.55536],[120.54778,14.55527],[120.54824,14.55573],[120.54898,14.55592],[120.54971,14.55638],[120.55054,14.55738],[120.55146,14.55748],[120.55174,14.55785],[120.5522,14.55776],[120.55378,14.55796],[120.55424,14.55841],[120.55498,14.5586],[120.55535,14.55861],[120.55582,14.55825],[120.55674,14.55835],[120.55758,14.558],[120.5586,14.55819],[120.55972,14.55775],[120.56167,14.55768],[120.56185,14.55786],[120.56268,14.55778],[120.56278,14.55796],[120.56324,14.55797],[120.56361,14.55761],[120.56408,14.55752],[120.56435,14.55789],[120.56482,14.55789],[120.56566,14.55718],[120.56668,14.55737],[120.56752,14.55674],[120.56845,14.55648],[120.56966,14.55586],[120.57105,14.55597],[120.57124,14.55615],[120.57235,14.55643],[120.57327,14.55644],[120.57365,14.55618],[120.57402,14.55618],[120.57439,14.55645],[120.57643,14.55639],[120.57652,14.55657],[120.5781,14.55631],[120.57958,14.55642],[120.57985,14.55687],[120.58041,14.55706],[120.58087,14.55752],[120.58114,14.55815],[120.58104,14.55851],[120.58011,14.55868],[120.57761,14.55866],[120.57696,14.55829],[120.5765,14.55828],[120.57594,14.55837],[120.57501,14.55881],[120.57167,14.55914],[120.57454,14.55899],[120.57575,14.55873],[120.57613,14.55846],[120.57705,14.55847],[120.5777,14.55884],[120.57993,14.55886],[120.58058,14.55869],[120.5815,14.5587],[120.58206,14.55915],[120.58381,14.5599],[120.58427,14.56035],[120.58427,14.56053],[120.58501,14.56081],[120.58565,14.56145],[120.58667,14.56155],[120.58722,14.56183],[120.5888,14.56184],[120.58879,14.5623],[120.58935,14.56266],[120.58963,14.56239],[120.5899,14.5624],[120.59008,14.5633],[120.59045,14.56376],[120.59137,14.56395],[120.5922,14.5645],[120.5908,14.56512],[120.58997,14.56529],[120.58941,14.56528],[120.58904,14.56492],[120.58839,14.56491],[120.58811,14.56518],[120.58737,14.56517],[120.58608,14.56453],[120.58376,14.56441],[120.58357,14.56459],[120.58311,14.56459],[120.58311,14.56477],[120.58366,14.56486],[120.58375,14.56504],[120.58394,14.56505],[120.58394,14.56523],[120.58301,14.56558],[120.58134,14.56538],[120.58022,14.56546],[120.57957,14.56572],[120.57874,14.56572],[120.578,14.56553],[120.57614,14.5656],[120.57522,14.56532],[120.57373,14.5653],[120.57327,14.56539],[120.57299,14.56584],[120.57243,14.5661],[120.57159,14.566],[120.57103,14.56618],[120.57075,14.56645],[120.56964,14.56643],[120.56843,14.56669],[120.5674,14.56731],[120.56722,14.56758],[120.56675,14.56776],[120.56527,14.56774],[120.5648,14.56747],[120.56443,14.56746],[120.56415,14.56764],[120.56341,14.56763],[120.56304,14.5679],[120.56248,14.5679],[120.5622,14.56771],[120.56109,14.5677],[120.56025,14.56796],[120.55943,14.56732],[120.55711,14.5673],[120.55646,14.56684],[120.55572,14.56665],[120.55545,14.56601],[120.55425,14.56591],[120.55332,14.56563],[120.55268,14.56526],[120.55231,14.56472],[120.55204,14.56462],[120.55046,14.56479],[120.55009,14.56451],[120.55,14.56415],[120.54954,14.5636],[120.5489,14.56333],[120.54825,14.56323],[120.5476,14.56349],[120.54704,14.56349],[120.54676,14.5633],[120.54676,14.56348],[120.54657,14.56357],[120.54583,14.56347],[120.54445,14.56238],[120.54362,14.56219],[120.54316,14.56191],[120.54252,14.56118],[120.54168,14.56117],[120.54112,14.56162],[120.53973,14.56142],[120.53898,14.56223],[120.53852,14.56231],[120.53779,14.56113],[120.5377,14.56041],[120.53706,14.56013],[120.53697,14.55995],[120.5366,14.55994],[120.53557,14.56084],[120.53556,14.56102],[120.5351,14.56146],[120.53472,14.56146],[120.53464,14.56083],[120.53492,14.56038],[120.53483,14.56002],[120.53409,14.55974],[120.53354,14.55928],[120.53365,14.55829],[120.53328,14.55837],[120.53263,14.55773],[120.53245,14.55773],[120.53217,14.55737],[120.53218,14.55683],[120.53208,14.55737],[120.53106,14.55745],[120.53022,14.5578],[120.52929,14.5577],[120.52837,14.55706],[120.52831,14.5548],[120.52849,14.55453],[120.5285,14.5539],[120.52813,14.55353],[120.52758,14.55353],[120.5272,14.55379],[120.52693,14.55379],[120.52664,14.55424],[120.52608,14.55441],[120.52479,14.5544],[120.52451,14.55422],[120.52425,14.55286],[120.52435,14.55196],[120.52417,14.55168],[120.52419,14.54951],[120.52401,14.54942],[120.52392,14.54906],[120.52382,14.54933],[120.5241,14.5496],[120.52409,14.55051],[120.52381,14.55059],[120.52326,14.54987],[120.52243,14.54941],[120.52254,14.54823],[120.52226,14.54787],[120.52218,14.54705],[120.52126,14.5465],[120.52118,14.54542],[120.52136,14.54524],[120.52137,14.54461],[120.52064,14.5436],[120.52074,14.54288],[120.52112,14.54253],[120.52195,14.54217],[120.52242,14.54164],[120.52307,14.54164],[120.52243,14.54155],[120.52226,14.54019],[120.52227,14.53892],[120.52274,14.53866],[120.52283,14.53839],[120.52208,14.53892],[120.52224,14.54163],[120.52177,14.54208],[120.52121,14.54226],[120.52056,14.54279],[120.52046,14.54342],[120.52027,14.54342],[120.51972,14.54287],[120.5189,14.54151],[120.51853,14.54132],[120.51936,14.54233],[120.51963,14.54296],[120.52055,14.54378],[120.52109,14.54469],[120.52089,14.54623],[120.52134,14.54696],[120.5219,14.54714],[120.52198,14.54832],[120.52216,14.54841],[120.52225,14.54877],[120.52215,14.54967],[120.52169,14.5494],[120.52142,14.54858],[120.52143,14.54804],[120.52088,14.54731],[120.52005,14.54703],[120.51912,14.54648],[120.5182,14.54629],[120.51746,14.54592],[120.51729,14.54501],[120.51665,14.54401],[120.516,14.54365],[120.51572,14.54364],[120.51517,14.543],[120.51501,14.54147],[120.51483,14.54092],[120.51428,14.54019],[120.51383,14.53856],[120.51291,14.53801],[120.51245,14.53792],[120.51227,14.53764],[120.51217,14.53791],[120.51235,14.5381],[120.51291,14.53819],[120.51374,14.53874],[120.51418,14.54037],[120.51464,14.54092],[120.51482,14.54147],[120.51499,14.543],[120.51554,14.54373],[120.51637,14.54401],[120.51674,14.54438],[120.51682,14.54474],[120.5171,14.54501],[120.51728,14.54592],[120.51561,14.54563],[120.51488,14.5449],[120.51257,14.5437],[120.51193,14.54306],[120.51204,14.54171],[120.51186,14.54125],[120.51011,14.53961],[120.50891,14.53932],[120.5102,14.53979],[120.51176,14.54134],[120.51194,14.5418],[120.51184,14.54297],[120.51137,14.54296],[120.51064,14.54251],[120.51027,14.54187],[120.51028,14.5416],[120.50991,14.54123],[120.50853,14.5405],[120.5063,14.54038],[120.50435,14.54054],[120.50361,14.54017],[120.50158,14.5397],[120.50416,14.54063],[120.50815,14.54058],[120.5088,14.54077],[120.51009,14.5416],[120.51036,14.54241],[120.51063,14.54269],[120.51137,14.54315],[120.51193,14.54324],[120.51266,14.54397],[120.51497,14.54517],[120.51551,14.54581],[120.51746,14.54619],[120.52078,14.54758],[120.52106,14.54795],[120.52123,14.54912],[120.5215,14.54976],[120.52196,14.55012],[120.52298,14.55041],[120.52325,14.55095],[120.5238,14.55114],[120.5237,14.55204],[120.52397,14.55258],[120.52396,14.55358],[120.52423,14.55439],[120.5246,14.55467],[120.52506,14.55476],[120.52608,14.55477],[120.52692,14.55442],[120.52729,14.55406],[120.52813,14.55398],[120.52822,14.55444],[120.52793,14.55488],[120.5271,14.55469],[120.52626,14.55505],[120.52691,14.55505],[120.52729,14.55488],[120.52793,14.55516],[120.52791,14.55696],[120.52846,14.5576],[120.52901,14.55788],[120.52929,14.55788],[120.52948,14.55806],[120.53012,14.55807],[120.53115,14.55772],[120.53217,14.55773],[120.5329,14.55837],[120.53326,14.55955],[120.53446,14.56028],[120.53426,14.56118],[120.53444,14.56164],[120.53481,14.56182],[120.53547,14.56156],[120.53547,14.56138],[120.53631,14.56057],[120.53659,14.56049],[120.53705,14.56058],[120.53742,14.56095],[120.53769,14.56176],[120.53787,14.56186],[120.53805,14.5624],[120.53833,14.56258],[120.53907,14.5625],[120.53992,14.5617],[120.5414,14.56189],[120.54149,14.56171],[120.54233,14.56145],[120.54343,14.56246],[120.54436,14.56265],[120.54564,14.56374],[120.54722,14.56385],[120.54834,14.56359],[120.54898,14.56369],[120.54963,14.56415],[120.54981,14.56469],[120.55018,14.56506],[120.55166,14.56507],[120.55295,14.56599],[120.5536,14.56609],[120.55387,14.56636],[120.55424,14.56645],[120.55424,14.56682],[120.55451,14.567],[120.5559,14.5671],[120.55646,14.56738],[120.55673,14.56774],[120.55905,14.56777],[120.55979,14.56814],[120.56015,14.56859],[120.56071,14.56851],[120.56118,14.56815],[120.56201,14.56816],[120.56266,14.56853],[120.56368,14.56854],[120.56442,14.56828],[120.56656,14.56848],[120.56777,14.56795],[120.56861,14.56733],[120.5701,14.56716],[120.57065,14.56726],[120.57074,14.56744],[120.57111,14.56753],[120.57167,14.56745],[120.57353,14.56656],[120.57363,14.56638],[120.57428,14.56639],[120.57446,14.5663],[120.57447,14.56612],[120.57502,14.56604],[120.57539,14.56604],[120.57576,14.56632],[120.57733,14.56688],[120.58002,14.56681],[120.58002,14.56699],[120.58169,14.56692],[120.58188,14.5671],[120.58308,14.56693],[120.58402,14.5664],[120.58587,14.56669],[120.58606,14.56633],[120.58624,14.56633],[120.58652,14.56652],[120.58642,14.56688],[120.58679,14.56697],[120.58902,14.567],[120.58929,14.56736],[120.58919,14.56817],[120.59022,14.56782],[120.58976,14.56691],[120.58968,14.5661],[120.58893,14.56654],[120.58828,14.56654],[120.58772,14.5668],[120.58735,14.56671],[120.58708,14.56625],[120.58727,14.56607],[120.58773,14.56608],[120.58773,14.5659],[120.5882,14.5659],[120.58839,14.56563],[120.58876,14.56564],[120.58922,14.566],[120.58968,14.56601],[120.59015,14.56565],[120.59135,14.56557],[120.5919,14.56621],[120.59246,14.56631],[120.59227,14.56685],[120.59171,14.56693],[120.59171,14.56738],[120.59236,14.56739],[120.59254,14.56721],[120.59282,14.56731],[120.59338,14.56695],[120.59496,14.56652],[120.59645,14.56653],[120.59674,14.56545],[120.59683,14.56572],[120.59701,14.56572],[120.59692,14.56536],[120.59711,14.56536],[120.59711,14.565],[120.5973,14.56491],[120.59721,14.56473],[120.59739,14.56473],[120.59721,14.56437],[120.5975,14.56383],[120.59713,14.56347],[120.59611,14.56346],[120.59565,14.56327],[120.59565,14.563],[120.59584,14.56291],[120.59575,14.56237],[120.59436,14.56244],[120.59288,14.56207],[120.59159,14.56115],[120.59029,14.56078],[120.58964,14.56086],[120.58955,14.5605],[120.58873,14.55986],[120.5877,14.56012],[120.58659,14.56001],[120.58346,14.55763],[120.58263,14.55762],[120.58254,14.55744],[120.58226,14.55744],[120.5819,14.55662],[120.58144,14.55653],[120.58125,14.55625],[120.58135,14.5558],[120.58153,14.5559],[120.58162,14.55626],[120.58181,14.55626],[120.58173,14.55463],[120.58145,14.55472],[120.58118,14.55418],[120.58137,14.55382],[120.58165,14.55382],[120.58156,14.55346],[120.58129,14.55318],[120.58054,14.55327],[120.58027,14.55299],[120.58028,14.55218],[120.57972,14.55199],[120.57972,14.55181],[120.57954,14.55172],[120.57863,14.54963],[120.57826,14.54954],[120.57771,14.54908],[120.57688,14.54889],[120.57587,14.54834],[120.57559,14.54807],[120.5756,14.54761],[120.57532,14.54743]],[[120.57393,14.5476],[120.57384,14.54732],[120.57338,14.54705],[120.57347,14.5466],[120.57366,14.5466],[120.57403,14.54696],[120.57393,14.5476]],[[120.57577,14.54879],[120.57604,14.54906],[120.57678,14.54925],[120.57697,14.54943],[120.57789,14.54944],[120.57854,14.55026],[120.57853,14.55054],[120.57825,14.55053],[120.57825,14.55071],[120.57871,14.5509],[120.57871,14.55126],[120.57926,14.55172],[120.57926,14.5519],[120.57824,14.5518],[120.57806,14.55125],[120.57704,14.55115],[120.57695,14.55079],[120.57658,14.55061],[120.57622,14.55015],[120.57613,14.54943],[120.57567,14.54897],[120.57577,14.54879]],[[120.57926,14.5519],[120.57935,14.55199],[120.57926,14.55199],[120.57926,14.5519]],[[120.57559,14.54807],[120.5755,14.54815],[120.5755,14.54806],[120.57559,14.54807]],[[120.57149,14.56663],[120.5714,14.56654],[120.57149,14.56654],[120.57149,14.56663]],[[120.5733,14.54596],[120.57292,14.54596],[120.57293,14.54578],[120.5733,14.54578],[120.5733,14.54596]],[[120.57311,14.54623],[120.57338,14.54642],[120.5731,14.54641],[120.57311,14.54623]],[[120.57594,14.5497],[120.57604,14.54988],[120.57594,14.54988],[120.57594,14.5497]],[[120.57731,14.5517],[120.5775,14.55188],[120.57731,14.55188],[120.57731,14.5517]],[[120.58649,14.56074],[120.58603,14.56046],[120.58649,14.56056],[120.58649,14.56074]],[[120.59285,14.56442],[120.59295,14.56405],[120.59313,14.56406],[120.59304,14.56442],[120.59285,14.56442]],[[120.59285,14.56451],[120.59266,14.56459],[120.59239,14.56459],[120.59248,14.56441],[120.59285,14.56451]],[[120.59173,14.56504],[120.59257,14.56504],[120.59219,14.56585],[120.59164,14.56531],[120.59145,14.5653],[120.59173,14.56504]],[[120.58663,14.56516],[120.58672,14.56562],[120.5856,14.56597],[120.58532,14.56569],[120.58412,14.56568],[120.58431,14.56532],[120.58533,14.56488],[120.58607,14.56489],[120.58663,14.56516]],[[120.59293,14.56595],[120.59265,14.56595],[120.59265,14.5655],[120.59377,14.56497],[120.59368,14.56542],[120.59293,14.56595]],[[120.58801,14.56572],[120.58792,14.56581],[120.58792,14.56572],[120.58801,14.56572]],[[120.58161,14.56593],[120.58319,14.56585],[120.58337,14.56603],[120.58309,14.5663],[120.58253,14.56648],[120.58198,14.56647],[120.58198,14.56611],[120.58161,14.56593]],[[120.58068,14.56637],[120.58077,14.5661],[120.58105,14.56619],[120.58096,14.56637],[120.58068,14.56637]],[[120.57994,14.56636],[120.57994,14.56618],[120.5804,14.56618],[120.58031,14.56645],[120.57994,14.56636]],[[120.57177,14.567],[120.57196,14.56673],[120.57233,14.56673],[120.57204,14.567],[120.57177,14.567]],[[120.59273,14.56685],[120.59282,14.56694],[120.59273,14.56694],[120.59273,14.56685]]],[[[120.54877,14.54914],[120.54905,14.5496],[120.54923,14.5496],[120.54896,14.54914],[120.54877,14.54914]]],[[[120.54873,14.55303],[120.54882,14.55321],[120.54882,14.55303],[120.54873,14.55303]]],[[[120.54891,14.55339],[120.54882,14.55321],[120.54882,14.55339],[120.54891,14.55339]]],[[[120.549,14.55357],[120.54891,14.55339],[120.54891,14.55357],[120.549,14.55357]]],[[[120.54937,14.55403],[120.54965,14.55403],[120.54928,14.55384],[120.54937,14.55403]]],[[[120.54992,14.55439],[120.55039,14.5544],[120.55039,14.55431],[120.54974,14.55421],[120.54992,14.55439]]],[[[120.55066,14.55449],[120.55039,14.5544],[120.55038,14.55449],[120.55066,14.55449]]],[[[120.55094,14.55458],[120.55076,14.55449],[120.55075,14.55458],[120.55094,14.55458]]],[[[120.55437,14.55453],[120.55456,14.55462],[120.55456,14.55453],[120.55437,14.55453]]],[[[120.55094,14.55458],[120.55112,14.55468],[120.55113,14.55459],[120.55094,14.55458]]],[[[120.55437,14.55471],[120.55419,14.55462],[120.55419,14.55471],[120.55437,14.55471]]],[[[120.55381,14.55498],[120.55418,14.5548],[120.55419,14.55471],[120.55353,14.55488],[120.55381,14.55498]]],[[[120.55353,14.55506],[120.55196,14.55505],[120.55112,14.55468],[120.55122,14.55486],[120.55186,14.55514],[120.55353,14.55506]]],[[[120.55751,14.55583],[120.56057,14.55577],[120.5615,14.55551],[120.56076,14.5555],[120.56039,14.55568],[120.55844,14.55557],[120.55751,14.55583]]],[[[120.55308,14.57114],[120.55196,14.57104],[120.55196,14.57113],[120.55308,14.57114]]],[[[120.55196,14.57122],[120.55178,14.57113],[120.55178,14.57122],[120.55196,14.57122]]],[[[120.55372,14.57124],[120.55354,14.57114],[120.55354,14.57123],[120.55372,14.57124]]],[[[120.55484,14.57134],[120.5554,14.57107],[120.55493,14.57107],[120.55465,14.57125],[120.55372,14.57124],[120.55484,14.57134]]],[[[120.57122,14.50673],[120.57104,14.50664],[120.57103,14.50673],[120.57122,14.50673]]],[[[120.57076,14.50673],[120.57103,14.50682],[120.57103,14.50673],[120.57076,14.50673]]],[[[120.57048,14.50682],[120.57075,14.50691],[120.57075,14.50682],[120.57048,14.50682]]],[[[120.57048,14.50691],[120.56908,14.50698],[120.57047,14.507],[120.57048,14.50691]]],[[[120.56899,14.50698],[120.56769,14.50706],[120.56899,14.50707],[120.56899,14.50698]]],[[[120.5676,14.50715],[120.56723,14.50705],[120.56723,14.50714],[120.5676,14.50715]]],[[[120.56695,14.50714],[120.56713,14.50723],[120.56713,14.50714],[120.56695,14.50714]]],[[[120.56695,14.50732],[120.56676,14.50723],[120.56676,14.50732],[120.56695,14.50732]]],[[[120.56667,14.5075],[120.56648,14.50741],[120.56648,14.5075],[120.56667,14.5075]]],[[[120.56648,14.50759],[120.5663,14.50749],[120.5663,14.50758],[120.56648,14.50759]]],[[[120.56629,14.50768],[120.56611,14.50758],[120.56611,14.50767],[120.56629,14.50768]]],[[[120.56611,14.50776],[120.56592,14.50767],[120.56592,14.50776],[120.56611,14.50776]]],[[[120.56573,14.50803],[120.56555,14.50794],[120.56555,14.50803],[120.56573,14.50803]]],[[[120.57016,14.51061],[120.57081,14.5107],[120.57081,14.51061],[120.57016,14.51061]]],[[[120.56672,14.51147],[120.56653,14.51138],[120.56653,14.51147],[120.56672,14.51147]]],[[[120.56994,14.51313],[120.57096,14.51323],[120.57096,14.51314],[120.56994,14.51313]]],[[[120.56967,14.51322],[120.56994,14.51331],[120.56994,14.51322],[120.56967,14.51322]]],[[[120.56966,14.51331],[120.56938,14.51349],[120.56957,14.51349],[120.56966,14.51331]]],[[[120.56938,14.51358],[120.5692,14.51349],[120.5692,14.51358],[120.56938,14.51358]]],[[[120.56892,14.51357],[120.5692,14.51367],[120.5692,14.51358],[120.56892,14.51357]]],[[[120.56651,14.51373],[120.56539,14.51363],[120.56539,14.51372],[120.56651,14.51373]]],[[[120.56743,14.51374],[120.56706,14.51365],[120.56706,14.51374],[120.56743,14.51374]]],[[[120.56892,14.51376],[120.56845,14.51366],[120.56845,14.51375],[120.56892,14.51376]]],[[[120.56771,14.51374],[120.56817,14.51393],[120.56845,14.51375],[120.56771,14.51374]]],[[[120.56275,14.5183],[120.56284,14.51857],[120.56348,14.51876],[120.56348,14.51867],[120.56275,14.5183]]],[[[120.57108,14.51938],[120.5709,14.51929],[120.5709,14.51938],[120.57108,14.51938]]],[[[120.56597,14.52032],[120.56598,14.51978],[120.5657,14.51959],[120.56597,14.52032]]],[[[120.5696,14.52786],[120.56978,14.52777],[120.56979,14.5275],[120.56951,14.52758],[120.5696,14.52786]]],[[[120.57531,14.52259],[120.57791,14.52288],[120.57873,14.52361],[120.57882,14.52398],[120.57937,14.52461],[120.57954,14.52651],[120.58009,14.52715],[120.58138,14.52771],[120.58165,14.52834],[120.58183,14.52843],[120.58174,14.52861],[120.58035,14.52851],[120.58007,14.52878],[120.5796,14.52877],[120.57933,14.5285],[120.5784,14.52831],[120.57785,14.52785],[120.5773,14.52776],[120.57583,14.52657],[120.57574,14.52575],[120.57556,14.52557],[120.575,14.52538],[120.57426,14.52538],[120.57371,14.52483],[120.57362,14.52428],[120.57326,14.52383],[120.57159,14.52345],[120.57113,14.52317],[120.57011,14.52307],[120.56966,14.52235],[120.56911,14.52189],[120.56837,14.5217],[120.56698,14.52096],[120.56689,14.52078],[120.56597,14.52041],[120.56597,14.52059],[120.56643,14.52069],[120.56744,14.52142],[120.5692,14.52216],[120.56974,14.52307],[120.56993,14.52307],[120.57002,14.52325],[120.57104,14.52335],[120.57141,14.52363],[120.57187,14.52363],[120.57326,14.5241],[120.57352,14.52501],[120.57398,14.52546],[120.57546,14.52575],[120.57564,14.52665],[120.57683,14.52766],[120.57748,14.52803],[120.57776,14.52803],[120.57794,14.5283],[120.57859,14.52858],[120.57905,14.52859],[120.57979,14.52905],[120.58035,14.52878],[120.58192,14.52889],[120.58257,14.52907],[120.5834,14.52981],[120.58339,14.52999],[120.58495,14.53163],[120.58504,14.53199],[120.58568,14.53272],[120.5855,14.53272],[120.58531,14.53299],[120.58391,14.53324],[120.58252,14.53395],[120.58196,14.53404],[120.57919,14.53247],[120.57808,14.53237],[120.57789,14.53273],[120.57668,14.53299],[120.5765,14.5329],[120.5765,14.53272],[120.57576,14.53271],[120.57484,14.53207],[120.57373,14.53196],[120.5728,14.5315],[120.57206,14.5315],[120.57151,14.53104],[120.57095,14.53103],[120.57022,14.53048],[120.56725,14.53045],[120.56596,14.5299],[120.56486,14.52871],[120.56421,14.52852],[120.56348,14.52779],[120.56255,14.52742],[120.56191,14.52651],[120.56173,14.52651],[120.56155,14.52624],[120.56081,14.52614],[120.55989,14.52495],[120.55924,14.52477],[120.55897,14.52422],[120.55833,14.52376],[120.55833,14.5234],[120.55788,14.52268],[120.55788,14.52231],[120.55742,14.52168],[120.55419,14.52047],[120.55215,14.52063],[120.55187,14.52044],[120.54965,14.52042],[120.5491,14.51996],[120.54835,14.51996],[120.54779,14.5204],[120.54714,14.52049],[120.54677,14.52075],[120.54631,14.52075],[120.54585,14.5202],[120.54483,14.5201],[120.54428,14.51973],[120.54316,14.51981],[120.54269,14.52035],[120.54223,14.52061],[120.54019,14.52059],[120.53898,14.52031],[120.53667,14.52019],[120.53648,14.52037],[120.53656,14.52128],[120.53628,14.52173],[120.53498,14.52162],[120.53452,14.5218],[120.53349,14.52269],[120.5332,14.52314],[120.53264,14.52331],[120.5318,14.5243],[120.53143,14.52439],[120.53059,14.52501],[120.5303,14.52546],[120.53009,14.52771],[120.53028,14.52726],[120.53039,14.52555],[120.53068,14.5251],[120.53133,14.52475],[120.53152,14.52448],[120.53198,14.52439],[120.53264,14.5235],[120.5332,14.52332],[120.53376,14.52278],[120.53377,14.5226],[120.5347,14.52189],[120.53628,14.52191],[120.53675,14.52128],[120.53657,14.52074],[120.53666,14.52038],[120.53898,14.52049],[120.53917,14.52067],[120.54065,14.52087],[120.54195,14.52088],[120.54241,14.5208],[120.54325,14.51999],[120.54418,14.51991],[120.54464,14.52028],[120.54584,14.52047],[120.54621,14.52093],[120.54686,14.52093],[120.54733,14.52067],[120.54779,14.52067],[120.54798,14.5204],[120.54854,14.52014],[120.54909,14.52023],[120.54946,14.5206],[120.54983,14.52069],[120.55196,14.52072],[120.55215,14.5209],[120.55428,14.52074],[120.55742,14.52213],[120.55805,14.52403],[120.55869,14.5244],[120.55878,14.52476],[120.55906,14.52504],[120.55961,14.52513],[120.56062,14.52641],[120.56173,14.52687],[120.56227,14.52769],[120.56338,14.52815],[120.56375,14.5287],[120.56458,14.52907],[120.56467,14.52934],[120.56494,14.52943],[120.5654,14.52998],[120.56577,14.53008],[120.56632,14.53053],[120.56688,14.53054],[120.5678,14.53091],[120.56864,14.53092],[120.5692,14.53074],[120.5704,14.53085],[120.57077,14.5313],[120.57132,14.53131],[120.57197,14.53177],[120.5728,14.53186],[120.57326,14.53214],[120.57474,14.53234],[120.57529,14.53279],[120.57649,14.53326],[120.57751,14.53327],[120.57826,14.53301],[120.57835,14.53283],[120.57928,14.53293],[120.58057,14.53366],[120.58066,14.53384],[120.58103,14.53394],[120.58121,14.53421],[120.58205,14.53449],[120.58316,14.53432],[120.58372,14.53387],[120.58428,14.53388],[120.58465,14.53352],[120.58549,14.53335],[120.58614,14.533],[120.58688,14.53309],[120.58707,14.53292],[120.58763,14.53292],[120.58929,14.53366],[120.59076,14.53503],[120.59113,14.53513],[120.59159,14.53567],[120.59205,14.53586],[120.59259,14.53686],[120.59342,14.53768],[120.59379,14.5375],[120.59399,14.53669],[120.59426,14.53669],[120.59445,14.53688],[120.59435,14.53751],[120.59462,14.53769],[120.5948,14.53824],[120.5961,14.53897],[120.59637,14.53897],[120.59656,14.53916],[120.59767,14.53917],[120.59786,14.53899],[120.5986,14.53891],[120.59934,14.53919],[120.59961,14.53955],[120.60017,14.53956],[120.60054,14.5392],[120.60055,14.53902],[120.60088,14.5392],[120.60076,14.53896],[120.60085,14.53864],[120.60161,14.53794],[120.60139,14.53785],[120.6014,14.5374],[120.60094,14.53703],[120.59983,14.53675],[120.59936,14.5372],[120.59862,14.53746],[120.59833,14.53773],[120.59815,14.53764],[120.59806,14.53727],[120.59741,14.53736],[120.59639,14.53699],[120.59556,14.53698],[120.59538,14.5368],[120.59529,14.53616],[120.59455,14.53615],[120.59325,14.53578],[120.5927,14.53532],[120.59215,14.53514],[120.59197,14.53486],[120.5916,14.53477],[120.59114,14.53413],[120.59068,14.53413],[120.58837,14.53248],[120.58782,14.53229],[120.58597,14.53227],[120.58487,14.53109],[120.58468,14.53108],[120.58468,14.5309],[120.58431,14.53063],[120.58386,14.52981],[120.58303,14.5289],[120.58248,14.52862],[120.58211,14.52862],[120.58129,14.52744],[120.58,14.52688],[120.58,14.5267],[120.57963,14.52633],[120.57956,14.52462],[120.57837,14.52298],[120.57754,14.52261],[120.57513,14.5224],[120.57531,14.52259]],[[120.59473,14.53679],[120.59501,14.5367],[120.595,14.53715],[120.59472,14.53706],[120.59473,14.53679]]],[[[120.56555,14.53323],[120.56564,14.53342],[120.56564,14.53324],[120.56555,14.53323]]],[[[120.56583,14.5336],[120.56601,14.53387],[120.56601,14.53369],[120.56583,14.5336]]],[[[120.56601,14.53387],[120.56646,14.53505],[120.56647,14.53433],[120.56619,14.53387],[120.56601,14.53387]]],[[[120.56654,14.53596],[120.56663,14.53614],[120.56719,14.53614],[120.5671,14.53578],[120.56691,14.53596],[120.56654,14.53596]]],[[[120.56164,14.54313],[120.56145,14.54322],[120.56164,14.54322],[120.56164,14.54313]]],[[[120.56506,14.54452],[120.56598,14.54462],[120.56598,14.54453],[120.56506,14.54452]]],[[[120.56626,14.54463],[120.56608,14.54462],[120.56607,14.54471],[120.56635,14.54481],[120.56626,14.54463]]],[[[120.56654,14.5449],[120.56635,14.54481],[120.56635,14.5449],[120.56654,14.5449]]],[[[120.56783,14.54509],[120.56876,14.54519],[120.56876,14.5451],[120.56783,14.54509]]],[[[120.56755,14.54518],[120.56783,14.54527],[120.56783,14.54518],[120.56755,14.54518]]],[[[120.56876,14.54519],[120.56894,14.54529],[120.56894,14.5452],[120.56876,14.54519]]],[[[120.56755,14.54536],[120.56709,14.54527],[120.56709,14.54536],[120.56755,14.54536]]],[[[120.5695,14.54556],[120.57061,14.5453],[120.57071,14.54512],[120.56913,14.54538],[120.56903,14.54556],[120.5695,14.54556]]],[[[120.56605,14.54688],[120.56587,14.54679],[120.56587,14.54688],[120.56605,14.54688]]],[[[120.56405,14.55165],[120.56396,14.55156],[120.56377,14.55174],[120.56405,14.55165]]],[[[120.56349,14.55173],[120.56377,14.55183],[120.56377,14.55174],[120.56349,14.55173]]],[[[120.56321,14.55182],[120.56349,14.55191],[120.56349,14.55182],[120.56321,14.55182]]],[[[120.56321,14.55191],[120.56284,14.552],[120.56321,14.552],[120.56321,14.55191]]],[[[120.56256,14.552],[120.56284,14.55209],[120.56284,14.552],[120.56256,14.552]]],[[[120.56256,14.55218],[120.56238,14.55208],[120.56238,14.55217],[120.56256,14.55218]]],[[[120.56237,14.55226],[120.56219,14.55217],[120.56219,14.55226],[120.56237,14.55226]]],[[[120.56219,14.55235],[120.562,14.55226],[120.562,14.55235],[120.56219,14.55235]]],[[[120.56172,14.55235],[120.562,14.55244],[120.562,14.55235],[120.56172,14.55235]]],[[[120.56098,14.55243],[120.56172,14.55253],[120.56172,14.55244],[120.56098,14.55243]]],[[[120.5607,14.55252],[120.56098,14.55261],[120.56098,14.55252],[120.5607,14.55252]]],[[[120.56061,14.5527],[120.56042,14.55261],[120.56042,14.5527],[120.56061,14.5527]]],[[[120.57332,14.55238],[120.57285,14.55255],[120.57276,14.55273],[120.57201,14.55282],[120.57146,14.55308],[120.56719,14.5534],[120.56449,14.55427],[120.56291,14.55444],[120.56188,14.55488],[120.5616,14.55551],[120.56178,14.55542],[120.56197,14.55497],[120.56272,14.55462],[120.56467,14.55437],[120.56514,14.5541],[120.56588,14.55402],[120.567,14.55358],[120.57164,14.55317],[120.57183,14.553],[120.57266,14.55291],[120.57416,14.55203],[120.57341,14.5522],[120.57332,14.55238]]],[[[120.57064,14.55976],[120.57046,14.55967],[120.57045,14.55976],[120.57064,14.55976]]],[[[120.57036,14.55985],[120.57018,14.55975],[120.57018,14.55984],[120.57036,14.55985]]],[[[120.56887,14.56037],[120.56869,14.56028],[120.56869,14.56037],[120.56887,14.56037]]],[[[120.56255,14.5613],[120.56236,14.56166],[120.56236,14.56184],[120.56264,14.56184],[120.56283,14.56167],[120.56283,14.56139],[120.56255,14.5613]]],[[[120.56848,14.57067],[120.56922,14.57059],[120.56839,14.57058],[120.56801,14.57084],[120.56829,14.57085],[120.56848,14.57067]]],[[[120.57006,14.57077],[120.57024,14.57087],[120.57024,14.57069],[120.57006,14.57077]]],[[[120.56746,14.57093],[120.56801,14.57084],[120.56746,14.57084],[120.56746,14.57093]]],[[[120.57005,14.57096],[120.56959,14.57086],[120.56959,14.57095],[120.57005,14.57096]]],[[[120.56718,14.5712],[120.5669,14.57137],[120.56708,14.57138],[120.56718,14.5712]]],[[[120.56383,14.57188],[120.56392,14.57198],[120.56392,14.57179],[120.56383,14.57188]]],[[[120.57318,14.50594],[120.5756,14.50479],[120.57589,14.50398],[120.5756,14.50452],[120.57504,14.50497],[120.57458,14.50505],[120.57392,14.5055],[120.57281,14.50585],[120.57225,14.5062],[120.57318,14.50594]]],[[[120.57141,14.50655],[120.57169,14.50656],[120.57225,14.5062],[120.57197,14.5062],[120.57141,14.50655]]],[[[120.57141,14.50664],[120.57122,14.50655],[120.57122,14.50664],[120.57141,14.50664]]],[[[120.58085,14.50774],[120.58002,14.50764],[120.579,14.50799],[120.5775,14.50869],[120.57741,14.50906],[120.57974,14.50781],[120.58076,14.50782],[120.58113,14.50819],[120.58085,14.50774]]],[[[120.57434,14.50975],[120.57452,14.50984],[120.57453,14.50975],[120.57434,14.50975]]],[[[120.57406,14.50983],[120.57434,14.50993],[120.57434,14.50984],[120.57406,14.50983]]],[[[120.57489,14.50993],[120.57452,14.50984],[120.57452,14.50993],[120.57489,14.50993]]],[[[120.57656,14.51004],[120.57666,14.50977],[120.57647,14.50986],[120.57656,14.51004]]],[[[120.57406,14.50992],[120.57369,14.51001],[120.57406,14.51001],[120.57406,14.50992]]],[[[120.57508,14.51002],[120.57489,14.50993],[120.57489,14.51002],[120.57508,14.51002]]],[[[120.57536,14.51012],[120.57508,14.51002],[120.57508,14.51012],[120.57536,14.51012]]],[[[120.57582,14.50994],[120.57563,14.51021],[120.57619,14.50995],[120.57582,14.50994]]],[[[120.57359,14.51019],[120.57341,14.5101],[120.57341,14.51019],[120.57359,14.51019]]],[[[120.57331,14.51037],[120.57313,14.51028],[120.57313,14.51037],[120.57331,14.51037]]],[[[120.57313,14.51046],[120.57294,14.51036],[120.57294,14.51045],[120.57313,14.51046]]],[[[120.57238,14.51054],[120.57294,14.51045],[120.57238,14.51045],[120.57238,14.51054]]],[[[120.57238,14.51054],[120.57201,14.51063],[120.57238,14.51063],[120.57238,14.51054]]],[[[120.57173,14.51071],[120.57136,14.51062],[120.57136,14.51071],[120.57173,14.51071]]],[[[120.57099,14.5108],[120.57127,14.51071],[120.57099,14.51071],[120.57099,14.5108]]],[[[120.57489,14.51066],[120.5745,14.51174],[120.57469,14.51174],[120.57488,14.51084],[120.57535,14.51048],[120.57489,14.51066]]],[[[120.57422,14.51191],[120.57395,14.51182],[120.57395,14.51191],[120.57422,14.51191]]],[[[120.57311,14.51226],[120.57329,14.51236],[120.57395,14.51191],[120.57367,14.51191],[120.57311,14.51226]]],[[[120.57311,14.51235],[120.57171,14.51279],[120.57096,14.51314],[120.57264,14.51271],[120.57311,14.51235]]],[[[120.57789,14.51584],[120.57798,14.51602],[120.57872,14.51603],[120.57872,14.51593],[120.57789,14.51584]]],[[[120.57752,14.51601],[120.57733,14.51592],[120.57733,14.51601],[120.57752,14.51601]]],[[[120.57705,14.5161],[120.57678,14.51601],[120.57677,14.5161],[120.57705,14.5161]]],[[[120.58095,14.51596],[120.57937,14.51612],[120.57882,14.51603],[120.57918,14.51621],[120.58058,14.51623],[120.58095,14.51596]]],[[[120.57173,14.51957],[120.57182,14.51975],[120.57182,14.51957],[120.57173,14.51957]]],[[[120.57237,14.52039],[120.57255,14.52039],[120.57256,14.5203],[120.57228,14.5202],[120.57237,14.52039]]],[[[120.57366,14.52139],[120.57338,14.52103],[120.5732,14.52103],[120.57347,14.52139],[120.57366,14.52139]]],[[[120.57393,14.52158],[120.57375,14.52148],[120.57375,14.52158],[120.57393,14.52158]]],[[[120.57439,14.52194],[120.5743,14.52176],[120.57412,14.52176],[120.57421,14.52194],[120.57439,14.52194]]],[[[120.57467,14.52204],[120.57448,14.52203],[120.57448,14.52212],[120.57476,14.52222],[120.57467,14.52204]]],[[[120.57884,14.52226],[120.57875,14.52208],[120.57875,14.52226],[120.57884,14.52226]]],[[[120.57476,14.52222],[120.57494,14.52231],[120.57495,14.52222],[120.57476,14.52222]]],[[[120.57494,14.52231],[120.57513,14.5224],[120.57513,14.52231],[120.57494,14.52231]]],[[[120.57886,14.53771],[120.57895,14.53753],[120.57867,14.53753],[120.57867,14.53771],[120.57886,14.53771]]],[[[120.57969,14.53754],[120.58006,14.53781],[120.58025,14.53781],[120.58007,14.53754],[120.57969,14.53754]]],[[[120.58127,14.53792],[120.58108,14.53782],[120.58108,14.53791],[120.58127,14.53792]]],[[[120.58108,14.538],[120.5809,14.53791],[120.58089,14.538],[120.58108,14.538]]],[[[120.58062,14.538],[120.58089,14.53809],[120.58089,14.538],[120.58062,14.538]]],[[[120.57138,14.54278],[120.57148,14.54269],[120.5712,14.54242],[120.57138,14.54278]]],[[[120.57978,14.54666],[120.57996,14.54676],[120.57997,14.54667],[120.57978,14.54666]]],[[[120.58089,14.54676],[120.58006,14.54685],[120.58108,14.54695],[120.58089,14.54676]]],[[[120.5776,14.55053],[120.57752,14.55025],[120.57724,14.55025],[120.57733,14.55061],[120.5776,14.55053]]],[[[120.57434,14.55203],[120.57416,14.55194],[120.57416,14.55203],[120.57434,14.55203]]],[[[120.57139,14.55913],[120.57167,14.55923],[120.57167,14.55914],[120.57139,14.55913]]],[[[120.57973,14.56798],[120.57964,14.56843],[120.57973,14.56844],[120.57973,14.56798]]],[[[120.5787,14.56924],[120.57851,14.5696],[120.57851,14.56996],[120.57879,14.56933],[120.57926,14.56888],[120.57907,14.56888],[120.5787,14.56924]]],[[[120.57832,14.57005],[120.57804,14.57013],[120.57804,14.57023],[120.57832,14.57023],[120.57832,14.57005]]],[[[120.57869,14.57032],[120.5786,14.57014],[120.57859,14.57032],[120.57869,14.57032]]],[[[120.57804,14.57023],[120.57776,14.5704],[120.57794,14.5704],[120.57804,14.57023]]],[[[120.57247,14.57089],[120.57126,14.5707],[120.57089,14.57042],[120.57043,14.57042],[120.57117,14.57079],[120.57173,14.57079],[120.57191,14.57097],[120.57247,14.57089]]],[[[120.57776,14.5704],[120.57609,14.57075],[120.57571,14.57101],[120.57599,14.57102],[120.57618,14.57084],[120.57692,14.57085],[120.57766,14.57058],[120.57776,14.5704]]],[[[120.57247,14.5708],[120.57284,14.57071],[120.57247,14.57071],[120.57247,14.5708]]],[[[120.57533,14.57164],[120.57562,14.57128],[120.57562,14.5711],[120.57534,14.57128],[120.57533,14.57164]]],[[[120.57403,14.5719],[120.57302,14.5709],[120.57302,14.57108],[120.57348,14.57153],[120.57385,14.5719],[120.57403,14.5719]]],[[[120.57515,14.57173],[120.57533,14.57182],[120.57533,14.57164],[120.57515,14.57173]]],[[[120.57403,14.5719],[120.57505,14.572],[120.57515,14.57182],[120.57496,14.57191],[120.57403,14.5719]]],[[[120.58059,14.57423],[120.58041,14.57413],[120.58041,14.57422],[120.58059,14.57423]]],[[[120.59352,14.5113],[120.59249,14.51219],[120.59174,14.51246],[120.59221,14.51246],[120.59286,14.51211],[120.59352,14.51148],[120.59352,14.5113]]],[[[120.58906,14.51234],[120.59073,14.51217],[120.58878,14.51206],[120.58878,14.51224],[120.58906,14.51234]]],[[[120.58776,14.51232],[120.58711,14.51223],[120.58702,14.51241],[120.58776,14.51232]]],[[[120.58358,14.51273],[120.58386,14.51283],[120.58386,14.51274],[120.58358,14.51273]]],[[[120.59674,14.51404],[120.59655,14.51395],[120.59655,14.51404],[120.59674,14.51404]]],[[[120.59757,14.51396],[120.59739,14.51396],[120.59738,14.51414],[120.59766,14.51414],[120.59757,14.51396]]],[[[120.59989,14.51435],[120.60007,14.51435],[120.60007,14.51417],[120.59989,14.51416],[120.59989,14.51435]]],[[[120.60053,14.51462],[120.60044,14.5148],[120.60062,14.51508],[120.60108,14.51499],[120.60081,14.51463],[120.60053,14.51462]]],[[[120.58151,14.51578],[120.58253,14.51579],[120.5829,14.51598],[120.58373,14.5159],[120.58438,14.51617],[120.58503,14.51618],[120.58382,14.5159],[120.58346,14.51562],[120.58179,14.51561],[120.58095,14.51596],[120.58132,14.51596],[120.58151,14.51578]]],[[[120.5854,14.51646],[120.5854,14.51618],[120.58521,14.51618],[120.5854,14.51646]]],[[[120.58558,14.51646],[120.58549,14.51664],[120.58567,14.51682],[120.58622,14.51701],[120.58558,14.51646]]],[[[120.5865,14.5171],[120.58622,14.51701],[120.58622,14.5171],[120.5865,14.5171]]],[[[120.60261,14.51934],[120.60364,14.51872],[120.60392,14.51827],[120.6043,14.51819],[120.60467,14.51819],[120.60466,14.51837],[120.60429,14.51846],[120.6041,14.51882],[120.60438,14.51909],[120.60475,14.51918],[120.60475,14.519],[120.60503,14.51901],[120.60513,14.51828],[120.60532,14.5182],[120.60689,14.51794],[120.60855,14.51805],[120.60856,14.51787],[120.60699,14.51767],[120.60606,14.51775],[120.60532,14.51801],[120.60411,14.518],[120.60383,14.51809],[120.60299,14.51889],[120.60197,14.51897],[120.60142,14.51861],[120.6003,14.51851],[120.59985,14.51805],[120.59967,14.51732],[120.59762,14.51776],[120.59679,14.51775],[120.59539,14.51827],[120.59456,14.51836],[120.59382,14.51799],[120.59336,14.51753],[120.59271,14.51752],[120.59206,14.51779],[120.59122,14.51787],[120.59002,14.51759],[120.58864,14.51685],[120.58669,14.5171],[120.58678,14.51746],[120.58705,14.51747],[120.58733,14.5172],[120.58863,14.51703],[120.58983,14.51768],[120.59104,14.51805],[120.59187,14.51806],[120.59261,14.51779],[120.59308,14.5178],[120.59372,14.51808],[120.59428,14.51853],[120.59539,14.51855],[120.59669,14.51802],[120.59948,14.51768],[120.59966,14.51814],[120.60039,14.51878],[120.60151,14.51888],[120.60206,14.51934],[120.60261,14.51934]]],[[[120.60743,14.51948],[120.60763,14.51831],[120.60661,14.51839],[120.60633,14.51848],[120.60624,14.51884],[120.60642,14.51893],[120.60651,14.51929],[120.60688,14.51912],[120.60725,14.51948],[120.60743,14.51948]]],[[[120.58963,14.51948],[120.58981,14.51957],[120.58981,14.51948],[120.58963,14.51948]]],[[[120.58907,14.51975],[120.58925,14.51984],[120.58925,14.51975],[120.58907,14.51975]]],[[[120.58879,14.51983],[120.58907,14.51993],[120.58907,14.51984],[120.58879,14.51983]]],[[[120.58814,14.52001],[120.58879,14.51992],[120.58814,14.51992],[120.58814,14.52001]]],[[[120.5935,14.52133],[120.59378,14.52133],[120.59378,14.52106],[120.59341,14.52115],[120.5935,14.52133]]],[[[120.60219,14.52395],[120.60201,14.52412],[120.60219,14.52422],[120.60219,14.52395]]],[[[120.5943,14.5245],[120.59412,14.52431],[120.59412,14.5245],[120.5943,14.5245]]],[[[120.59523,14.52424],[120.59542,14.52406],[120.59477,14.52405],[120.59504,14.52514],[120.59532,14.52532],[120.5955,14.52514],[120.59551,14.52469],[120.59523,14.52424]]],[[[120.59085,14.52645],[120.59122,14.52654],[120.59132,14.52618],[120.59095,14.52618],[120.59085,14.52645]]],[[[120.60003,14.52672],[120.60022,14.52655],[120.60003,14.52654],[120.60003,14.52672]]],[[[120.59965,14.52799],[120.59948,14.52627],[120.59771,14.52643],[120.59788,14.52797],[120.59965,14.52799]]],[[[120.59251,14.52719],[120.59196,14.52682],[120.59196,14.52709],[120.59232,14.52746],[120.59251,14.52746],[120.59251,14.52719]]],[[[120.59715,14.52688],[120.59734,14.52688],[120.59753,14.52661],[120.59586,14.52659],[120.59576,14.5274],[120.59594,14.52777],[120.59714,14.52778],[120.59733,14.52796],[120.59715,14.52688]]],[[[120.60336,14.52721],[120.60318,14.52721],[120.60318,14.52739],[120.60345,14.52739],[120.60336,14.52721]]],[[[120.60234,14.52783],[120.60215,14.52765],[120.60215,14.52783],[120.60234,14.52783]]],[[[120.60566,14.5294],[120.60418,14.52875],[120.60436,14.52912],[120.6051,14.52949],[120.60575,14.52958],[120.60566,14.5294]]],[[[120.5988,14.52942],[120.59833,14.52951],[120.59842,14.52996],[120.59879,14.52969],[120.5988,14.52942]]],[[[120.59822,14.53158],[120.59832,14.53059],[120.59823,14.53059],[120.59822,14.53158]]],[[[120.59487,14.53173],[120.59487,14.53209],[120.59552,14.5321],[120.59543,14.53165],[120.59487,14.53173]]],[[[120.60321,14.53281],[120.60349,14.5329],[120.60349,14.53281],[120.60321,14.53281]]],[[[120.59523,14.533],[120.59533,14.53282],[120.59496,14.53282],[120.59495,14.533],[120.59523,14.533]]],[[[120.5944,14.53272],[120.59375,14.53289],[120.59375,14.53307],[120.5943,14.53317],[120.5944,14.53272]]],[[[120.58174,14.53738],[120.58192,14.53756],[120.58238,14.53766],[120.58211,14.53738],[120.58174,14.53738]]],[[[120.58422,14.53921],[120.5845,14.53912],[120.58413,14.53903],[120.58422,14.53921]]],[[[120.58468,14.53994],[120.58494,14.54093],[120.58513,14.54103],[120.58486,14.54003],[120.58468,14.53994]]],[[[120.58577,14.54167],[120.58576,14.54239],[120.58604,14.54239],[120.58614,14.54176],[120.58577,14.54167]]],[[[120.59744,14.54341],[120.59782,14.54224],[120.59773,14.54206],[120.59745,14.54206],[120.59708,14.5426],[120.59707,14.54332],[120.59744,14.54341]]],[[[120.59854,14.54415],[120.59845,14.54396],[120.59845,14.54415],[120.59854,14.54415]]],[[[120.59533,14.54944],[120.5946,14.5488],[120.59423,14.54871],[120.59404,14.54844],[120.59349,14.54825],[120.59322,14.5478],[120.59313,14.54698],[120.59231,14.54589],[120.59176,14.54561],[120.59065,14.54542],[120.58962,14.5455],[120.58926,14.54523],[120.5887,14.54522],[120.58842,14.54504],[120.58722,14.54502],[120.58658,14.5442],[120.58602,14.54393],[120.58631,14.54312],[120.58613,14.54311],[120.58594,14.54338],[120.58557,14.54338],[120.58565,14.54392],[120.58657,14.54447],[120.58685,14.54511],[120.58749,14.5453],[120.58824,14.54521],[120.58851,14.5454],[120.58916,14.5454],[120.58953,14.54577],[120.59083,14.54569],[120.59203,14.54607],[120.59276,14.54689],[120.59302,14.54843],[120.59339,14.5487],[120.59386,14.5488],[120.59413,14.54934],[120.59477,14.54971],[120.59505,14.55016],[120.59542,14.55008],[120.59533,14.54944]]],[[[120.58793,14.54774],[120.5896,14.54776],[120.5896,14.54767],[120.58812,14.54747],[120.58775,14.54774],[120.58747,14.54774],[120.58737,14.54792],[120.58774,14.54792],[120.58793,14.54774]]],[[[120.59053,14.54795],[120.59089,14.54813],[120.59117,14.54814],[120.5909,14.54777],[120.59053,14.54777],[120.59053,14.54795]]],[[[120.58394,14.54806],[120.58375,14.54797],[120.58375,14.54806],[120.58394,14.54806]]],[[[120.58663,14.54809],[120.58542,14.54808],[120.58542,14.54817],[120.58663,14.54809]]],[[[120.5844,14.54816],[120.58477,14.54807],[120.5844,14.54807],[120.5844,14.54816]]],[[[120.58505,14.54825],[120.58487,14.54816],[120.58486,14.54825],[120.58505,14.54825]]],[[[120.59182,14.54841],[120.59163,14.54841],[120.59163,14.5485],[120.59191,14.5486],[120.59182,14.54841]]],[[[120.59191,14.54869],[120.592,14.54878],[120.59228,14.54878],[120.59219,14.5486],[120.59191,14.54869]]],[[[120.59822,14.54848],[120.59784,14.54875],[120.59757,14.54874],[120.59738,14.54901],[120.59794,14.54893],[120.59831,14.54866],[120.59822,14.54848]]],[[[120.5982,14.55002],[120.59839,14.54984],[120.59839,14.54975],[120.59811,14.54983],[120.5982,14.55002]]],[[[120.59755,14.55055],[120.59754,14.55073],[120.59764,14.55046],[120.59755,14.55055]]],[[[120.59736,14.55082],[120.59736,14.551],[120.59745,14.55073],[120.59736,14.55082]]],[[[120.59605,14.55189],[120.59568,14.55162],[120.59523,14.5508],[120.59467,14.55052],[120.59459,14.54989],[120.59412,14.54979],[120.59394,14.54952],[120.5932,14.54951],[120.59274,14.54915],[120.59283,14.5496],[120.59366,14.54988],[120.59393,14.55051],[120.5943,14.55052],[120.59439,14.55097],[120.59467,14.55097],[120.59494,14.5517],[120.59493,14.55224],[120.5952,14.55269],[120.59585,14.55261],[120.59604,14.55234],[120.59605,14.55189]]],[[[120.59116,14.5663],[120.59042,14.56602],[120.59051,14.56656],[120.59116,14.56675],[120.59116,14.5663]]],[[[120.59078,14.56738],[120.5904,14.56773],[120.59049,14.56791],[120.59105,14.56756],[120.59096,14.56738],[120.59078,14.56738]]],[[[120.58309,14.57498],[120.58207,14.57506],[120.58364,14.57534],[120.58309,14.57498]]],[[[120.58383,14.57553],[120.5841,14.57544],[120.58364,14.57534],[120.58383,14.57553]]],[[[120.5841,14.57553],[120.58429,14.57562],[120.58429,14.57553],[120.5841,14.57553]]],[[[120.58771,14.5762],[120.58744,14.57601],[120.58503,14.5759],[120.58521,14.57608],[120.58642,14.57618],[120.58724,14.57683],[120.5878,14.57683],[120.58771,14.5762]]],[[[120.58974,14.57739],[120.59151,14.57723],[120.59002,14.57722],[120.58947,14.57712],[120.5891,14.57684],[120.58836,14.57684],[120.58854,14.57702],[120.589,14.57702],[120.58974,14.57739]]]]}}]}
